# Blender 4.5.3 LTS
# www.blender.org
mtllib teapot.mtl
o teapot
v 0.000000 0.690115 -1.150192
v 0.031055 0.690115 -1.146971
v -0.031055 0.690115 -1.146971
v 0.000000 0.638802 -1.146147
v 0.000000 0.736870 -1.144441
v 0.000000 0.736870 -1.144441
v 0.031055 0.639447 -1.142974
v -0.031055 0.639447 -1.142974
v 0.031055 0.736216 -1.141254
v -0.031055 0.736216 -1.141254
v 0.055209 0.690115 -1.138230
v -0.055209 0.690115 -1.138230
v 0.055209 0.641196 -1.134362
v -0.055209 0.641196 -1.134362
v 0.000000 0.588438 -1.133936
v 0.000000 0.588438 -1.133936
v 0.055209 0.734439 -1.132602
v -0.055209 0.734439 -1.132602
v 0.031055 0.589584 -1.130904
v -0.031055 0.589584 -1.130904
v 0.000000 0.774309 -1.127188
v 0.072462 0.690115 -1.125348
v -0.072462 0.690115 -1.125348
v -0.031055 0.773131 -1.124105
v 0.031055 0.773131 -1.124105
v 0.055209 0.592696 -1.122675
v -0.055209 0.592696 -1.122675
v 0.072462 0.643774 -1.121671
v -0.072462 0.643774 -1.121671
v 0.072462 0.731821 -1.119853
v -0.072462 0.731821 -1.119853
v 0.055209 0.769931 -1.115736
v -0.055209 0.769931 -1.115736
v 0.000000 0.539109 -1.113443
v 0.000000 0.539109 -1.113443
v -0.031055 0.540642 -1.110643
v 0.031055 0.540642 -1.110643
v 0.072462 0.597283 -1.110549
v -0.072462 0.597283 -1.110549
v 0.082814 0.690115 -1.109705
v -0.082814 0.690115 -1.109705
v 0.082814 0.646905 -1.106261
v -0.082814 0.646905 -1.106261
v 0.082814 0.728641 -1.104372
v -0.082814 0.728641 -1.104372
v 0.072462 0.765216 -1.103404
v -0.072462 0.765216 -1.103404
v 0.055209 0.544802 -1.103042
v -0.055209 0.544802 -1.103042
v 0.000000 0.803466 -1.098433
v -0.082814 0.602852 -1.095824
v 0.082814 0.602852 -1.095824
v 0.031055 0.801880 -1.095532
v -0.031055 0.801880 -1.095532
v 0.086264 0.690115 -1.092682
v -0.086264 0.690115 -1.092682
v -0.072462 0.550932 -1.091841
v 0.072462 0.550932 -1.091841
v -0.086264 0.650311 -1.089490
v 0.086264 0.650311 -1.089490
v 0.082814 0.759491 -1.088429
v -0.082814 0.759491 -1.088429
v 0.055209 0.797572 -1.087655
v -0.055209 0.797572 -1.087655
v 0.086264 0.725182 -1.087525
v -0.086264 0.725182 -1.087525
v 0.000000 0.490902 -1.084554
v 0.031055 0.492731 -1.082072
v -0.031055 0.492731 -1.082072
v 0.086264 0.608912 -1.079800
v -0.086264 0.608912 -1.079800
v -0.082814 0.558376 -1.078240
v 0.082814 0.558376 -1.078240
v 0.072462 0.791225 -1.076048
v -0.072462 0.791225 -1.076048
v 0.082814 0.690115 -1.075659
v -0.082814 0.690115 -1.075659
v 0.055209 0.497696 -1.075335
v -0.055209 0.497696 -1.075335
v 0.082814 0.653718 -1.072720
v -0.082814 0.653718 -1.072720
v -0.086264 0.753261 -1.072132
v 0.086264 0.753261 -1.072132
v 0.082814 0.721722 -1.070679
v -0.082814 0.721722 -1.070679
v 0.072462 0.505013 -1.065408
v -0.072462 0.505013 -1.065408
v -0.082814 0.614972 -1.063776
v 0.082814 0.614972 -1.063776
v -0.086264 0.566477 -1.063439
v 0.086264 0.566477 -1.063439
v 0.082814 0.783517 -1.061954
v -0.082814 0.783517 -1.061954
v 0.072462 0.690115 -1.060017
v -0.072462 0.690115 -1.060017
v 0.000000 0.825378 -1.058176
v 0.000000 0.825378 -1.058176
v 0.072462 0.656848 -1.057310
v -0.072462 0.656848 -1.057310
v 0.082814 0.747030 -1.055835
v -0.082814 0.747030 -1.055835
v 0.031055 0.823484 -1.055540
v -0.031055 0.823484 -1.055540
v 0.072462 0.718542 -1.055197
v -0.072462 0.718542 -1.055197
v 0.082814 0.513898 -1.053352
v -0.082814 0.513898 -1.053352
v 0.072462 0.620540 -1.049051
v -0.072462 0.620540 -1.049051
v -0.082814 0.574578 -1.048637
v 0.082814 0.574578 -1.048637
v 0.055209 0.818344 -1.048384
v -0.055209 0.818344 -1.048384
v 0.000000 0.443902 -1.047154
v 0.000000 0.443902 -1.047154
v 0.055209 0.690115 -1.047135
v -0.055209 0.690115 -1.047135
v 0.086264 0.775128 -1.046617
v -0.086264 0.775128 -1.046617
v -0.031055 0.445965 -1.045074
v 0.031055 0.445965 -1.045074
v 0.055209 0.659426 -1.044618
v -0.055209 0.659426 -1.044618
v 0.055209 0.715924 -1.042449
v -0.055209 0.715924 -1.042449
v 0.072462 0.741305 -1.040860
v -0.072462 0.741305 -1.040860
v 0.086264 0.523567 -1.040233
v -0.086264 0.523567 -1.040233
v 0.055209 0.451565 -1.039428
v -0.055209 0.451565 -1.039428
v 0.031055 0.690115 -1.038393
v -0.031055 0.690115 -1.038393
v 0.072462 0.810769 -1.037837
v -0.072462 0.810769 -1.037837
v 0.055209 0.625127 -1.036925
v -0.055209 0.625127 -1.036925
v 0.031055 0.661176 -1.036006
v -0.031055 0.661176 -1.036006
v 0.000000 0.690115 -1.035173
v -0.072462 0.582021 -1.035036
v 0.072462 0.582021 -1.035036
v 0.031055 0.714147 -1.033797
v -0.031055 0.714147 -1.033797
v 0.000000 0.661820 -1.032834
v 0.082814 0.766740 -1.031280
v -0.082814 0.766740 -1.031280
v 0.072462 0.459818 -1.031108
v -0.072462 0.459818 -1.031108
v 0.000000 0.713493 -1.030610
v 0.000000 0.713493 -1.030610
v 0.031055 0.628239 -1.028696
v -0.031055 0.628239 -1.028696
v 0.055209 0.736590 -1.028528
v -0.055209 0.736590 -1.028528
v 0.082814 0.533236 -1.027114
v -0.082814 0.533236 -1.027114
v 0.000000 0.629385 -1.025664
v 0.000000 0.629385 -1.025664
v 0.082814 0.801571 -1.025031
v -0.082814 0.801571 -1.025031
v 0.055209 0.588152 -1.023835
v -0.055209 0.588152 -1.023835
v 0.082814 0.469839 -1.021006
v -0.082814 0.469839 -1.021006
v -0.031055 0.733391 -1.020159
v 0.031055 0.733391 -1.020159
v 0.072462 0.759033 -1.017185
v -0.072462 0.759033 -1.017185
v 0.000000 0.732212 -1.017076
v 0.000000 0.732212 -1.017076
v -0.031055 0.592312 -1.016234
v 0.031055 0.592312 -1.016234
v 0.072462 0.542121 -1.015059
v -0.072462 0.542121 -1.015059
v 0.000000 0.593844 -1.013434
v 0.086264 0.791562 -1.011095
v -0.086264 0.791562 -1.011095
v -0.086264 0.480744 -1.010012
v 0.086264 0.480744 -1.010012
v 0.000000 0.841078 -1.006418
v 0.055209 0.752685 -1.005579
v -0.055209 0.752685 -1.005579
v 0.055209 0.549438 -1.005131
v -0.055209 0.549438 -1.005131
v 0.031055 0.838964 -1.004137
v -0.031055 0.838964 -1.004137
v 0.000000 0.398196 -1.001127
v 0.000000 0.398196 -1.001127
v -0.031055 0.400457 -0.999530
v 0.031055 0.400457 -0.999530
v 0.082814 0.491649 -0.999018
v -0.082814 0.491649 -0.999018
v 0.031055 0.554404 -0.998395
v -0.031055 0.554404 -0.998395
v 0.055209 0.833228 -0.997945
v -0.055209 0.833228 -0.997945
v 0.031055 0.748378 -0.997702
v -0.031055 0.748378 -0.997702
v 0.082814 0.781553 -0.997159
v -0.082814 0.781553 -0.997159
v 0.000000 0.556233 -0.995913
v 0.055209 0.406594 -0.995194
v -0.055209 0.406594 -0.995194
v 0.000000 0.746791 -0.994801
v 0.072462 0.501671 -0.988916
v -0.072462 0.501671 -0.988916
v 0.072462 0.824774 -0.988820
v -0.072462 0.824774 -0.988820
v 0.072462 0.415637 -0.988804
v -0.072462 0.415637 -0.988804
v 0.072462 0.772355 -0.984353
v -0.072462 0.772355 -0.984353
v -0.082814 0.426618 -0.981045
v 0.082814 0.426618 -0.981045
v 0.055209 0.509923 -0.980596
v -0.055209 0.509923 -0.980596
v 0.082814 0.814508 -0.977740
v -0.082814 0.814508 -0.977740
v -0.031055 0.515523 -0.974950
v 0.031055 0.515523 -0.974950
v 0.055209 0.764780 -0.973807
v -0.055209 0.764780 -0.973807
v 0.000000 0.517586 -0.972870
v 0.000000 0.517586 -0.972870
v -0.086264 0.438568 -0.972602
v 0.086264 0.438568 -0.972602
v 0.031055 0.759640 -0.966651
v -0.031055 0.759640 -0.966651
v 0.086264 0.803337 -0.965682
v -0.086264 0.803337 -0.965682
v -0.082814 0.450518 -0.964159
v 0.082814 0.450518 -0.964159
v 0.000000 0.757746 -0.964014
v 0.000000 0.757746 -0.964014
v 0.072462 0.461499 -0.956400
v -0.072462 0.461499 -0.956400
v 0.082814 0.792166 -0.953624
v -0.082814 0.792166 -0.953624
v 0.055209 0.470543 -0.950010
v -0.055209 0.470543 -0.950010
v 0.000000 0.353871 -0.946359
v -0.031055 0.476679 -0.945675
v 0.031055 0.476679 -0.945675
v 0.031055 0.356320 -0.945321
v -0.031055 0.356320 -0.945321
v 0.000000 0.478940 -0.944077
v 0.000000 0.478940 -0.944077
v 0.000000 0.851602 -0.943157
v 0.000000 0.851602 -0.943157
v 0.072462 0.781900 -0.942544
v -0.072462 0.781900 -0.942544
v 0.055209 0.362966 -0.942505
v -0.055209 0.362966 -0.942505
v 0.031055 0.849341 -0.941328
v -0.031055 0.849341 -0.941328
v -0.072462 0.372762 -0.938355
v 0.072462 0.372762 -0.938355
v 0.055209 0.843205 -0.936363
v -0.055209 0.843205 -0.936363
v 0.055209 0.773446 -0.933419
v -0.055209 0.773446 -0.933419
v 0.082814 0.384656 -0.933315
v -0.082814 0.384656 -0.933315
v 0.072462 0.834161 -0.929046
v -0.072462 0.834161 -0.929046
v 0.086264 0.397600 -0.927831
v -0.086264 0.397600 -0.927831
v 0.031055 0.767710 -0.927227
v -0.031055 0.767710 -0.927227
v 0.000000 0.765596 -0.924946
v 0.000000 0.765596 -0.924946
v 0.082814 0.410543 -0.922347
v -0.082814 0.410543 -0.922347
v 0.082814 0.823180 -0.920161
v -0.082814 0.823180 -0.920161
v 0.072462 0.422438 -0.917307
v -0.072462 0.422438 -0.917307
v 0.055209 0.432233 -0.913157
v -0.055209 0.432233 -0.913157
v 0.086264 0.811230 -0.910492
v -0.086264 0.811230 -0.910492
v -0.031055 0.438880 -0.910341
v 0.031055 0.438880 -0.910341
v 0.000000 0.441329 -0.909303
v 0.082814 0.799280 -0.900823
v -0.082814 0.799280 -0.900823
v 0.072462 0.788299 -0.891938
v -0.072462 0.788299 -0.891938
v 0.055209 0.779256 -0.884621
v -0.055209 0.779256 -0.884621
v 0.000000 0.311012 -0.882734
v 0.000000 0.311012 -0.882734
v -0.031055 0.313666 -0.882330
v 0.031055 0.313666 -0.882330
v -0.055209 0.320869 -0.881235
v 0.055209 0.320869 -0.881235
v 0.031055 0.773119 -0.879655
v -0.031055 0.773119 -0.879655
v -0.072462 0.331483 -0.879620
v 0.072462 0.331483 -0.879620
v 0.000000 0.770859 -0.877826
v 0.000000 0.770859 -0.877826
v -0.082814 0.344373 -0.877660
v 0.082814 0.344373 -0.877660
v -0.086264 0.358400 -0.875526
v 0.086264 0.358400 -0.875526
v -0.082814 0.372427 -0.873392
v 0.082814 0.372427 -0.873392
v -0.072462 0.385316 -0.871432
v 0.072462 0.385316 -0.871432
v 0.055209 0.395931 -0.869817
v -0.055209 0.395931 -0.869817
v -0.031055 0.403134 -0.868722
v 0.031055 0.403134 -0.868722
v 0.000000 0.857985 -0.868395
v 0.000000 0.405788 -0.868318
v 0.000000 0.405788 -0.868318
v 0.031055 0.855635 -0.867120
v -0.031055 0.855635 -0.867120
v 0.055209 0.849256 -0.863662
v -0.055209 0.849256 -0.863662
v 0.072462 0.839855 -0.858565
v -0.072462 0.839855 -0.858565
v 0.082814 0.828440 -0.852376
v -0.082814 0.828440 -0.852376
v -0.086264 0.816018 -0.845640
v 0.086264 0.816018 -0.845640
v 0.082814 0.803596 -0.838905
v -0.082814 0.803596 -0.838905
v 0.072462 0.792180 -0.832715
v -0.072462 0.792180 -0.832715
v 0.055209 0.782779 -0.827619
v -0.055209 0.782779 -0.827619
v 0.031055 0.776401 -0.824160
v -0.031055 0.776401 -0.824160
v 0.000000 0.774050 -0.822886
v 0.000000 0.373352 -0.820892
v 0.000000 0.373352 -0.820892
v -0.031055 0.370450 -0.820591
v 0.031055 0.370450 -0.820591
v -0.055209 0.362573 -0.819774
v 0.055209 0.362573 -0.819774
v -0.072462 0.350965 -0.818569
v 0.072462 0.350965 -0.818569
v -0.082814 0.336869 -0.817106
v 0.082814 0.336869 -0.817106
v -0.086264 0.321529 -0.815515
v 0.086264 0.321529 -0.815515
v -0.082814 0.306189 -0.813923
v 0.082814 0.306189 -0.813923
v -0.072462 0.292093 -0.812461
v 0.072462 0.292093 -0.812461
v -0.055209 0.280485 -0.811256
v 0.055209 0.280485 -0.811256
v -0.031055 0.272608 -0.810439
v 0.031055 0.272608 -0.810439
v 0.000000 0.269706 -0.810138
v 0.000000 0.269706 -0.810138
v 0.000000 0.861264 -0.782130
v 0.000000 0.861264 -0.782130
v 0.031055 0.858867 -0.781521
v -0.031055 0.858867 -0.781521
v 0.055209 0.852364 -0.779866
v -0.055209 0.852364 -0.779866
v 0.072462 0.842780 -0.777426
v -0.072462 0.842780 -0.777426
v -0.082814 0.831142 -0.774465
v 0.082814 0.831142 -0.774465
v -0.086264 0.818476 -0.771242
v 0.086264 0.818476 -0.771242
v -0.082814 0.805811 -0.768019
v 0.082814 0.805811 -0.768019
v 0.000000 0.345058 -0.766795
v 0.000000 0.345058 -0.766795
v 0.000000 0.345058 -0.766795
v -0.031055 0.341837 -0.765721
v 0.031055 0.341837 -0.765721
v 0.072462 0.794173 -0.765057
v -0.072462 0.794173 -0.765057
v 0.000000 0.397650 -0.764015
v 0.000000 0.397650 -0.764015
v -0.055209 0.333096 -0.762807
v 0.055209 0.333096 -0.762807
v -0.055209 0.784589 -0.762618
v 0.055209 0.784589 -0.762618
v 0.000000 0.295858 -0.761427
v 0.000000 0.295858 -0.761427
v 0.031055 0.778086 -0.760963
v -0.031055 0.778086 -0.760963
v 0.000000 0.775689 -0.760353
v 0.000000 0.775689 -0.760353
v -0.072462 0.320213 -0.758513
v 0.072462 0.320213 -0.758513
v 0.125816 0.345058 -0.756918
v 0.125816 0.345058 -0.756918
v -0.125816 0.345058 -0.756918
v 0.000000 0.451795 -0.756059
v 0.000000 0.451795 -0.756059
v 0.125359 0.397650 -0.754174
v -0.125359 0.397650 -0.754174
v -0.082814 0.304571 -0.753299
v 0.082814 0.304571 -0.753299
v 0.124935 0.295858 -0.751620
v -0.124935 0.295858 -0.751620
v 0.086264 0.287548 -0.747625
v -0.086264 0.287548 -0.747625
v 0.000000 0.251662 -0.746858
v 0.000000 0.251662 -0.746858
v 0.124054 0.451795 -0.746321
v -0.124054 0.451795 -0.746321
v 0.000000 0.507321 -0.743503
v 0.000000 0.507321 -0.743503
v -0.082814 0.270525 -0.741950
v 0.082814 0.270525 -0.741950
v 0.122544 0.251662 -0.737238
v -0.122544 0.251662 -0.737238
v -0.072462 0.254882 -0.736736
v 0.072462 0.254882 -0.736736
v 0.121994 0.507321 -0.733927
v -0.121994 0.507321 -0.733927
v -0.055209 0.242000 -0.732442
v 0.055209 0.242000 -0.732442
v -0.031055 0.233259 -0.729528
v 0.031055 0.233259 -0.729528
v 0.000000 0.230038 -0.728455
v 0.000000 0.230038 -0.728455
v 0.244638 0.345058 -0.728271
v 0.244638 0.345058 -0.728271
v -0.244638 0.345058 -0.728271
v -0.244638 0.345058 -0.728271
v 0.000000 0.564054 -0.726921
v 0.000000 0.564054 -0.726921
v 0.243751 0.397650 -0.725631
v -0.243751 0.397650 -0.725631
v 0.000000 0.212297 -0.725388
v 0.000000 0.212297 -0.725388
v 0.242925 0.295858 -0.723173
v -0.242925 0.295858 -0.723173
v 0.241213 0.451795 -0.718075
v -0.241213 0.451795 -0.718075
v 0.119273 0.564054 -0.717559
v -0.119273 0.564054 -0.717559
v 0.119021 0.212297 -0.716045
v -0.119021 0.212297 -0.716045
v 0.238278 0.251662 -0.709336
v -0.238278 0.251662 -0.709336
v 0.000000 0.621822 -0.706889
v 0.000000 0.621822 -0.706889
v 0.237207 0.507321 -0.706150
v -0.237207 0.507321 -0.706150
v 0.000000 0.177590 -0.699317
v 0.000000 0.177590 -0.699317
v 0.115986 0.621822 -0.697784
v -0.115986 0.621822 -0.697784
v 0.000000 0.776293 -0.690460
v 0.231917 0.564054 -0.690401
v -0.231917 0.564054 -0.690401
v 0.114744 0.177590 -0.690309
v -0.114744 0.177590 -0.690309
v 0.031055 0.778706 -0.690289
v -0.031055 0.778706 -0.690289
v 0.055209 0.785256 -0.689826
v -0.055209 0.785256 -0.689826
v 0.072462 0.794908 -0.689144
v -0.072462 0.794908 -0.689144
v 0.231428 0.212297 -0.688944
v -0.231428 0.212297 -0.688944
v 0.082814 0.806628 -0.688314
v -0.082814 0.806628 -0.688314
v 0.086264 0.819382 -0.687412
v -0.086264 0.819382 -0.687412
v 0.082814 0.832137 -0.686510
v -0.082814 0.832137 -0.686510
v 0.072462 0.843857 -0.685681
v -0.072462 0.843857 -0.685681
v 0.055209 0.853509 -0.684998
v -0.055209 0.853509 -0.684998
v 0.031055 0.860058 -0.684535
v -0.031055 0.860058 -0.684535
v 0.000000 0.862471 -0.684364
v 0.000000 0.680453 -0.683981
v 0.000000 0.680453 -0.683981
v 0.354995 0.345058 -0.682324
v 0.354995 0.345058 -0.682324
v -0.354995 0.345058 -0.682324
v -0.354995 0.345058 -0.682324
v 0.353709 0.397650 -0.679851
v -0.353709 0.397650 -0.679851
v 0.352510 0.295858 -0.677548
v -0.352510 0.295858 -0.677548
v 0.112228 0.680453 -0.675171
v -0.112228 0.680453 -0.675171
v 0.350025 0.451795 -0.672772
v -0.350025 0.451795 -0.672772
v 0.225526 0.621822 -0.671375
v -0.225526 0.621822 -0.671375
v 0.000000 0.147368 -0.670945
v 0.000000 0.147368 -0.670945
v 0.345765 0.251662 -0.664584
v -0.345765 0.251662 -0.664584
v 0.223110 0.177590 -0.664183
v -0.223110 0.177590 -0.664183
v 0.110089 0.147368 -0.662303
v -0.110089 0.147368 -0.662303
v 0.344212 0.507321 -0.661599
v -0.344212 0.507321 -0.661599
v 0.000000 0.739775 -0.658772
v 0.000000 0.739775 -0.658772
v 0.108091 0.739775 -0.650287
v -0.108091 0.739775 -0.650287
v 0.218217 0.680453 -0.649618
v -0.218217 0.680453 -0.649618
v 0.336535 0.564054 -0.646844
v -0.336535 0.564054 -0.646844
v 0.335825 0.212297 -0.645479
v -0.335825 0.212297 -0.645479
v 0.000000 0.121460 -0.642574
v 0.000000 0.121460 -0.642574
v 0.214058 0.147368 -0.637237
v -0.214058 0.147368 -0.637237
v 0.105433 0.121460 -0.634297
v -0.105433 0.121460 -0.634297
v 0.000000 0.799613 -0.631839
v 0.000000 0.799613 -0.631839
v 0.327261 0.621822 -0.629018
v -0.327261 0.621822 -0.629018
v 0.210175 0.739775 -0.625676
v -0.210175 0.739775 -0.625676
v 0.103672 0.799613 -0.623701
v -0.103672 0.799613 -0.623701
v 0.323756 0.177590 -0.622280
v -0.323756 0.177590 -0.622280
v 0.455415 0.345058 -0.620551
v 0.455415 0.345058 -0.620551
v -0.455415 0.345058 -0.620551
v -0.455415 0.345058 -0.620551
v 0.453764 0.397650 -0.618302
v -0.453764 0.397650 -0.618302
v 0.000000 0.099693 -0.616503
v 0.000000 0.099693 -0.616503
v 0.452227 0.295858 -0.616208
v -0.452227 0.295858 -0.616208
v 0.000000 0.776379 -0.613436
v 0.031055 0.778795 -0.612362
v -0.031055 0.778795 -0.612362
v 0.449039 0.451795 -0.611864
v -0.449039 0.451795 -0.611864
v 0.205007 0.121460 -0.610291
v -0.205007 0.121460 -0.610291
v 0.055209 0.785351 -0.609448
v -0.055209 0.785351 -0.609448
v 0.316656 0.680453 -0.608634
v -0.316656 0.680453 -0.608634
v -0.101156 0.099693 -0.608562
v 0.101156 0.099693 -0.608562
v 0.072462 0.795013 -0.605154
v -0.072462 0.795013 -0.605154
v 0.443574 0.251662 -0.604417
v -0.443574 0.251662 -0.604417
v 0.000000 0.859797 -0.603755
v 0.000000 0.859797 -0.603755
v 0.441581 0.507321 -0.601702
v -0.441581 0.507321 -0.601702
v 0.201582 0.799613 -0.600095
v -0.201582 0.799613 -0.600095
v 0.082814 0.806744 -0.599940
v -0.082814 0.806744 -0.599940
v 0.310621 0.147368 -0.597034
v -0.310621 0.147368 -0.597034
v 0.099064 0.859797 -0.595978
v -0.099064 0.859797 -0.595978
v 0.000000 0.081894 -0.595033
v 0.000000 0.081894 -0.595033
v 0.086264 0.819512 -0.594266
v -0.086264 0.819512 -0.594266
v 0.082814 0.832279 -0.588591
v -0.082814 0.832279 -0.588591
v 0.431733 0.564054 -0.588283
v -0.431733 0.564054 -0.588283
v -0.097633 0.081894 -0.587368
v 0.097633 0.081894 -0.587368
v 0.430822 0.212297 -0.587042
v -0.430822 0.212297 -0.587042
v 0.304985 0.739775 -0.586202
v -0.304985 0.739775 -0.586202
v 0.196689 0.099693 -0.585530
v -0.196689 0.099693 -0.585530
v 0.072462 0.844011 -0.583377
v -0.072462 0.844011 -0.583377
v 0.000000 0.067890 -0.580463
v 0.000000 0.067890 -0.580463
v 0.055209 0.853672 -0.579083
v -0.055209 0.853672 -0.579083
v 0.031055 0.860228 -0.576169
v -0.031055 0.860228 -0.576169
v 0.000000 0.920153 -0.575096
v 0.000000 0.057510 -0.575096
v 0.000000 0.862644 -0.575096
v 0.000000 0.920153 -0.575096
v 0.000000 0.057510 -0.575096
v 0.000000 0.048912 -0.573744
v 0.000000 0.048912 -0.573744
v 0.192622 0.859797 -0.573422
v -0.192622 0.859797 -0.573422
v -0.095242 0.067890 -0.572987
v 0.095242 0.067890 -0.572987
v 0.419835 0.621822 -0.572071
v -0.419835 0.621822 -0.572071
v 0.297486 0.121460 -0.571788
v -0.297486 0.121460 -0.571788
v 0.000000 0.040487 -0.567735
v 0.000000 0.040487 -0.567735
v 0.094362 0.920153 -0.567689
v -0.094362 0.057510 -0.567689
v -0.094362 0.920153 -0.567689
v 0.094362 0.057510 -0.567689
v 0.094362 0.057510 -0.567689
v -0.094362 0.057510 -0.567689
v 0.000000 0.933740 -0.567553
v 0.000000 0.933740 -0.567553
v -0.094140 0.048912 -0.566354
v 0.094140 0.048912 -0.566354
v 0.415338 0.177590 -0.565943
v -0.415338 0.177590 -0.565943
v -0.189839 0.081894 -0.565138
v 0.189839 0.081894 -0.565138
v 0.292516 0.799613 -0.562235
v -0.292516 0.799613 -0.562235
v 0.093154 0.040487 -0.560422
v -0.093154 0.040487 -0.560422
v 0.093124 0.933740 -0.560242
v -0.093124 0.933740 -0.560242
v 0.000000 0.944307 -0.559607
v 0.000000 0.944307 -0.559607
v 0.000000 0.032407 -0.554134
v 0.000000 0.032407 -0.554134
v 0.406230 0.680453 -0.553532
v -0.406230 0.680453 -0.553532
v 0.091820 0.944307 -0.552399
v -0.091820 0.944307 -0.552399
v 0.000000 0.951855 -0.551718
v -0.185191 0.067890 -0.551301
v 0.185191 0.067890 -0.551301
v -0.285416 0.099693 -0.548589
v 0.285416 0.099693 -0.548589
v 0.090922 0.032407 -0.546996
v -0.090922 0.032407 -0.546996
v 0.183479 0.920153 -0.546203
v 0.183479 0.057510 -0.546203
v 0.183479 0.057510 -0.546203
v -0.183479 0.057510 -0.546203
v -0.183479 0.057510 -0.546203
v -0.183479 0.920153 -0.546203
v -0.183047 0.048912 -0.544919
v 0.183047 0.048912 -0.544919
v 0.090526 0.951855 -0.544612
v -0.090526 0.951855 -0.544612
v 0.544424 0.345058 -0.544424
v 0.544424 0.345058 -0.544424
v -0.544424 0.345058 -0.544424
v -0.544424 0.345058 -0.544424
v 0.000000 0.956384 -0.544347
v 0.000000 0.956384 -0.544347
v 0.398488 0.147368 -0.542983
v -0.398488 0.147368 -0.542983
v 0.542451 0.397650 -0.542451
v -0.542451 0.397650 -0.542451
v 0.540613 0.295858 -0.540613
v -0.540613 0.295858 -0.540613
v 0.181130 0.040487 -0.539212
v -0.181130 0.040487 -0.539212
v 0.181072 0.933740 -0.539039
v -0.181072 0.933740 -0.539039
v 0.000000 0.957894 -0.537954
v 0.000000 0.957894 -0.537954
v 0.089317 0.956384 -0.537336
v -0.089317 0.956384 -0.537336
v 0.279514 0.859797 -0.537245
v -0.279514 0.859797 -0.537245
v 0.536802 0.451795 -0.536802
v -0.536802 0.451795 -0.536802
v 0.000000 0.920153 -0.536756
v 0.000000 0.920153 -0.536756
v 0.391258 0.739775 -0.533131
v -0.391258 0.739775 -0.533131
v 0.000000 0.956384 -0.532999
v 0.000000 0.956384 -0.532999
v 0.178537 0.944307 -0.531492
v -0.178537 0.944307 -0.531492
v 0.000000 0.933740 -0.531360
v 0.000000 0.933740 -0.531360
v 0.088268 0.957894 -0.531026
v -0.088268 0.957894 -0.531026
v 0.530269 0.251662 -0.530269
v -0.530269 0.251662 -0.530269
v 0.000000 0.024844 -0.530008
v 0.000000 0.024844 -0.530008
v 0.000000 0.951855 -0.529941
v 0.000000 0.951855 -0.529941
v 0.088071 0.920153 -0.529843
v -0.088071 0.920153 -0.529843
v -0.275476 0.081894 -0.529484
v 0.275476 0.081894 -0.529484
v 0.000000 0.944307 -0.529242
v 0.000000 0.944307 -0.529242
v 0.527887 0.507321 -0.527887
v -0.527887 0.507321 -0.527887
v 0.176791 0.032407 -0.526294
v -0.176791 0.032407 -0.526294
v 0.087454 0.956384 -0.526134
v -0.087454 0.956384 -0.526134
v 0.087186 0.933740 -0.524516
v -0.087186 0.933740 -0.524516
v 0.176020 0.951855 -0.524000
v -0.176020 0.951855 -0.524000
v 0.086964 0.024844 -0.523182
v -0.086964 0.024844 -0.523182
v 0.086953 0.951855 -0.523116
v -0.086953 0.951855 -0.523116
v 0.086838 0.944307 -0.522425
v -0.086838 0.944307 -0.522425
v 0.381637 0.121460 -0.520022
v -0.381637 0.121460 -0.520022
v 0.173669 0.956384 -0.516999
v -0.173669 0.956384 -0.516999
v -0.268731 0.067890 -0.516520
v 0.268731 0.067890 -0.516520
v 0.516114 0.564054 -0.516114
v -0.516114 0.564054 -0.516114
v 0.515025 0.212297 -0.515025
v -0.515025 0.212297 -0.515025
v 0.266246 0.920153 -0.511743
v 0.266246 0.057510 -0.511743
v -0.266246 0.057510 -0.511743
v -0.266246 0.057510 -0.511743
v -0.266246 0.920153 -0.511743
v 0.266246 0.057510 -0.511743
v 0.375262 0.799613 -0.511334
v -0.375262 0.799613 -0.511334
v 0.171629 0.957894 -0.510927
v -0.171629 0.957894 -0.510927
v -0.265621 0.048912 -0.510541
v 0.265621 0.048912 -0.510541
v 0.171247 0.920153 -0.509790
v -0.171247 0.920153 -0.509790
v 0.170048 0.956384 -0.506221
v -0.170048 0.956384 -0.506221
v 0.262838 0.040487 -0.505193
v -0.262838 0.040487 -0.505193
v 0.262754 0.933740 -0.505031
v -0.262754 0.933740 -0.505031
v 0.169525 0.933740 -0.504664
v -0.169525 0.933740 -0.504664
v -0.169094 0.024844 -0.503381
v 0.169094 0.024844 -0.503381
v 0.169072 0.951855 -0.503317
v -0.169072 0.951855 -0.503317
v 0.168849 0.944307 -0.502653
v -0.168849 0.944307 -0.502653
v 0.501891 0.621822 -0.501891
v -0.501891 0.621822 -0.501891
v -0.366153 0.099693 -0.498923
v 0.366153 0.099693 -0.498923
v 0.000000 0.920153 -0.498416
v 0.000000 0.920153 -0.498416
v 0.259075 0.944307 -0.497960
v -0.259075 0.944307 -0.497960
v 0.496515 0.177590 -0.496515
v -0.496515 0.177590 -0.496515
v 0.256542 0.032407 -0.493090
v -0.256542 0.032407 -0.493090
v 0.000000 0.017972 -0.492426
v 0.000000 0.017972 -0.492426
v 0.081780 0.920153 -0.491997
v -0.081780 0.920153 -0.491997
v 0.255423 0.951855 -0.490941
v -0.255423 0.951855 -0.490941
v 0.000000 0.935796 -0.488678
v 0.000000 0.935796 -0.488678
v 0.358582 0.859797 -0.488607
v -0.358582 0.859797 -0.488607
v 0.080797 0.017972 -0.486083
v -0.080797 0.017972 -0.486083
v 0.485626 0.680453 -0.485626
v -0.485626 0.680453 -0.485626
v 0.252011 0.956384 -0.484382
v -0.252011 0.956384 -0.484382
v -0.080182 0.935796 -0.482384
v 0.080182 0.935796 -0.482384
v -0.353402 0.081894 -0.481548
v 0.353402 0.081894 -0.481548
v 0.249051 0.957894 -0.478693
v -0.249051 0.957894 -0.478693
v 0.248497 0.920153 -0.477627
v -0.248497 0.920153 -0.477627
v 0.476371 0.147368 -0.476371
v -0.476371 0.147368 -0.476371
v 0.246757 0.956384 -0.474284
v -0.246757 0.956384 -0.474284
v 0.159015 0.920153 -0.473376
v -0.159015 0.920153 -0.473376
v 0.245998 0.933740 -0.472825
v -0.245998 0.933740 -0.472825
v 0.245373 0.024844 -0.471623
v -0.245373 0.024844 -0.471623
v 0.245342 0.951855 -0.471563
v -0.245342 0.951855 -0.471563
v 0.245018 0.944307 -0.470940
v -0.245018 0.944307 -0.470940
v -0.344749 0.067890 -0.469757
v 0.344749 0.067890 -0.469757
v -0.467729 0.739775 -0.467729
v 0.467729 0.739775 -0.467729
v 0.157104 0.017972 -0.467686
v -0.157104 0.017972 -0.467686
v 0.341561 0.920153 -0.465414
v 0.341561 0.057510 -0.465414
v 0.341561 0.057510 -0.465414
v -0.341561 0.057510 -0.465414
v -0.341561 0.057510 -0.465414
v -0.341561 0.920153 -0.465414
v -0.340758 0.048912 -0.464320
v 0.340758 0.048912 -0.464320
v -0.155908 0.935796 -0.464127
v 0.155908 0.935796 -0.464127
v 0.000000 0.948678 -0.461917
v 0.000000 0.948678 -0.461917
v 0.337189 0.040487 -0.459456
v -0.337189 0.040487 -0.459456
v 0.337081 0.933740 -0.459309
v -0.337081 0.933740 -0.459309
v 0.456227 0.121460 -0.456227
v -0.456227 0.121460 -0.456227
v 0.075792 0.948678 -0.455967
v -0.075792 0.948678 -0.455967
v 0.620551 0.345058 -0.455415
v 0.620551 0.345058 -0.455415
v -0.620551 0.345058 -0.455415
v -0.620551 0.345058 -0.455415
v 0.618302 0.397650 -0.453764
v -0.618302 0.397650 -0.453764
v 0.332362 0.944307 -0.452878
v -0.332362 0.944307 -0.452878
v 0.616208 0.295858 -0.452227
v -0.616208 0.295858 -0.452227
v 0.611864 0.451795 -0.449039
v -0.611864 0.451795 -0.449039
v 0.448605 0.799613 -0.448605
v -0.448605 0.799613 -0.448605
v 0.329111 0.032407 -0.448449
v -0.329111 0.032407 -0.448449
v 0.327677 0.951855 -0.446494
v -0.327677 0.951855 -0.446494
v 0.604417 0.251662 -0.443574
v -0.604417 0.251662 -0.443574
v 0.230747 0.920153 -0.443511
v -0.230747 0.920153 -0.443511
v 0.601702 0.507321 -0.441581
v -0.601702 0.507321 -0.441581
v 0.323299 0.956384 -0.440530
v -0.323299 0.956384 -0.440530
v 0.147370 0.948678 -0.438710
v -0.147370 0.948678 -0.438710
v 0.000000 0.011962 -0.438453
v 0.000000 0.011962 -0.438453
v 0.227973 0.017972 -0.438180
v -0.227973 0.017972 -0.438180
v -0.437717 0.099693 -0.437717
v 0.437717 0.099693 -0.437717
v 0.319502 0.957894 -0.435356
v -0.319502 0.957894 -0.435356
v -0.226239 0.935796 -0.434845
v 0.226239 0.935796 -0.434845
v 0.318790 0.920153 -0.434386
v -0.318790 0.920153 -0.434386
v 0.071941 0.011962 -0.432806
v -0.071941 0.011962 -0.432806
v 0.588283 0.564054 -0.431733
v -0.588283 0.564054 -0.431733
v 0.316559 0.956384 -0.431345
v -0.316559 0.956384 -0.431345
v 0.587042 0.212297 -0.430822
v -0.587042 0.212297 -0.430822
v 0.315585 0.933740 -0.430019
v -0.315585 0.933740 -0.430019
v 0.314783 0.024844 -0.428925
v -0.314783 0.024844 -0.428925
v 0.314743 0.951855 -0.428871
v -0.314743 0.951855 -0.428871
v 0.428666 0.859797 -0.428666
v -0.428666 0.859797 -0.428666
v 0.314327 0.944307 -0.428305
v -0.314327 0.944307 -0.428305
v -0.422473 0.081894 -0.422473
v 0.422473 0.081894 -0.422473
v 0.000000 0.959490 -0.421814
v 0.000000 0.959490 -0.421814
v 0.572071 0.621822 -0.419835
v -0.572071 0.621822 -0.419835
v -0.139884 0.011962 -0.416425
v 0.139884 0.011962 -0.416425
v -0.069211 0.959490 -0.416381
v 0.069211 0.959490 -0.416381
v 0.565943 0.177590 -0.415338
v -0.565943 0.177590 -0.415338
v 0.412129 0.067890 -0.412129
v -0.412129 0.067890 -0.412129
v 0.213849 0.948678 -0.411032
v -0.213849 0.948678 -0.411032
v 0.408318 0.920153 -0.408318
v 0.408318 0.057510 -0.408318
v -0.408318 0.057510 -0.408318
v -0.408318 0.920153 -0.408318
v -0.407358 0.048912 -0.407358
v 0.407358 0.048912 -0.407358
v 0.553532 0.680453 -0.406230
v -0.553532 0.680453 -0.406230
v 0.296019 0.920153 -0.403358
v -0.296019 0.920153 -0.403358
v 0.403092 0.040487 -0.403092
v -0.403092 0.040487 -0.403092
v 0.402962 0.933740 -0.402962
v -0.402962 0.933740 -0.402962
v 0.134576 0.959490 -0.400622
v -0.134576 0.959490 -0.400622
v 0.292462 0.017972 -0.398510
v -0.292462 0.017972 -0.398510
v 0.542983 0.147368 -0.398488
v -0.542983 0.147368 -0.398488
v 0.397321 0.944307 -0.397321
v -0.397321 0.944307 -0.397321
v -0.290236 0.935796 -0.395477
v 0.290236 0.935796 -0.395477
v 0.393435 0.032407 -0.393435
v -0.393435 0.032407 -0.393435
v 0.391720 0.951855 -0.391720
v -0.391720 0.951855 -0.391720
v 0.533131 0.739775 -0.391258
v -0.533131 0.739775 -0.391258
v -0.202986 0.011962 -0.390153
v 0.202986 0.011962 -0.390153
v 0.386487 0.956384 -0.386487
v -0.386487 0.956384 -0.386487
v 0.381948 0.957894 -0.381948
v -0.381948 0.957894 -0.381948
v 0.520022 0.121460 -0.381637
v -0.520022 0.121460 -0.381637
v 0.381097 0.920153 -0.381097
v -0.381097 0.920153 -0.381097
v 0.378429 0.956384 -0.378429
v -0.378429 0.956384 -0.378429
v 0.377266 0.933740 -0.377266
v -0.377266 0.933740 -0.377266
v -0.376306 0.024844 -0.376306
v 0.376306 0.024844 -0.376306
v 0.376258 0.951855 -0.376258
v -0.376258 0.951855 -0.376258
v 0.375762 0.944307 -0.375762
v -0.375762 0.944307 -0.375762
v -0.195283 0.959490 -0.375347
v 0.195283 0.959490 -0.375347
v 0.511334 0.799613 -0.375262
v -0.511334 0.799613 -0.375262
v 0.274342 0.948678 -0.373820
v -0.274342 0.948678 -0.373820
v 0.000000 0.968922 -0.372049
v 0.000000 0.968922 -0.372049
v 0.061046 0.968922 -0.367257
v -0.061046 0.968922 -0.367257
v -0.498923 0.099693 -0.366153
v 0.498923 0.099693 -0.366153
v 0.000000 0.006987 -0.365157
v 0.000000 0.006987 -0.365157
v -0.059915 0.006987 -0.360454
v 0.059915 0.006987 -0.360454
v 0.488607 0.859797 -0.358582
v -0.488607 0.859797 -0.358582
v 0.682324 0.345058 -0.354995
v -0.682324 0.345058 -0.354995
v -0.682324 0.345058 -0.354995
v 0.682324 0.345058 -0.354995
v -0.260406 0.011962 -0.354831
v 0.260406 0.011962 -0.354831
v 0.353876 0.920153 -0.353876
v -0.353876 0.920153 -0.353876
v -0.679851 0.397650 -0.353709
v 0.679851 0.397650 -0.353709
v -0.481548 0.081894 -0.353402
v 0.481548 0.081894 -0.353402
v 0.118698 0.968922 -0.353357
v -0.118698 0.968922 -0.353357
v 0.677548 0.295858 -0.352510
v -0.677548 0.295858 -0.352510
v 0.672772 0.451795 -0.350025
v -0.672772 0.451795 -0.350025
v 0.349622 0.017972 -0.349622
v -0.349622 0.017972 -0.349622
v -0.346961 0.935796 -0.346961
v 0.346961 0.935796 -0.346961
v -0.116500 0.006987 -0.346812
v 0.116500 0.006987 -0.346812
v 0.664584 0.251662 -0.345765
v -0.664584 0.251662 -0.345765
v -0.469757 0.067890 -0.344749
v 0.469757 0.067890 -0.344749
v 0.661599 0.507321 -0.344212
v -0.661599 0.507321 -0.344212
v 0.465414 0.057510 -0.341561
v -0.465414 0.057510 -0.341561
v 0.465414 0.920153 -0.341561
v 0.465414 0.057510 -0.341561
v -0.465414 0.057510 -0.341561
v -0.465414 0.920153 -0.341561
v 0.250524 0.959490 -0.341365
v -0.250524 0.959490 -0.341365
v -0.464320 0.048912 -0.340758
v 0.464320 0.048912 -0.340758
v 0.459456 0.040487 -0.337189
v -0.459456 0.040487 -0.337189
v 0.459309 0.933740 -0.337081
v -0.459309 0.933740 -0.337081
v 0.646844 0.564054 -0.336535
v -0.646844 0.564054 -0.336535
v 0.645479 0.212297 -0.335825
v -0.645479 0.212297 -0.335825
v 0.452878 0.944307 -0.332362
v -0.452878 0.944307 -0.332362
v 0.172244 0.968922 -0.331064
v -0.172244 0.968922 -0.331064
v 0.448449 0.032407 -0.329111
v -0.448449 0.032407 -0.329111
v 0.327961 0.948678 -0.327961
v -0.327961 0.948678 -0.327961
v 0.446494 0.951855 -0.327677
v -0.446494 0.951855 -0.327677
v 0.629018 0.621822 -0.327261
v -0.629018 0.621822 -0.327261
v 0.169053 0.006987 -0.324931
v -0.169053 0.006987 -0.324931
v -0.622280 0.177590 -0.323756
v 0.622280 0.177590 -0.323756
v 0.440530 0.956384 -0.323299
v -0.440530 0.956384 -0.323299
v 0.435356 0.957894 -0.319502
v -0.435356 0.957894 -0.319502
v 0.434386 0.920153 -0.318790
v -0.434386 0.920153 -0.318790
v -0.608634 0.680453 -0.316656
v 0.608634 0.680453 -0.316656
v 0.431345 0.956384 -0.316559
v -0.431345 0.956384 -0.316559
v 0.000000 0.977663 -0.316303
v 0.000000 0.977663 -0.316303
v 0.430019 0.933740 -0.315585
v -0.430019 0.933740 -0.315585
v -0.428925 0.024844 -0.314783
v 0.428925 0.024844 -0.314783
v -0.428871 0.951855 -0.314743
v 0.428871 0.951855 -0.314743
v 0.428305 0.944307 -0.314327
v -0.428305 0.944307 -0.314327
v 0.051899 0.977663 -0.312229
v -0.051899 0.977663 -0.312229
v -0.311302 0.011962 -0.311302
v 0.311302 0.011962 -0.311302
v -0.597034 0.147368 -0.310621
v 0.597034 0.147368 -0.310621
v -0.586202 0.739775 -0.304985
v 0.586202 0.739775 -0.304985
v 0.220967 0.968922 -0.301091
v -0.220967 0.968922 -0.301091
v 0.100913 0.977663 -0.300412
v -0.100913 0.977663 -0.300412
v 0.299488 0.959490 -0.299488
v -0.299488 0.959490 -0.299488
v 0.571788 0.121460 -0.297486
v -0.571788 0.121460 -0.297486
v 0.403358 0.920153 -0.296019
v -0.403358 0.920153 -0.296019
v -0.216874 0.006987 -0.295515
v 0.216874 0.006987 -0.295515
v 0.562235 0.799613 -0.292516
v -0.562235 0.799613 -0.292516
v 0.398510 0.017972 -0.292462
v -0.398510 0.017972 -0.292462
v -0.395477 0.935796 -0.290236
v 0.395477 0.935796 -0.290236
v -0.548589 0.099693 -0.285416
v 0.548589 0.099693 -0.285416
v 0.146436 0.977663 -0.281459
v -0.146436 0.977663 -0.281459
v 0.537245 0.859797 -0.279514
v -0.537245 0.859797 -0.279514
v -0.529484 0.081894 -0.275476
v 0.529484 0.081894 -0.275476
v 0.373820 0.948678 -0.274342
v -0.373820 0.948678 -0.274342
v 0.000000 0.003221 -0.269605
v -0.516520 0.067890 -0.268731
v 0.516520 0.067890 -0.268731
v 0.511743 0.057510 -0.266246
v -0.511743 0.057510 -0.266246
v -0.511743 0.920153 -0.266246
v -0.511743 0.057510 -0.266246
v 0.511743 0.920153 -0.266246
v 0.511743 0.057510 -0.266246
v 0.044237 0.003221 -0.266133
v -0.044237 0.003221 -0.266133
v -0.510541 0.048912 -0.265621
v 0.510541 0.048912 -0.265621
v 0.264155 0.968922 -0.264155
v -0.264155 0.968922 -0.264155
v 0.505193 0.040487 -0.262838
v -0.505193 0.040487 -0.262838
v 0.505031 0.933740 -0.262754
v -0.505031 0.933740 -0.262754
v 0.354831 0.011962 -0.260406
v -0.354831 0.011962 -0.260406
v -0.259262 0.006987 -0.259262
v 0.259262 0.006987 -0.259262
v 0.497960 0.944307 -0.259075
v -0.497960 0.944307 -0.259075
v 0.000000 0.986404 -0.258256
v 0.000000 0.986404 -0.258256
v 0.493090 0.032407 -0.256542
v -0.493090 0.032407 -0.256542
v 0.086015 0.003221 -0.256060
v -0.086015 0.003221 -0.256060
v 0.187859 0.977663 -0.255977
v -0.187859 0.977663 -0.255977
v -0.490941 0.951855 -0.255423
v 0.490941 0.951855 -0.255423
v 0.042375 0.986404 -0.254930
v -0.042375 0.986404 -0.254930
v 0.484382 0.956384 -0.252011
v -0.484382 0.956384 -0.252011
v 0.341365 0.959490 -0.250524
v -0.341365 0.959490 -0.250524
v 0.478693 0.957894 -0.249051
v -0.478693 0.957894 -0.249051
v 0.477627 0.920153 -0.248497
v -0.477627 0.920153 -0.248497
v 0.474284 0.956384 -0.246757
v -0.474284 0.956384 -0.246757
v 0.472825 0.933740 -0.245998
v -0.472825 0.933740 -0.245998
v 0.471623 0.024844 -0.245373
v -0.471623 0.024844 -0.245373
v -0.471563 0.951855 -0.245342
v 0.471563 0.951855 -0.245342
v 0.082394 0.986404 -0.245281
v -0.082394 0.986404 -0.245281
v 0.470940 0.944307 -0.245018
v -0.470940 0.944307 -0.245018
v 0.728271 0.345058 -0.244638
v 0.728271 0.345058 -0.244638
v -0.728271 0.345058 -0.244638
v -0.728271 0.345058 -0.244638
v 0.725631 0.397650 -0.243751
v -0.725631 0.397650 -0.243751
v 0.723173 0.295858 -0.242925
v -0.723173 0.295858 -0.242925
v 0.718075 0.451795 -0.241213
v -0.718075 0.451795 -0.241213
v -0.124816 0.003221 -0.239905
v 0.124816 0.003221 -0.239905
v 0.709336 0.251662 -0.238278
v -0.709336 0.251662 -0.238278
v 0.706150 0.507321 -0.237207
v -0.706150 0.507321 -0.237207
v 0.690401 0.564054 -0.231917
v -0.690401 0.564054 -0.231917
v 0.688944 0.212297 -0.231428
v -0.688944 0.212297 -0.231428
v 0.443511 0.920153 -0.230747
v -0.443511 0.920153 -0.230747
v 0.119562 0.986404 -0.229807
v -0.119562 0.986404 -0.229807
v 0.438180 0.017972 -0.227973
v -0.438180 0.017972 -0.227973
v -0.434845 0.935796 -0.226239
v 0.434845 0.935796 -0.226239
v 0.671375 0.621822 -0.225526
v -0.671375 0.621822 -0.225526
v 0.224575 0.977663 -0.224575
v -0.224575 0.977663 -0.224575
v 0.664183 0.177590 -0.223110
v -0.664183 0.177590 -0.223110
v 0.301091 0.968922 -0.220967
v -0.301091 0.968922 -0.220967
v 0.649618 0.680453 -0.218217
v -0.649618 0.680453 -0.218217
v 0.160124 0.003221 -0.218186
v -0.160124 0.003221 -0.218186
v -0.295515 0.006987 -0.216874
v 0.295515 0.006987 -0.216874
v 0.637237 0.147368 -0.214058
v -0.637237 0.147368 -0.214058
v 0.411032 0.948678 -0.213849
v -0.411032 0.948678 -0.213849
v 0.625676 0.739775 -0.210175
v -0.625676 0.739775 -0.210175
v 0.153384 0.986404 -0.209002
v -0.153384 0.986404 -0.209002
v 0.610291 0.121460 -0.205007
v -0.610291 0.121460 -0.205007
v 0.390153 0.011962 -0.202986
v -0.390153 0.011962 -0.202986
v 0.000000 0.995836 -0.201590
v 0.000000 0.995836 -0.201590
v 0.600095 0.799613 -0.201582
v -0.600095 0.799613 -0.201582
v -0.033077 0.995836 -0.198994
v 0.033077 0.995836 -0.198994
v 0.585530 0.099693 -0.196689
v -0.585530 0.099693 -0.196689
v -0.375347 0.959490 -0.195283
v 0.375347 0.959490 -0.195283
v 0.573422 0.859797 -0.192622
v -0.573422 0.859797 -0.192622
v 0.064315 0.995836 -0.191462
v -0.064315 0.995836 -0.191462
v 0.191420 0.003221 -0.191420
v -0.191420 0.003221 -0.191420
v 0.565138 0.081894 -0.189839
v -0.565138 0.081894 -0.189839
v 0.255977 0.977663 -0.187859
v -0.255977 0.977663 -0.187859
v 0.551301 0.067890 -0.185191
v -0.551301 0.067890 -0.185191
v -0.546203 0.057510 -0.183479
v 0.546203 0.920153 -0.183479
v 0.546203 0.057510 -0.183479
v 0.546203 0.057510 -0.183479
v -0.546203 0.057510 -0.183479
v -0.546203 0.920153 -0.183479
v 0.183362 0.986404 -0.183362
v -0.183362 0.986404 -0.183362
v -0.544919 0.048912 -0.183047
v 0.544919 0.048912 -0.183047
v -0.539212 0.040487 -0.181130
v 0.539212 0.040487 -0.181130
v 0.539039 0.933740 -0.181072
v -0.539039 0.933740 -0.181072
v 0.093328 0.995836 -0.179383
v -0.093328 0.995836 -0.179383
v 0.531492 0.944307 -0.178537
v -0.531492 0.944307 -0.178537
v -0.526294 0.032407 -0.176791
v 0.526294 0.032407 -0.176791
v 0.524000 0.951855 -0.176020
v -0.524000 0.951855 -0.176020
v 0.516999 0.956384 -0.173669
v -0.516999 0.956384 -0.173669
v 0.331064 0.968922 -0.172244
v -0.331064 0.968922 -0.172244
v 0.510927 0.957894 -0.171629
v -0.510927 0.957894 -0.171629
v 0.509790 0.920153 -0.171247
v -0.509790 0.920153 -0.171247
v 0.506221 0.956384 -0.170048
v -0.506221 0.956384 -0.170048
v 0.504664 0.933740 -0.169525
v -0.504664 0.933740 -0.169525
v -0.503381 0.024844 -0.169094
v 0.503381 0.024844 -0.169094
v 0.503317 0.951855 -0.169072
v -0.503317 0.951855 -0.169072
v -0.324931 0.006987 -0.169053
v 0.324931 0.006987 -0.169053
v 0.502653 0.944307 -0.168849
v -0.502653 0.944307 -0.168849
v -0.119728 0.995836 -0.163143
v 0.119728 0.995836 -0.163143
v 0.218186 0.003221 -0.160124
v -0.218186 0.003221 -0.160124
v 0.473376 0.920153 -0.159015
v -0.473376 0.920153 -0.159015
v -0.467686 0.017972 -0.157104
v 0.467686 0.017972 -0.157104
v 0.464127 0.935796 -0.155908
v -0.464127 0.935796 -0.155908
v 0.209002 0.986404 -0.153384
v -0.209002 0.986404 -0.153384
v 0.000000 1.006648 -0.149985
v 0.000000 1.006648 -0.149985
v 0.000000 0.000834 -0.148864
v 0.000000 0.000834 -0.148864
v 0.024610 1.006648 -0.148053
v -0.024610 1.006648 -0.148053
v 0.438710 0.948678 -0.147370
v -0.438710 0.948678 -0.147370
v 0.024425 0.000834 -0.146946
v -0.024425 0.000834 -0.146946
v 0.281459 0.977663 -0.146436
v -0.281459 0.977663 -0.146436
v 0.143129 0.995836 -0.143129
v -0.143129 0.995836 -0.143129
v 0.047851 1.006648 -0.142450
v -0.047851 1.006648 -0.142450
v 0.047493 0.000834 -0.141385
v -0.047493 0.000834 -0.141385
v -0.416425 0.011962 -0.139884
v 0.416425 0.011962 -0.139884
v 0.000000 1.163534 -0.137410
v 0.000000 1.163534 -0.137410
v 0.000000 1.181304 -0.137333
v 0.000000 1.181304 -0.137333
v 0.022627 1.163534 -0.135649
v -0.022627 1.163534 -0.135649
v 0.022616 1.181304 -0.135573
v -0.022616 1.181304 -0.135573
v 0.400622 0.959490 -0.134576
v -0.400622 0.959490 -0.134576
v 0.069437 1.006648 -0.133463
v -0.069437 1.006648 -0.133463
v 0.068918 0.000834 -0.132465
v -0.068918 0.000834 -0.132465
v 0.043966 1.163534 -0.130538
v -0.043966 1.163534 -0.130538
v 0.043945 1.181304 -0.130466
v -0.043945 1.181304 -0.130466
v 0.756918 0.345058 -0.125816
v -0.756918 0.345058 -0.125816
v -0.756918 0.345058 -0.125816
v 0.754174 0.397650 -0.125359
v -0.754174 0.397650 -0.125359
v 0.751620 0.295858 -0.124935
v -0.751620 0.295858 -0.124935
v 0.239905 0.003221 -0.124816
v -0.239905 0.003221 -0.124816
v 0.000000 1.143003 -0.124604
v 0.000000 1.143003 -0.124604
v 0.746321 0.451795 -0.124054
v -0.746321 0.451795 -0.124054
v 0.020515 1.143003 -0.123007
v -0.020515 1.143003 -0.123007
v 0.737238 0.251662 -0.122544
v -0.737238 0.251662 -0.122544
v 0.063761 1.163534 -0.122335
v -0.063761 1.163534 -0.122335
v 0.063729 1.181304 -0.122268
v -0.063729 1.181304 -0.122268
v 0.733927 0.507321 -0.121994
v -0.733927 0.507321 -0.121994
v 0.089079 1.006648 -0.121380
v -0.089079 1.006648 -0.121380
v 0.088413 0.000834 -0.120472
v -0.088413 0.000834 -0.120472
v 0.163143 0.995836 -0.119728
v -0.163143 0.995836 -0.119728
v 0.229807 0.986404 -0.119562
v -0.229807 0.986404 -0.119562
v 0.717559 0.564054 -0.119273
v -0.717559 0.564054 -0.119273
v 0.716045 0.212297 -0.119021
v -0.716045 0.212297 -0.119021
v 0.353357 0.968922 -0.118698
v -0.353357 0.968922 -0.118698
v 0.000000 1.195279 -0.118393
v 0.000000 1.195279 -0.118393
v 0.039864 1.143003 -0.118372
v -0.039864 1.143003 -0.118372
v 0.019498 1.195279 -0.116876
v -0.019498 1.195279 -0.116876
v -0.346812 0.006987 -0.116500
v 0.346812 0.006987 -0.116500
v 0.697784 0.621822 -0.115986
v -0.697784 0.621822 -0.115986
v 0.690309 0.177590 -0.114744
v -0.690309 0.177590 -0.114744
v 0.037885 1.195279 -0.112473
v -0.037885 1.195279 -0.112473
v 0.675171 0.680453 -0.112228
v -0.675171 0.680453 -0.112228
v 0.081753 1.163534 -0.111298
v -0.081753 1.163534 -0.111298
v 0.081711 1.181304 -0.111238
v -0.081711 1.181304 -0.111238
v 0.057814 1.143003 -0.110932
v -0.057814 1.143003 -0.110932
v 0.662303 0.147368 -0.110089
v -0.662303 0.147368 -0.110089
v -0.650287 0.739775 -0.108091
v 0.650287 0.739775 -0.108091
v 0.000000 1.019530 -0.107121
v 0.106489 1.006648 -0.106489
v -0.106489 1.006648 -0.106489
v 0.017576 1.019530 -0.105741
v -0.017576 1.019530 -0.105741
v 0.105693 0.000834 -0.105693
v -0.105693 0.000834 -0.105693
v 0.634297 0.121460 -0.105433
v -0.634297 0.121460 -0.105433
v 0.054941 1.195279 -0.105407
v -0.054941 1.195279 -0.105407
v 0.000000 1.120747 -0.104897
v 0.000000 1.120747 -0.104897
v 0.623701 0.799613 -0.103672
v -0.623701 0.799613 -0.103672
v 0.017265 1.120747 -0.103553
v -0.017265 1.120747 -0.103553
v 0.034176 1.019530 -0.101739
v -0.034176 1.019530 -0.101739
v -0.608562 0.099693 -0.101156
v 0.608562 0.099693 -0.101156
v 0.074129 1.143003 -0.100922
v -0.074129 1.143003 -0.100922
v 0.300412 0.977663 -0.100913
v -0.300412 0.977663 -0.100913
v 0.033551 1.120747 -0.099649
v -0.033551 1.120747 -0.099649
v 0.595978 0.859797 -0.099064
v -0.595978 0.859797 -0.099064
v 0.097685 1.163534 -0.097685
v -0.097685 1.163534 -0.097685
v 0.097633 1.181304 -0.097633
v -0.097633 1.181304 -0.097633
v 0.587368 0.081894 -0.097633
v -0.587368 0.081894 -0.097633
v 0.070443 1.195279 -0.095898
v -0.070443 1.195279 -0.095898
v -0.049593 1.019530 -0.095321
v 0.049593 1.019530 -0.095321
v 0.572987 0.067890 -0.095242
v -0.572987 0.067890 -0.095242
v -0.567689 0.057510 -0.094362
v 0.567689 0.920153 -0.094362
v 0.567689 0.057510 -0.094362
v 0.567689 0.057510 -0.094362
v -0.567689 0.057510 -0.094362
v -0.567689 0.920153 -0.094362
v -0.566354 0.048912 -0.094140
v 0.566354 0.048912 -0.094140
v 0.048661 1.120747 -0.093384
v -0.048661 1.120747 -0.093384
v -0.179383 0.995836 -0.093328
v 0.179383 0.995836 -0.093328
v -0.560422 0.040487 -0.093154
v 0.560422 0.040487 -0.093154
v 0.560242 0.933740 -0.093124
v -0.560242 0.933740 -0.093124
v 0.552399 0.944307 -0.091820
v -0.552399 0.944307 -0.091820
v -0.546996 0.032407 -0.090922
v 0.546996 0.032407 -0.090922
v 0.544612 0.951855 -0.090526
v -0.544612 0.951855 -0.090526
v 0.537336 0.956384 -0.089317
v -0.537336 0.956384 -0.089317
v 0.121380 1.006648 -0.089079
v -0.121380 1.006648 -0.089079
v 0.088577 1.143003 -0.088577
v -0.088577 1.143003 -0.088577
v 0.120472 0.000834 -0.088413
v -0.120472 0.000834 -0.088413
v 0.531026 0.957894 -0.088268
v -0.531026 0.957894 -0.088268
v 0.529843 0.920153 -0.088071
v -0.529843 0.920153 -0.088071
v 0.526134 0.956384 -0.087454
v -0.526134 0.956384 -0.087454
v 0.524516 0.933740 -0.087186
v -0.524516 0.933740 -0.087186
v -0.523182 0.024844 -0.086964
v 0.523182 0.024844 -0.086964
v -0.523116 0.951855 -0.086953
v 0.523116 0.951855 -0.086953
v 0.522425 0.944307 -0.086838
v -0.522425 0.944307 -0.086838
v 0.063621 1.019530 -0.086691
v -0.063621 1.019530 -0.086691
v -0.256060 0.003221 -0.086015
v 0.256060 0.003221 -0.086015
v 0.062396 1.120747 -0.084955
v -0.062396 1.120747 -0.084955
v 0.000000 1.097800 -0.084271
v 0.000000 1.097800 -0.084271
v 0.084169 1.195279 -0.084169
v -0.084169 1.195279 -0.084169
v -0.013862 1.097800 -0.083189
v 0.013862 1.097800 -0.083189
v 0.245281 0.986404 -0.082394
v -0.245281 0.986404 -0.082394
v 0.491997 0.920153 -0.081780
v -0.491997 0.920153 -0.081780
v 0.111298 1.163534 -0.081753
v -0.111298 1.163534 -0.081753
v 0.111238 1.181304 -0.081711
v -0.111238 1.181304 -0.081711
v 0.486083 0.017972 -0.080797
v -0.486083 0.017972 -0.080797
v 0.482384 0.935796 -0.080182
v -0.482384 0.935796 -0.080182
v -0.026941 1.097800 -0.080051
v 0.026941 1.097800 -0.080051
v 0.000000 1.035173 -0.076679
v 0.000000 1.035173 -0.076679
v 0.000000 1.035173 -0.076679
v 0.000000 1.035173 -0.076679
v 0.076056 1.019530 -0.076056
v -0.076056 1.019530 -0.076056
v 0.455967 0.948678 -0.075792
v -0.455967 0.948678 -0.075792
v 0.012582 1.035173 -0.075692
v -0.012582 1.035173 -0.075692
v -0.012582 1.035173 -0.075692
v 0.012582 1.035173 -0.075692
v 0.039078 1.097800 -0.075015
v -0.039078 1.097800 -0.075015
v 0.000000 1.204423 -0.074609
v 0.000000 1.204423 -0.074609
v 0.074560 1.120747 -0.074560
v -0.074560 1.120747 -0.074560
v 0.100922 1.143003 -0.074129
v -0.100922 1.143003 -0.074129
v 0.012287 1.204423 -0.073653
v -0.012287 1.204423 -0.073653
v 0.024464 1.035173 -0.072827
v -0.024464 1.035173 -0.072827
v -0.024464 1.035173 -0.072827
v 0.024464 1.035173 -0.072827
v -0.432806 0.011962 -0.071941
v 0.432806 0.011962 -0.071941
v 0.023875 1.204423 -0.070879
v -0.023875 1.204423 -0.070879
v 0.095898 1.195279 -0.070443
v -0.095898 1.195279 -0.070443
v -0.133463 1.006648 -0.069437
v 0.133463 1.006648 -0.069437
v 0.416381 0.959490 -0.069211
v -0.416381 0.959490 -0.069211
v 0.132465 0.000834 -0.068918
v -0.132465 0.000834 -0.068918
v 0.000000 1.075199 -0.068705
v 0.000000 1.075199 -0.068705
v 0.050113 1.097800 -0.068240
v -0.050113 1.097800 -0.068240
v 0.035500 1.035173 -0.068232
v -0.035500 1.035173 -0.068232
v -0.035500 1.035173 -0.068232
v 0.035500 1.035173 -0.068232
v -0.011291 1.075199 -0.067822
v 0.011291 1.075199 -0.067822
v 0.034623 1.204423 -0.066425
v -0.034623 1.204423 -0.066425
v -0.021948 1.075199 -0.065260
v 0.021948 1.075199 -0.065260
v 0.191462 0.995836 -0.064315
v -0.191462 0.995836 -0.064315
v 0.000000 1.053978 -0.064181
v 0.000000 1.053978 -0.064181
v 0.122335 1.163534 -0.063761
v -0.122335 1.163534 -0.063761
v -0.122268 1.181304 -0.063729
v 0.122268 1.181304 -0.063729
v 0.086691 1.019530 -0.063621
v -0.086691 1.019530 -0.063621
v -0.010536 1.053978 -0.063354
v 0.010536 1.053978 -0.063354
v 0.084955 1.120747 -0.062396
v -0.084955 1.120747 -0.062396
v 0.045541 1.035173 -0.062055
v -0.045541 1.035173 -0.062055
v -0.045541 1.035173 -0.062055
v 0.045541 1.035173 -0.062055
v -0.031840 1.075199 -0.061150
v 0.031840 1.075199 -0.061150
v 0.367257 0.968922 -0.061046
v -0.367257 0.968922 -0.061046
v -0.020484 1.053978 -0.060958
v 0.020484 1.053978 -0.060958
v 0.044392 1.204423 -0.060433
v -0.044392 1.204423 -0.060433
v -0.360454 0.006987 -0.059915
v 0.360454 0.006987 -0.059915
v 0.059887 1.097800 -0.059887
v -0.059887 1.097800 -0.059887
v 0.110932 1.143003 -0.057814
v -0.110932 1.143003 -0.057814
v -0.029722 1.053978 -0.057114
v 0.029722 1.053978 -0.057114
v -0.040837 1.075199 -0.055623
v 0.040837 1.075199 -0.055623
v 0.105407 1.195279 -0.054941
v -0.105407 1.195279 -0.054941
v 0.054442 1.035173 -0.054442
v -0.054442 1.035173 -0.054442
v -0.054442 1.035173 -0.054442
v 0.054442 1.035173 -0.054442
v 0.053042 1.204423 -0.053042
v -0.053042 1.204423 -0.053042
v -0.038127 1.053978 -0.051946
v 0.038127 1.053978 -0.051946
v 0.312229 0.977663 -0.051899
v -0.312229 0.977663 -0.051899
v 0.068240 1.097800 -0.050113
v -0.068240 1.097800 -0.050113
v -0.095321 1.019530 -0.049593
v 0.095321 1.019530 -0.049593
v -0.048808 1.075199 -0.048808
v 0.048808 1.075199 -0.048808
v 0.093384 1.120747 -0.048661
v -0.093384 1.120747 -0.048661
v 0.142450 1.006648 -0.047851
v -0.142450 1.006648 -0.047851
v -0.141385 0.000834 -0.047493
v 0.141385 0.000834 -0.047493
v -0.045576 1.053978 -0.045576
v 0.045576 1.053978 -0.045576
v 0.062055 1.035173 -0.045541
v -0.062055 1.035173 -0.045541
v -0.062055 1.035173 -0.045541
v 0.062055 1.035173 -0.045541
v 0.060433 1.204423 -0.044392
v -0.060433 1.204423 -0.044392
v -0.266133 0.003221 -0.044237
v 0.266133 0.003221 -0.044237
v 0.130538 1.163534 -0.043966
v -0.130538 1.163534 -0.043966
v 0.130466 1.181304 -0.043945
v -0.130466 1.181304 -0.043945
v 0.254930 0.986404 -0.042375
v -0.254930 0.986404 -0.042375
v 0.055623 1.075199 -0.040837
v -0.055623 1.075199 -0.040837
v 0.118372 1.143003 -0.039864
v -0.118372 1.143003 -0.039864
v 0.075015 1.097800 -0.039078
v -0.075015 1.097800 -0.039078
v -0.051946 1.053978 -0.038127
v 0.051946 1.053978 -0.038127
v 0.112473 1.195279 -0.037885
v -0.112473 1.195279 -0.037885
v 0.068232 1.035173 -0.035500
v -0.068232 1.035173 -0.035500
v 0.068232 1.035173 -0.035500
v -0.068232 1.035173 -0.035500
v 0.066425 1.204423 -0.034623
v -0.066425 1.204423 -0.034623
v 0.101739 1.019530 -0.034176
v -0.101739 1.019530 -0.034176
v 0.099649 1.120747 -0.033551
v -0.099649 1.120747 -0.033551
v 0.198994 0.995836 -0.033077
v -0.198994 0.995836 -0.033077
v 0.061150 1.075199 -0.031840
v -0.061150 1.075199 -0.031840
v 0.057114 1.053978 -0.029722
v -0.057114 1.053978 -0.029722
v 0.080051 1.097800 -0.026941
v -0.080051 1.097800 -0.026941
v 0.148053 1.006648 -0.024610
v -0.148053 1.006648 -0.024610
v 0.072827 1.035173 -0.024464
v -0.072827 1.035173 -0.024464
v 0.072827 1.035173 -0.024464
v -0.072827 1.035173 -0.024464
v -0.146946 0.000834 -0.024425
v 0.146946 0.000834 -0.024425
v 0.070879 1.204423 -0.023875
v -0.070879 1.204423 -0.023875
v 0.135649 1.163534 -0.022627
v -0.135649 1.163534 -0.022627
v 0.135573 1.181304 -0.022616
v -0.135573 1.181304 -0.022616
v 0.065260 1.075199 -0.021948
v -0.065260 1.075199 -0.021948
v 0.123007 1.143003 -0.020515
v -0.123007 1.143003 -0.020515
v 0.060958 1.053978 -0.020484
v -0.060958 1.053978 -0.020484
v 0.116876 1.195279 -0.019498
v -0.116876 1.195279 -0.019498
v 0.105741 1.019530 -0.017576
v -0.105741 1.019530 -0.017576
v 0.103553 1.120747 -0.017265
v -0.103553 1.120747 -0.017265
v 0.083189 1.097800 -0.013862
v -0.083189 1.097800 -0.013862
v 0.075692 1.035173 -0.012582
v -0.075692 1.035173 -0.012582
v 0.075692 1.035173 -0.012582
v -0.075692 1.035173 -0.012582
v 0.073653 1.204423 -0.012287
v -0.073653 1.204423 -0.012287
v 0.067822 1.075199 -0.011291
v -0.067822 1.075199 -0.011291
v 0.063354 1.053978 -0.010536
v -0.063354 1.053978 -0.010536
v -0.616503 0.099693 0.000000
v -0.658772 0.739775 0.000000
v 0.631839 0.799613 0.000000
v 0.746858 0.251662 0.000000
v 0.761427 0.295858 0.000000
v -0.529941 0.951855 0.000000
v 0.076679 1.035173 0.000000
v -0.573744 0.048912 0.000000
v 0.461917 0.948678 0.000000
v 0.064181 1.053978 0.000000
v -0.365157 0.006987 0.000000
v 0.492426 0.017972 0.000000
v -0.530008 0.024844 0.000000
v -0.670945 0.147368 0.000000
v -0.699317 0.177590 0.000000
v 0.725388 0.212297 0.000000
v -0.764015 0.397650 0.000000
v -0.756059 0.451795 0.000000
v 0.743503 0.507321 0.000000
v 0.706889 0.621822 0.000000
v -0.683981 0.680453 0.000000
v 0.498416 0.920153 0.000000
v 0.567553 0.933740 0.000000
v 0.531360 0.933740 0.000000
v 0.559607 0.944307 0.000000
v 0.529242 0.944307 0.000000
v 0.532999 0.956384 0.000000
v 0.421814 0.959490 0.000000
v 0.068705 1.075199 0.000000
v 0.084271 1.097800 0.000000
v 0.258256 0.986404 0.000000
v -0.567735 0.040487 0.000000
v 0.580463 0.067890 0.000000
v 0.544347 0.956384 0.000000
v 0.372049 0.968922 0.000000
v 0.104897 1.120747 0.000000
v 0.118393 1.195279 0.000000
v 0.201590 0.995836 0.000000
v 0.076679 1.035173 0.000000
v 0.124604 1.143003 0.000000
v 0.074609 1.204423 0.000000
v -0.148864 0.000834 0.000000
v 0.137333 1.181304 0.000000
v 0.000000 0.000000 0.000000
v 0.148864 0.000834 0.000000
v -0.148864 0.000834 0.000000
v 0.269605 0.003221 0.000000
v -0.269605 0.003221 0.000000
v 0.365157 0.006987 0.000000
v -0.365157 0.006987 0.000000
v 0.438453 0.011962 0.000000
v 0.438453 0.011962 0.000000
v -0.438453 0.011962 0.000000
v -0.438453 0.011962 0.000000
v 0.492426 0.017972 0.000000
v -0.492426 0.017972 0.000000
v 0.530008 0.024844 0.000000
v -0.530008 0.024844 0.000000
v 0.554134 0.032407 0.000000
v 0.554134 0.032407 0.000000
v -0.554134 0.032407 0.000000
v -0.554134 0.032407 0.000000
v 0.567735 0.040487 0.000000
v -0.567735 0.040487 0.000000
v 0.573744 0.048912 0.000000
v -0.573744 0.048912 0.000000
v 0.575096 0.057510 0.000000
v 0.575096 0.057510 0.000000
v -0.575096 0.057510 0.000000
v -0.575096 0.057510 0.000000
v 0.580463 0.067890 0.000000
v -0.580463 0.067890 0.000000
v 0.595033 0.081894 0.000000
v 0.595033 0.081894 0.000000
v -0.595033 0.081894 0.000000
v -0.595033 0.081894 0.000000
v 0.616503 0.099693 0.000000
v -0.616503 0.099693 0.000000
v 0.642574 0.121460 0.000000
v 0.642574 0.121460 0.000000
v -0.642574 0.121460 0.000000
v -0.642574 0.121460 0.000000
v 0.670945 0.147368 0.000000
v -0.670945 0.147368 0.000000
v 0.699317 0.177590 0.000000
v -0.699317 0.177590 0.000000
v 0.725388 0.212297 0.000000
v -0.725388 0.212297 0.000000
v 0.746858 0.251662 0.000000
v -0.746858 0.251662 0.000000
v 0.761427 0.295858 0.000000
v -0.761427 0.295858 0.000000
v 0.766795 0.345058 0.000000
v 0.766795 0.345058 0.000000
v -0.766795 0.345058 0.000000
v -0.766795 0.345058 0.000000
v 0.764015 0.397650 0.000000
v -0.764015 0.397650 0.000000
v 0.756059 0.451795 0.000000
v -0.756059 0.451795 0.000000
v 0.743503 0.507321 0.000000
v -0.743503 0.507321 0.000000
v 0.726921 0.564054 0.000000
v 0.726921 0.564054 0.000000
v -0.726921 0.564054 0.000000
v -0.726921 0.564054 0.000000
v 0.706889 0.621822 0.000000
v -0.706889 0.621822 0.000000
v 0.683981 0.680453 0.000000
v -0.683981 0.680453 0.000000
v 0.658772 0.739775 0.000000
v -0.658772 0.739775 0.000000
v 0.631839 0.799613 0.000000
v -0.631839 0.799613 0.000000
v 0.603755 0.859797 0.000000
v 0.603755 0.859797 0.000000
v -0.603755 0.859797 0.000000
v -0.603755 0.859797 0.000000
v 0.575096 0.920153 0.000000
v 0.575096 0.920153 0.000000
v 0.536756 0.920153 0.000000
v 0.536756 0.920153 0.000000
v 0.498416 0.920153 0.000000
v -0.498416 0.920153 0.000000
v -0.536756 0.920153 0.000000
v -0.536756 0.920153 0.000000
v -0.575096 0.920153 0.000000
v -0.575096 0.920153 0.000000
v 0.567553 0.933740 0.000000
v 0.531360 0.933740 0.000000
v -0.531360 0.933740 0.000000
v -0.567553 0.933740 0.000000
v 0.488678 0.935796 0.000000
v 0.488678 0.935796 0.000000
v -0.488678 0.935796 0.000000
v -0.488678 0.935796 0.000000
v 0.559607 0.944307 0.000000
v 0.529242 0.944307 0.000000
v -0.529242 0.944307 0.000000
v -0.559607 0.944307 0.000000
v 0.461917 0.948678 0.000000
v -0.461917 0.948678 0.000000
v 0.551718 0.951855 0.000000
v 0.529941 0.951855 0.000000
v -0.529941 0.951855 0.000000
v -0.551718 0.951855 0.000000
v 0.544347 0.956384 0.000000
v 0.532999 0.956384 0.000000
v -0.532999 0.956384 0.000000
v -0.544347 0.956384 0.000000
v 0.537954 0.957894 0.000000
v 0.537954 0.957894 0.000000
v -0.537954 0.957894 0.000000
v -0.537954 0.957894 0.000000
v 0.421814 0.959490 0.000000
v -0.421814 0.959490 0.000000
v 0.372049 0.968922 0.000000
v -0.372049 0.968922 0.000000
v 0.316303 0.977663 0.000000
v 0.316303 0.977663 0.000000
v -0.316303 0.977663 0.000000
v -0.316303 0.977663 0.000000
v 0.258256 0.986404 0.000000
v -0.258256 0.986404 0.000000
v 0.201590 0.995836 0.000000
v -0.201590 0.995836 0.000000
v 0.149985 1.006648 0.000000
v 0.149985 1.006648 0.000000
v -0.149985 1.006648 0.000000
v -0.149985 1.006648 0.000000
v 0.107121 1.019530 0.000000
v -0.107121 1.019530 0.000000
v 0.076679 1.035173 0.000000
v 0.076679 1.035173 0.000000
v -0.076679 1.035173 0.000000
v -0.076679 1.035173 0.000000
v 0.064181 1.053978 0.000000
v -0.064181 1.053978 0.000000
v 0.068705 1.075199 0.000000
v -0.068705 1.075199 0.000000
v 0.084271 1.097800 0.000000
v -0.084271 1.097800 0.000000
v 0.104897 1.120747 0.000000
v -0.104897 1.120747 0.000000
v 0.124604 1.143003 0.000000
v -0.124604 1.143003 0.000000
v 0.137410 1.163534 0.000000
v 0.137410 1.163534 0.000000
v -0.137410 1.163534 0.000000
v -0.137410 1.163534 0.000000
v 0.137333 1.181304 0.000000
v -0.137333 1.181304 0.000000
v 0.118393 1.195279 0.000000
v -0.118393 1.195279 0.000000
v 0.074609 1.204423 0.000000
v -0.074609 1.204423 0.000000
v 0.000000 1.207701 0.000000
v 0.148864 0.000834 0.000000
v -0.137333 1.181304 0.000000
v -0.201590 0.995836 0.000000
v -0.076679 1.035173 0.000000
v -0.124604 1.143003 0.000000
v -0.074609 1.204423 0.000000
v -0.118393 1.195279 0.000000
v 0.567735 0.040487 0.000000
v -0.580463 0.067890 0.000000
v -0.544347 0.956384 0.000000
v -0.372049 0.968922 0.000000
v -0.104897 1.120747 0.000000
v -0.258256 0.986404 0.000000
v -0.084271 1.097800 0.000000
v 0.365157 0.006987 0.000000
v -0.492426 0.017972 0.000000
v 0.530008 0.024844 0.000000
v 0.670945 0.147368 0.000000
v 0.699317 0.177590 0.000000
v -0.725388 0.212297 0.000000
v 0.764015 0.397650 0.000000
v 0.756059 0.451795 0.000000
v -0.743503 0.507321 0.000000
v -0.706889 0.621822 0.000000
v 0.683981 0.680453 0.000000
v -0.498416 0.920153 0.000000
v -0.531360 0.933740 0.000000
v -0.567553 0.933740 0.000000
v -0.529242 0.944307 0.000000
v -0.559607 0.944307 0.000000
v -0.532999 0.956384 0.000000
v -0.421814 0.959490 0.000000
v -0.068705 1.075199 0.000000
v -0.064181 1.053978 0.000000
v 0.573744 0.048912 0.000000
v -0.461917 0.948678 0.000000
v -0.746858 0.251662 0.000000
v -0.761427 0.295858 0.000000
v 0.529941 0.951855 0.000000
v -0.076679 1.035173 0.000000
v 0.616503 0.099693 0.000000
v 0.658772 0.739775 0.000000
v -0.631839 0.799613 0.000000
v 0.063354 1.053978 0.010536
v -0.063354 1.053978 0.010536
v 0.067822 1.075199 0.011291
v -0.067822 1.075199 0.011291
v 0.073653 1.204423 0.012287
v -0.073653 1.204423 0.012287
v 0.075692 1.035173 0.012582
v -0.075692 1.035173 0.012582
v 0.075692 1.035173 0.012582
v -0.075692 1.035173 0.012582
v 0.083189 1.097800 0.013862
v -0.083189 1.097800 0.013862
v 0.103553 1.120747 0.017265
v -0.103553 1.120747 0.017265
v 0.105741 1.019530 0.017576
v -0.105741 1.019530 0.017576
v 0.116876 1.195279 0.019498
v -0.116876 1.195279 0.019498
v 0.060958 1.053978 0.020484
v -0.060958 1.053978 0.020484
v 0.123007 1.143003 0.020515
v -0.123007 1.143003 0.020515
v 0.065260 1.075199 0.021948
v -0.065260 1.075199 0.021948
v 0.135573 1.181304 0.022616
v -0.135573 1.181304 0.022616
v 0.135649 1.163534 0.022627
v -0.135649 1.163534 0.022627
v 0.070879 1.204423 0.023875
v -0.070879 1.204423 0.023875
v -0.146946 0.000834 0.024425
v 0.146946 0.000834 0.024425
v 0.072827 1.035173 0.024464
v -0.072827 1.035173 0.024464
v 0.072827 1.035173 0.024464
v -0.072827 1.035173 0.024464
v 0.148053 1.006648 0.024610
v -0.148053 1.006648 0.024610
v 0.080051 1.097800 0.026941
v -0.080051 1.097800 0.026941
v 0.057114 1.053978 0.029722
v -0.057114 1.053978 0.029722
v 0.061150 1.075199 0.031840
v -0.061150 1.075199 0.031840
v 0.198994 0.995836 0.033077
v -0.198994 0.995836 0.033077
v 0.099649 1.120747 0.033551
v -0.099649 1.120747 0.033551
v 0.101739 1.019530 0.034176
v -0.101739 1.019530 0.034176
v 0.066425 1.204423 0.034623
v -0.066425 1.204423 0.034623
v 0.068232 1.035173 0.035500
v -0.068232 1.035173 0.035500
v 0.068232 1.035173 0.035500
v -0.068232 1.035173 0.035500
v 0.112473 1.195279 0.037885
v -0.112473 1.195279 0.037885
v -0.051946 1.053978 0.038127
v 0.051946 1.053978 0.038127
v 0.075015 1.097800 0.039078
v -0.075015 1.097800 0.039078
v 0.118372 1.143003 0.039864
v -0.118372 1.143003 0.039864
v 0.055623 1.075199 0.040837
v -0.055623 1.075199 0.040837
v 0.254930 0.986404 0.042375
v -0.254930 0.986404 0.042375
v 0.130466 1.181304 0.043945
v -0.130466 1.181304 0.043945
v 0.130538 1.163534 0.043966
v -0.130538 1.163534 0.043966
v -0.266133 0.003221 0.044237
v 0.266133 0.003221 0.044237
v 0.060433 1.204423 0.044392
v -0.060433 1.204423 0.044392
v -0.062055 1.035173 0.045541
v 0.062055 1.035173 0.045541
v 0.062055 1.035173 0.045541
v -0.062055 1.035173 0.045541
v -0.045576 1.053978 0.045576
v 0.045576 1.053978 0.045576
v -0.141385 0.000834 0.047493
v 0.141385 0.000834 0.047493
v 0.142450 1.006648 0.047851
v -0.142450 1.006648 0.047851
v 0.093384 1.120747 0.048661
v -0.093384 1.120747 0.048661
v -0.048808 1.075199 0.048808
v 0.048808 1.075199 0.048808
v -0.095321 1.019530 0.049593
v 0.095321 1.019530 0.049593
v 0.068240 1.097800 0.050113
v -0.068240 1.097800 0.050113
v 0.312229 0.977663 0.051899
v -0.312229 0.977663 0.051899
v -0.038127 1.053978 0.051946
v 0.038127 1.053978 0.051946
v 0.053042 1.204423 0.053042
v -0.053042 1.204423 0.053042
v -0.054442 1.035173 0.054442
v 0.054442 1.035173 0.054442
v 0.054442 1.035173 0.054442
v -0.054442 1.035173 0.054442
v 0.105407 1.195279 0.054941
v -0.105407 1.195279 0.054941
v -0.040837 1.075199 0.055623
v 0.040837 1.075199 0.055623
v -0.029722 1.053978 0.057114
v 0.029722 1.053978 0.057114
v 0.110932 1.143003 0.057814
v -0.110932 1.143003 0.057814
v 0.059887 1.097800 0.059887
v -0.059887 1.097800 0.059887
v -0.360454 0.006987 0.059915
v 0.360454 0.006987 0.059915
v 0.044392 1.204423 0.060433
v -0.044392 1.204423 0.060433
v -0.020484 1.053978 0.060958
v 0.020484 1.053978 0.060958
v 0.367257 0.968922 0.061046
v -0.367257 0.968922 0.061046
v -0.031840 1.075199 0.061150
v 0.031840 1.075199 0.061150
v -0.045541 1.035173 0.062055
v 0.045541 1.035173 0.062055
v 0.045541 1.035173 0.062055
v -0.045541 1.035173 0.062055
v 0.084955 1.120747 0.062396
v -0.084955 1.120747 0.062396
v -0.010536 1.053978 0.063354
v 0.010536 1.053978 0.063354
v 0.086691 1.019530 0.063621
v -0.086691 1.019530 0.063621
v -0.122268 1.181304 0.063729
v 0.122268 1.181304 0.063729
v 0.122335 1.163534 0.063761
v -0.122335 1.163534 0.063761
v 0.000000 1.053978 0.064181
v 0.000000 1.053978 0.064181
v 0.191462 0.995836 0.064315
v -0.191462 0.995836 0.064315
v -0.021948 1.075199 0.065260
v 0.021948 1.075199 0.065260
v 0.034623 1.204423 0.066425
v -0.034623 1.204423 0.066425
v -0.011291 1.075199 0.067822
v 0.011291 1.075199 0.067822
v -0.035500 1.035173 0.068232
v 0.035500 1.035173 0.068232
v 0.035500 1.035173 0.068232
v -0.035500 1.035173 0.068232
v 0.050113 1.097800 0.068240
v -0.050113 1.097800 0.068240
v 0.000000 1.075199 0.068705
v 0.000000 1.075199 0.068705
v 0.132465 0.000834 0.068918
v -0.132465 0.000834 0.068918
v 0.416381 0.959490 0.069211
v -0.416381 0.959490 0.069211
v -0.133463 1.006648 0.069437
v 0.133463 1.006648 0.069437
v 0.095898 1.195279 0.070443
v -0.095898 1.195279 0.070443
v 0.023875 1.204423 0.070879
v -0.023875 1.204423 0.070879
v -0.432806 0.011962 0.071941
v 0.432806 0.011962 0.071941
v -0.024464 1.035173 0.072827
v 0.024464 1.035173 0.072827
v 0.024464 1.035173 0.072827
v -0.024464 1.035173 0.072827
v 0.012287 1.204423 0.073653
v -0.012287 1.204423 0.073653
v 0.100922 1.143003 0.074129
v -0.100922 1.143003 0.074129
v 0.074560 1.120747 0.074560
v -0.074560 1.120747 0.074560
v 0.000000 1.204423 0.074609
v 0.000000 1.204423 0.074609
v 0.039078 1.097800 0.075015
v -0.039078 1.097800 0.075015
v -0.012582 1.035173 0.075692
v 0.012582 1.035173 0.075692
v 0.012582 1.035173 0.075692
v -0.012582 1.035173 0.075692
v 0.455967 0.948678 0.075792
v -0.455967 0.948678 0.075792
v 0.076056 1.019530 0.076056
v -0.076056 1.019530 0.076056
v 0.000000 1.035173 0.076679
v 0.000000 1.035173 0.076679
v 0.000000 1.035173 0.076679
v 0.000000 1.035173 0.076679
v -0.026941 1.097800 0.080051
v 0.026941 1.097800 0.080051
v 0.482384 0.935796 0.080182
v -0.482384 0.935796 0.080182
v 0.486083 0.017972 0.080797
v -0.486083 0.017972 0.080797
v 0.111238 1.181304 0.081711
v -0.111238 1.181304 0.081711
v 0.111298 1.163534 0.081753
v -0.111298 1.163534 0.081753
v 0.491997 0.920153 0.081780
v -0.491997 0.920153 0.081780
v 0.245281 0.986404 0.082394
v -0.245281 0.986404 0.082394
v -0.013862 1.097800 0.083189
v 0.013862 1.097800 0.083189
v 0.084169 1.195279 0.084169
v -0.084169 1.195279 0.084169
v 0.000000 1.097800 0.084271
v 0.000000 1.097800 0.084271
v 0.062396 1.120747 0.084955
v -0.062396 1.120747 0.084955
v -0.256060 0.003221 0.086015
v 0.256060 0.003221 0.086015
v 0.063621 1.019530 0.086691
v -0.063621 1.019530 0.086691
v 0.522425 0.944307 0.086838
v -0.522425 0.944307 0.086838
v -0.523116 0.951855 0.086953
v 0.523116 0.951855 0.086953
v -0.523182 0.024844 0.086964
v 0.523182 0.024844 0.086964
v 0.524516 0.933740 0.087186
v -0.524516 0.933740 0.087186
v 0.526134 0.956384 0.087454
v -0.526134 0.956384 0.087454
v 0.529843 0.920153 0.088071
v -0.529843 0.920153 0.088071
v 0.531026 0.957894 0.088268
v -0.531026 0.957894 0.088268
v 0.120472 0.000834 0.088413
v -0.120472 0.000834 0.088413
v 0.088577 1.143003 0.088577
v -0.088577 1.143003 0.088577
v 0.121380 1.006648 0.089079
v -0.121380 1.006648 0.089079
v 0.537336 0.956384 0.089317
v -0.537336 0.956384 0.089317
v 0.544612 0.951855 0.090526
v -0.544612 0.951855 0.090526
v -0.546996 0.032407 0.090922
v 0.546996 0.032407 0.090922
v 0.552399 0.944307 0.091820
v -0.552399 0.944307 0.091820
v 0.560242 0.933740 0.093124
v -0.560242 0.933740 0.093124
v -0.560422 0.040487 0.093154
v 0.560422 0.040487 0.093154
v -0.179383 0.995836 0.093328
v 0.179383 0.995836 0.093328
v 0.048661 1.120747 0.093384
v -0.048661 1.120747 0.093384
v -0.566354 0.048912 0.094140
v 0.566354 0.048912 0.094140
v 0.567689 0.057510 0.094362
v 0.567689 0.920153 0.094362
v -0.567689 0.057510 0.094362
v -0.567689 0.057510 0.094362
v -0.567689 0.920153 0.094362
v 0.567689 0.057510 0.094362
v 0.572987 0.067890 0.095242
v -0.572987 0.067890 0.095242
v -0.049593 1.019530 0.095321
v 0.049593 1.019530 0.095321
v 0.070443 1.195279 0.095898
v -0.070443 1.195279 0.095898
v 0.587368 0.081894 0.097633
v -0.587368 0.081894 0.097633
v 0.097633 1.181304 0.097633
v -0.097633 1.181304 0.097633
v 0.097685 1.163534 0.097685
v -0.097685 1.163534 0.097685
v 0.595978 0.859797 0.099064
v -0.595978 0.859797 0.099064
v 0.033551 1.120747 0.099649
v -0.033551 1.120747 0.099649
v 0.300412 0.977663 0.100913
v -0.300412 0.977663 0.100913
v 0.074129 1.143003 0.100922
v -0.074129 1.143003 0.100922
v -0.608562 0.099693 0.101156
v 0.608562 0.099693 0.101156
v 0.034176 1.019530 0.101739
v -0.034176 1.019530 0.101739
v 0.017265 1.120747 0.103553
v -0.017265 1.120747 0.103553
v 0.623701 0.799613 0.103672
v -0.623701 0.799613 0.103672
v 0.000000 1.120747 0.104897
v 0.000000 1.120747 0.104897
v 0.054941 1.195279 0.105407
v -0.054941 1.195279 0.105407
v 0.634297 0.121460 0.105433
v -0.634297 0.121460 0.105433
v 0.105693 0.000834 0.105693
v -0.105693 0.000834 0.105693
v 0.017576 1.019530 0.105741
v -0.017576 1.019530 0.105741
v 0.106489 1.006648 0.106489
v -0.106489 1.006648 0.106489
v 0.000000 1.019530 0.107121
v -0.650287 0.739775 0.108091
v 0.650287 0.739775 0.108091
v 0.662303 0.147368 0.110089
v -0.662303 0.147368 0.110089
v 0.057814 1.143003 0.110932
v -0.057814 1.143003 0.110932
v 0.081711 1.181304 0.111238
v -0.081711 1.181304 0.111238
v 0.081753 1.163534 0.111298
v -0.081753 1.163534 0.111298
v 0.675171 0.680453 0.112228
v -0.675171 0.680453 0.112228
v 0.037885 1.195279 0.112473
v -0.037885 1.195279 0.112473
v 0.690309 0.177590 0.114744
v -0.690309 0.177590 0.114744
v 0.697784 0.621822 0.115986
v -0.697784 0.621822 0.115986
v -0.346812 0.006987 0.116500
v 0.346812 0.006987 0.116500
v 0.019498 1.195279 0.116876
v -0.019498 1.195279 0.116876
v 0.039864 1.143003 0.118372
v -0.039864 1.143003 0.118372
v 0.000000 1.195279 0.118393
v 0.000000 1.195279 0.118393
v 0.353357 0.968922 0.118698
v -0.353357 0.968922 0.118698
v 0.716045 0.212297 0.119021
v -0.716045 0.212297 0.119021
v 0.717559 0.564054 0.119273
v -0.717559 0.564054 0.119273
v 0.229807 0.986404 0.119562
v -0.229807 0.986404 0.119562
v 0.163143 0.995836 0.119728
v -0.163143 0.995836 0.119728
v 0.088413 0.000834 0.120472
v -0.088413 0.000834 0.120472
v 0.089079 1.006648 0.121380
v -0.089079 1.006648 0.121380
v 0.733927 0.507321 0.121994
v -0.733927 0.507321 0.121994
v 0.063729 1.181304 0.122268
v -0.063729 1.181304 0.122268
v 0.063761 1.163534 0.122335
v -0.063761 1.163534 0.122335
v 0.737238 0.251662 0.122544
v -0.737238 0.251662 0.122544
v 0.020515 1.143003 0.123007
v -0.020515 1.143003 0.123007
v 0.746321 0.451795 0.124054
v -0.746321 0.451795 0.124054
v 0.000000 1.143003 0.124604
v 0.000000 1.143003 0.124604
v 0.239905 0.003221 0.124816
v -0.239905 0.003221 0.124816
v 0.751620 0.295858 0.124935
v -0.751620 0.295858 0.124935
v 0.754174 0.397650 0.125359
v -0.754174 0.397650 0.125359
v 0.756918 0.345058 0.125816
v 0.756918 0.345058 0.125816
v -0.756918 0.345058 0.125816
v 0.043945 1.181304 0.130466
v -0.043945 1.181304 0.130466
v 0.043966 1.163534 0.130538
v -0.043966 1.163534 0.130538
v 0.068918 0.000834 0.132465
v -0.068918 0.000834 0.132465
v 0.069437 1.006648 0.133463
v -0.069437 1.006648 0.133463
v 0.400622 0.959490 0.134576
v -0.400622 0.959490 0.134576
v 0.022616 1.181304 0.135573
v -0.022616 1.181304 0.135573
v 0.022627 1.163534 0.135649
v -0.022627 1.163534 0.135649
v 0.000000 1.181304 0.137333
v 0.000000 1.181304 0.137333
v 0.000000 1.163534 0.137410
v 0.000000 1.163534 0.137410
v -0.416425 0.011962 0.139884
v 0.416425 0.011962 0.139884
v 0.047493 0.000834 0.141385
v -0.047493 0.000834 0.141385
v 0.047851 1.006648 0.142450
v -0.047851 1.006648 0.142450
v 0.143129 0.995836 0.143129
v -0.143129 0.995836 0.143129
v 0.281459 0.977663 0.146436
v -0.281459 0.977663 0.146436
v 0.024425 0.000834 0.146946
v -0.024425 0.000834 0.146946
v 0.438710 0.948678 0.147370
v -0.438710 0.948678 0.147370
v 0.024610 1.006648 0.148053
v -0.024610 1.006648 0.148053
v 0.000000 0.000834 0.148864
v 0.000000 0.000834 0.148864
v 0.000000 1.006648 0.149985
v 0.000000 1.006648 0.149985
v 0.209002 0.986404 0.153384
v -0.209002 0.986404 0.153384
v 0.464127 0.935796 0.155908
v -0.464127 0.935796 0.155908
v -0.467686 0.017972 0.157104
v 0.467686 0.017972 0.157104
v 0.473376 0.920153 0.159015
v -0.473376 0.920153 0.159015
v 0.218186 0.003221 0.160124
v -0.218186 0.003221 0.160124
v -0.119728 0.995836 0.163143
v 0.119728 0.995836 0.163143
v 0.502653 0.944307 0.168849
v -0.502653 0.944307 0.168849
v -0.324931 0.006987 0.169053
v 0.324931 0.006987 0.169053
v 0.503317 0.951855 0.169072
v -0.503317 0.951855 0.169072
v -0.503381 0.024844 0.169094
v 0.503381 0.024844 0.169094
v 0.504664 0.933740 0.169525
v -0.504664 0.933740 0.169525
v 0.506221 0.956384 0.170048
v -0.506221 0.956384 0.170048
v 0.509790 0.920153 0.171247
v -0.509790 0.920153 0.171247
v 0.510927 0.957894 0.171629
v -0.510927 0.957894 0.171629
v 0.331064 0.968922 0.172244
v -0.331064 0.968922 0.172244
v 0.516999 0.956384 0.173669
v -0.516999 0.956384 0.173669
v 0.524000 0.951855 0.176020
v -0.524000 0.951855 0.176020
v -0.526294 0.032407 0.176791
v 0.526294 0.032407 0.176791
v 0.531492 0.944307 0.178537
v -0.531492 0.944307 0.178537
v 0.093328 0.995836 0.179383
v -0.093328 0.995836 0.179383
v 0.539039 0.933740 0.181072
v -0.539039 0.933740 0.181072
v -0.539212 0.040487 0.181130
v 0.539212 0.040487 0.181130
v -0.544919 0.048912 0.183047
v 0.544919 0.048912 0.183047
v 0.183362 0.986404 0.183362
v -0.183362 0.986404 0.183362
v 0.546203 0.057510 0.183479
v 0.546203 0.920153 0.183479
v -0.546203 0.057510 0.183479
v -0.546203 0.057510 0.183479
v 0.546203 0.057510 0.183479
v -0.546203 0.920153 0.183479
v 0.551301 0.067890 0.185191
v -0.551301 0.067890 0.185191
v 0.255977 0.977663 0.187859
v -0.255977 0.977663 0.187859
v 0.565138 0.081894 0.189839
v -0.565138 0.081894 0.189839
v 0.191420 0.003221 0.191420
v -0.191420 0.003221 0.191420
v 0.064315 0.995836 0.191462
v -0.064315 0.995836 0.191462
v 0.573422 0.859797 0.192622
v -0.573422 0.859797 0.192622
v -0.375347 0.959490 0.195283
v 0.375347 0.959490 0.195283
v 0.585530 0.099693 0.196689
v -0.585530 0.099693 0.196689
v -0.033077 0.995836 0.198994
v 0.033077 0.995836 0.198994
v 0.600095 0.799613 0.201582
v -0.600095 0.799613 0.201582
v 0.000000 0.995836 0.201590
v 0.000000 0.995836 0.201590
v 0.390153 0.011962 0.202986
v -0.390153 0.011962 0.202986
v 0.610291 0.121460 0.205007
v -0.610291 0.121460 0.205007
v 0.153384 0.986404 0.209002
v -0.153384 0.986404 0.209002
v 0.625676 0.739775 0.210175
v -0.625676 0.739775 0.210175
v 0.411032 0.948678 0.213849
v -0.411032 0.948678 0.213849
v 0.637237 0.147368 0.214058
v -0.637237 0.147368 0.214058
v -0.295515 0.006987 0.216874
v 0.295515 0.006987 0.216874
v 0.160124 0.003221 0.218186
v -0.160124 0.003221 0.218186
v 0.649618 0.680453 0.218217
v -0.649618 0.680453 0.218217
v 0.301091 0.968922 0.220967
v -0.301091 0.968922 0.220967
v 0.664183 0.177590 0.223110
v -0.664183 0.177590 0.223110
v 0.224575 0.977663 0.224575
v -0.224575 0.977663 0.224575
v 0.671375 0.621822 0.225526
v -0.671375 0.621822 0.225526
v -0.434845 0.935796 0.226239
v 0.434845 0.935796 0.226239
v 0.438180 0.017972 0.227973
v -0.438180 0.017972 0.227973
v 0.119562 0.986404 0.229807
v -0.119562 0.986404 0.229807
v 0.443511 0.920153 0.230747
v -0.443511 0.920153 0.230747
v 0.688944 0.212297 0.231428
v -0.688944 0.212297 0.231428
v 0.690401 0.564054 0.231917
v -0.690401 0.564054 0.231917
v 0.706150 0.507321 0.237207
v -0.706150 0.507321 0.237207
v 0.709336 0.251662 0.238278
v -0.709336 0.251662 0.238278
v -0.124816 0.003221 0.239905
v 0.124816 0.003221 0.239905
v 0.718075 0.451795 0.241213
v -0.718075 0.451795 0.241213
v 0.723173 0.295858 0.242925
v -0.723173 0.295858 0.242925
v 0.725631 0.397650 0.243751
v -0.725631 0.397650 0.243751
v 0.728271 0.345058 0.244638
v 0.728271 0.345058 0.244638
v -0.728271 0.345058 0.244638
v -0.728271 0.345058 0.244638
v 0.470940 0.944307 0.245018
v -0.470940 0.944307 0.245018
v 0.082394 0.986404 0.245281
v -0.082394 0.986404 0.245281
v -0.471563 0.951855 0.245342
v 0.471563 0.951855 0.245342
v 0.471623 0.024844 0.245373
v -0.471623 0.024844 0.245373
v 0.472825 0.933740 0.245998
v -0.472825 0.933740 0.245998
v 0.474284 0.956384 0.246757
v -0.474284 0.956384 0.246757
v 0.477627 0.920153 0.248497
v -0.477627 0.920153 0.248497
v 0.478693 0.957894 0.249051
v -0.478693 0.957894 0.249051
v 0.341365 0.959490 0.250524
v -0.341365 0.959490 0.250524
v 0.484382 0.956384 0.252011
v -0.484382 0.956384 0.252011
v 0.042375 0.986404 0.254930
v -0.042375 0.986404 0.254930
v -0.490941 0.951855 0.255423
v 0.490941 0.951855 0.255423
v 0.187859 0.977663 0.255977
v -0.187859 0.977663 0.255977
v 0.086015 0.003221 0.256060
v -0.086015 0.003221 0.256060
v 0.493090 0.032407 0.256542
v -0.493090 0.032407 0.256542
v 0.000000 0.986404 0.258256
v 0.000000 0.986404 0.258256
v 0.497960 0.944307 0.259075
v -0.497960 0.944307 0.259075
v -0.259262 0.006987 0.259262
v 0.259262 0.006987 0.259262
v 0.354831 0.011962 0.260406
v -0.354831 0.011962 0.260406
v 0.505031 0.933740 0.262754
v -0.505031 0.933740 0.262754
v 0.505193 0.040487 0.262838
v -0.505193 0.040487 0.262838
v 0.264155 0.968922 0.264155
v -0.264155 0.968922 0.264155
v -0.510541 0.048912 0.265621
v 0.510541 0.048912 0.265621
v 0.044237 0.003221 0.266133
v -0.044237 0.003221 0.266133
v -0.511743 0.057510 0.266246
v 0.511743 0.057510 0.266246
v -0.511743 0.920153 0.266246
v 0.511743 0.057510 0.266246
v -0.511743 0.057510 0.266246
v 0.511743 0.920153 0.266246
v -0.516520 0.067890 0.268731
v 0.516520 0.067890 0.268731
v 0.000000 0.003221 0.269605
v 0.373820 0.948678 0.274342
v -0.373820 0.948678 0.274342
v -0.529484 0.081894 0.275476
v 0.529484 0.081894 0.275476
v 0.537245 0.859797 0.279514
v -0.537245 0.859797 0.279514
v 0.146436 0.977663 0.281459
v -0.146436 0.977663 0.281459
v -0.548589 0.099693 0.285416
v 0.548589 0.099693 0.285416
v -0.395477 0.935796 0.290236
v 0.395477 0.935796 0.290236
v 0.398510 0.017972 0.292462
v -0.398510 0.017972 0.292462
v 0.562235 0.799613 0.292516
v -0.562235 0.799613 0.292516
v -0.216874 0.006987 0.295515
v 0.216874 0.006987 0.295515
v 0.403358 0.920153 0.296019
v -0.403358 0.920153 0.296019
v 0.571788 0.121460 0.297486
v -0.571788 0.121460 0.297486
v 0.299488 0.959490 0.299488
v -0.299488 0.959490 0.299488
v 0.100913 0.977663 0.300412
v -0.100913 0.977663 0.300412
v 0.220967 0.968922 0.301091
v -0.220967 0.968922 0.301091
v -0.586202 0.739775 0.304985
v 0.586202 0.739775 0.304985
v -0.597034 0.147368 0.310621
v 0.597034 0.147368 0.310621
v -0.311302 0.011962 0.311302
v 0.311302 0.011962 0.311302
v 0.051899 0.977663 0.312229
v -0.051899 0.977663 0.312229
v 0.428305 0.944307 0.314327
v -0.428305 0.944307 0.314327
v -0.428871 0.951855 0.314743
v 0.428871 0.951855 0.314743
v -0.428925 0.024844 0.314783
v 0.428925 0.024844 0.314783
v 0.430019 0.933740 0.315585
v -0.430019 0.933740 0.315585
v 0.000000 0.977663 0.316303
v 0.000000 0.977663 0.316303
v 0.431345 0.956384 0.316559
v -0.431345 0.956384 0.316559
v -0.608634 0.680453 0.316656
v 0.608634 0.680453 0.316656
v 0.434386 0.920153 0.318790
v -0.434386 0.920153 0.318790
v 0.435356 0.957894 0.319502
v -0.435356 0.957894 0.319502
v 0.440530 0.956384 0.323299
v -0.440530 0.956384 0.323299
v -0.622280 0.177590 0.323756
v 0.622280 0.177590 0.323756
v 0.169053 0.006987 0.324931
v -0.169053 0.006987 0.324931
v 0.629018 0.621822 0.327261
v -0.629018 0.621822 0.327261
v 0.446494 0.951855 0.327677
v -0.446494 0.951855 0.327677
v 0.327961 0.948678 0.327961
v -0.327961 0.948678 0.327961
v 0.448449 0.032407 0.329111
v -0.448449 0.032407 0.329111
v 0.172244 0.968922 0.331064
v -0.172244 0.968922 0.331064
v 0.452878 0.944307 0.332362
v -0.452878 0.944307 0.332362
v 0.645479 0.212297 0.335825
v -0.645479 0.212297 0.335825
v 0.646844 0.564054 0.336535
v -0.646844 0.564054 0.336535
v 0.459309 0.933740 0.337081
v -0.459309 0.933740 0.337081
v 0.459456 0.040487 0.337189
v -0.459456 0.040487 0.337189
v -0.464320 0.048912 0.340758
v 0.464320 0.048912 0.340758
v 0.250524 0.959490 0.341365
v -0.250524 0.959490 0.341365
v 0.465414 0.057510 0.341561
v -0.465414 0.057510 0.341561
v 0.465414 0.920153 0.341561
v 0.465414 0.057510 0.341561
v -0.465414 0.057510 0.341561
v -0.465414 0.920153 0.341561
v 0.661599 0.507321 0.344212
v -0.661599 0.507321 0.344212
v -0.469757 0.067890 0.344749
v 0.469757 0.067890 0.344749
v 0.664584 0.251662 0.345765
v -0.664584 0.251662 0.345765
v -0.116500 0.006987 0.346812
v 0.116500 0.006987 0.346812
v -0.346961 0.935796 0.346961
v 0.346961 0.935796 0.346961
v 0.349622 0.017972 0.349622
v -0.349622 0.017972 0.349622
v 0.672772 0.451795 0.350025
v -0.672772 0.451795 0.350025
v 0.677548 0.295858 0.352510
v -0.677548 0.295858 0.352510
v 0.118698 0.968922 0.353357
v -0.118698 0.968922 0.353357
v -0.481548 0.081894 0.353402
v 0.481548 0.081894 0.353402
v -0.679851 0.397650 0.353709
v 0.679851 0.397650 0.353709
v 0.353876 0.920153 0.353876
v -0.353876 0.920153 0.353876
v -0.260406 0.011962 0.354831
v 0.260406 0.011962 0.354831
v -0.682324 0.345058 0.354995
v 0.682324 0.345058 0.354995
v 0.682324 0.345058 0.354995
v -0.682324 0.345058 0.354995
v 0.488607 0.859797 0.358582
v -0.488607 0.859797 0.358582
v -0.059915 0.006987 0.360454
v 0.059915 0.006987 0.360454
v 0.000000 0.006987 0.365157
v 0.000000 0.006987 0.365157
v -0.498923 0.099693 0.366153
v 0.498923 0.099693 0.366153
v 0.061046 0.968922 0.367257
v -0.061046 0.968922 0.367257
v 0.000000 0.968922 0.372049
v 0.000000 0.968922 0.372049
v 0.274342 0.948678 0.373820
v -0.274342 0.948678 0.373820
v 0.511334 0.799613 0.375262
v -0.511334 0.799613 0.375262
v -0.195283 0.959490 0.375347
v 0.195283 0.959490 0.375347
v 0.375762 0.944307 0.375762
v -0.375762 0.944307 0.375762
v 0.376258 0.951855 0.376258
v -0.376258 0.951855 0.376258
v -0.376306 0.024844 0.376306
v 0.376306 0.024844 0.376306
v 0.377266 0.933740 0.377266
v -0.377266 0.933740 0.377266
v 0.378429 0.956384 0.378429
v -0.378429 0.956384 0.378429
v 0.381097 0.920153 0.381097
v -0.381097 0.920153 0.381097
v 0.520022 0.121460 0.381637
v -0.520022 0.121460 0.381637
v 0.381948 0.957894 0.381948
v -0.381948 0.957894 0.381948
v 0.386487 0.956384 0.386487
v -0.386487 0.956384 0.386487
v -0.202986 0.011962 0.390153
v 0.202986 0.011962 0.390153
v 0.533131 0.739775 0.391258
v -0.533131 0.739775 0.391258
v 0.391720 0.951855 0.391720
v -0.391720 0.951855 0.391720
v 0.393435 0.032407 0.393435
v -0.393435 0.032407 0.393435
v -0.290236 0.935796 0.395477
v 0.290236 0.935796 0.395477
v 0.397321 0.944307 0.397321
v -0.397321 0.944307 0.397321
v 0.542983 0.147368 0.398488
v -0.542983 0.147368 0.398488
v 0.292462 0.017972 0.398510
v -0.292462 0.017972 0.398510
v 0.134576 0.959490 0.400622
v -0.134576 0.959490 0.400622
v 0.402962 0.933740 0.402962
v -0.402962 0.933740 0.402962
v 0.403092 0.040487 0.403092
v -0.403092 0.040487 0.403092
v 0.296019 0.920153 0.403358
v -0.296019 0.920153 0.403358
v 0.553532 0.680453 0.406230
v -0.553532 0.680453 0.406230
v -0.407358 0.048912 0.407358
v 0.407358 0.048912 0.407358
v 0.408318 0.057510 0.408318
v -0.408318 0.057510 0.408318
v 0.408318 0.920153 0.408318
v -0.408318 0.920153 0.408318
v 0.213849 0.948678 0.411032
v -0.213849 0.948678 0.411032
v 0.412129 0.067890 0.412129
v -0.412129 0.067890 0.412129
v 0.565943 0.177590 0.415338
v -0.565943 0.177590 0.415338
v -0.069211 0.959490 0.416381
v 0.069211 0.959490 0.416381
v -0.139884 0.011962 0.416425
v 0.139884 0.011962 0.416425
v 0.572071 0.621822 0.419835
v -0.572071 0.621822 0.419835
v 0.000000 0.959490 0.421814
v 0.000000 0.959490 0.421814
v -0.422473 0.081894 0.422473
v 0.422473 0.081894 0.422473
v 0.314327 0.944307 0.428305
v -0.314327 0.944307 0.428305
v 0.428666 0.859797 0.428666
v -0.428666 0.859797 0.428666
v 0.314743 0.951855 0.428871
v -0.314743 0.951855 0.428871
v 0.314783 0.024844 0.428925
v -0.314783 0.024844 0.428925
v 0.315585 0.933740 0.430019
v -0.315585 0.933740 0.430019
v 0.587042 0.212297 0.430822
v -0.587042 0.212297 0.430822
v 0.316559 0.956384 0.431345
v -0.316559 0.956384 0.431345
v 0.588283 0.564054 0.431733
v -0.588283 0.564054 0.431733
v 0.071941 0.011962 0.432806
v -0.071941 0.011962 0.432806
v 0.318790 0.920153 0.434386
v -0.318790 0.920153 0.434386
v -0.226239 0.935796 0.434845
v 0.226239 0.935796 0.434845
v 0.319502 0.957894 0.435356
v -0.319502 0.957894 0.435356
v -0.437717 0.099693 0.437717
v 0.437717 0.099693 0.437717
v 0.227973 0.017972 0.438180
v -0.227973 0.017972 0.438180
v 0.000000 0.011962 0.438453
v 0.000000 0.011962 0.438453
v 0.147370 0.948678 0.438710
v -0.147370 0.948678 0.438710
v 0.323299 0.956384 0.440530
v -0.323299 0.956384 0.440530
v 0.601702 0.507321 0.441581
v -0.601702 0.507321 0.441581
v 0.230747 0.920153 0.443511
v -0.230747 0.920153 0.443511
v 0.604417 0.251662 0.443574
v -0.604417 0.251662 0.443574
v 0.327677 0.951855 0.446494
v -0.327677 0.951855 0.446494
v 0.329111 0.032407 0.448449
v -0.329111 0.032407 0.448449
v 0.448605 0.799613 0.448605
v -0.448605 0.799613 0.448605
v 0.611864 0.451795 0.449039
v -0.611864 0.451795 0.449039
v 0.616208 0.295858 0.452227
v -0.616208 0.295858 0.452227
v 0.332362 0.944307 0.452878
v -0.332362 0.944307 0.452878
v 0.618302 0.397650 0.453764
v -0.618302 0.397650 0.453764
v 0.620551 0.345058 0.455415
v 0.620551 0.345058 0.455415
v -0.620551 0.345058 0.455415
v -0.620551 0.345058 0.455415
v 0.075792 0.948678 0.455967
v -0.075792 0.948678 0.455967
v 0.456227 0.121460 0.456227
v -0.456227 0.121460 0.456227
v 0.337081 0.933740 0.459309
v -0.337081 0.933740 0.459309
v 0.337189 0.040487 0.459456
v -0.337189 0.040487 0.459456
v 0.000000 0.948678 0.461917
v 0.000000 0.948678 0.461917
v -0.155908 0.935796 0.464127
v 0.155908 0.935796 0.464127
v -0.340758 0.048912 0.464320
v 0.340758 0.048912 0.464320
v 0.341561 0.057510 0.465414
v 0.341561 0.057510 0.465414
v -0.341561 0.057510 0.465414
v -0.341561 0.057510 0.465414
v 0.341561 0.920153 0.465414
v -0.341561 0.920153 0.465414
v 0.157104 0.017972 0.467686
v -0.157104 0.017972 0.467686
v -0.467729 0.739775 0.467729
v 0.467729 0.739775 0.467729
v -0.344749 0.067890 0.469757
v 0.344749 0.067890 0.469757
v 0.245018 0.944307 0.470940
v -0.245018 0.944307 0.470940
v 0.245342 0.951855 0.471563
v -0.245342 0.951855 0.471563
v 0.245373 0.024844 0.471623
v -0.245373 0.024844 0.471623
v 0.245998 0.933740 0.472825
v -0.245998 0.933740 0.472825
v 0.159015 0.920153 0.473376
v -0.159015 0.920153 0.473376
v 0.246757 0.956384 0.474284
v -0.246757 0.956384 0.474284
v 0.476371 0.147368 0.476371
v -0.476371 0.147368 0.476371
v 0.248497 0.920153 0.477627
v -0.248497 0.920153 0.477627
v 0.249051 0.957894 0.478693
v -0.249051 0.957894 0.478693
v -0.353402 0.081894 0.481548
v 0.353402 0.081894 0.481548
v -0.080182 0.935796 0.482384
v 0.080182 0.935796 0.482384
v 0.252011 0.956384 0.484382
v -0.252011 0.956384 0.484382
v 0.485626 0.680453 0.485626
v -0.485626 0.680453 0.485626
v 0.080797 0.017972 0.486083
v -0.080797 0.017972 0.486083
v 0.358582 0.859797 0.488607
v -0.358582 0.859797 0.488607
v 0.000000 0.935796 0.488678
v 0.000000 0.935796 0.488678
v 0.255423 0.951855 0.490941
v -0.255423 0.951855 0.490941
v 0.081780 0.920153 0.491997
v -0.081780 0.920153 0.491997
v 0.000000 0.017972 0.492426
v 0.000000 0.017972 0.492426
v 0.256542 0.032407 0.493090
v -0.256542 0.032407 0.493090
v 0.496515 0.177590 0.496515
v -0.496515 0.177590 0.496515
v 0.259075 0.944307 0.497960
v -0.259075 0.944307 0.497960
v 0.000000 0.920153 0.498416
v 0.000000 0.920153 0.498416
v -0.366153 0.099693 0.498923
v 0.366153 0.099693 0.498923
v 0.501891 0.621822 0.501891
v -0.501891 0.621822 0.501891
v 0.168849 0.944307 0.502653
v -0.168849 0.944307 0.502653
v 0.169072 0.951855 0.503317
v -0.169072 0.951855 0.503317
v -0.169094 0.024844 0.503381
v 0.169094 0.024844 0.503381
v 0.169525 0.933740 0.504664
v -0.169525 0.933740 0.504664
v 0.262754 0.933740 0.505031
v -0.262754 0.933740 0.505031
v 0.262838 0.040487 0.505193
v -0.262838 0.040487 0.505193
v 0.170048 0.956384 0.506221
v -0.170048 0.956384 0.506221
v 0.171247 0.920153 0.509790
v -0.171247 0.920153 0.509790
v -0.265621 0.048912 0.510541
v 0.265621 0.048912 0.510541
v 0.171629 0.957894 0.510927
v -0.171629 0.957894 0.510927
v 0.375262 0.799613 0.511334
v -0.375262 0.799613 0.511334
v -0.266246 0.057510 0.511743
v 0.266246 0.057510 0.511743
v 0.266246 0.057510 0.511743
v -0.266246 0.057510 0.511743
v 0.266246 0.920153 0.511743
v -0.266246 0.920153 0.511743
v 0.515025 0.212297 0.515025
v -0.515025 0.212297 0.515025
v 0.516114 0.564054 0.516114
v -0.516114 0.564054 0.516114
v -0.268731 0.067890 0.516520
v 0.268731 0.067890 0.516520
v 0.173669 0.956384 0.516999
v -0.173669 0.956384 0.516999
v 0.381637 0.121460 0.520022
v -0.381637 0.121460 0.520022
v 0.086838 0.944307 0.522425
v -0.086838 0.944307 0.522425
v 0.086953 0.951855 0.523116
v -0.086953 0.951855 0.523116
v 0.086964 0.024844 0.523182
v -0.086964 0.024844 0.523182
v 0.176020 0.951855 0.524000
v -0.176020 0.951855 0.524000
v 0.087186 0.933740 0.524516
v -0.087186 0.933740 0.524516
v 0.087454 0.956384 0.526134
v -0.087454 0.956384 0.526134
v 0.176791 0.032407 0.526294
v -0.176791 0.032407 0.526294
v 0.527887 0.507321 0.527887
v -0.527887 0.507321 0.527887
v 0.000000 0.944307 0.529242
v 0.000000 0.944307 0.529242
v -0.275476 0.081894 0.529484
v 0.275476 0.081894 0.529484
v 0.088071 0.920153 0.529843
v -0.088071 0.920153 0.529843
v 0.000000 0.951855 0.529941
v 0.000000 0.951855 0.529941
v 0.000000 0.024844 0.530008
v 0.000000 0.024844 0.530008
v 0.530269 0.251662 0.530269
v -0.530269 0.251662 0.530269
v 0.088268 0.957894 0.531026
v -0.088268 0.957894 0.531026
v 0.000000 0.933740 0.531360
v 0.000000 0.933740 0.531360
v 0.178537 0.944307 0.531492
v -0.178537 0.944307 0.531492
v 0.000000 0.956384 0.532999
v 0.000000 0.956384 0.532999
v 0.391258 0.739775 0.533131
v -0.391258 0.739775 0.533131
v 0.000000 0.920153 0.536756
v 0.000000 0.920153 0.536756
v 0.536802 0.451795 0.536802
v -0.536802 0.451795 0.536802
v 0.279514 0.859797 0.537245
v -0.279514 0.859797 0.537245
v 0.089317 0.956384 0.537336
v -0.089317 0.956384 0.537336
v 0.000000 0.957894 0.537954
v 0.000000 0.957894 0.537954
v 0.181072 0.933740 0.539039
v -0.181072 0.933740 0.539039
v 0.181130 0.040487 0.539212
v -0.181130 0.040487 0.539212
v 0.540613 0.295858 0.540613
v -0.540613 0.295858 0.540613
v 0.542451 0.397650 0.542451
v -0.542451 0.397650 0.542451
v 0.398488 0.147368 0.542983
v -0.398488 0.147368 0.542983
v 0.000000 0.956384 0.544347
v 0.000000 0.956384 0.544347
v 0.544424 0.345058 0.544424
v 0.544424 0.345058 0.544424
v -0.544424 0.345058 0.544424
v -0.544424 0.345058 0.544424
v 0.090526 0.951855 0.544612
v -0.090526 0.951855 0.544612
v -0.183047 0.048912 0.544919
v 0.183047 0.048912 0.544919
v 0.183479 0.057510 0.546203
v 0.183479 0.057510 0.546203
v -0.183479 0.057510 0.546203
v -0.183479 0.057510 0.546203
v 0.183479 0.920153 0.546203
v -0.183479 0.920153 0.546203
v 0.090922 0.032407 0.546996
v -0.090922 0.032407 0.546996
v -0.285416 0.099693 0.548589
v 0.285416 0.099693 0.548589
v -0.185191 0.067890 0.551301
v 0.185191 0.067890 0.551301
v 0.000000 0.951855 0.551718
v 0.091820 0.944307 0.552399
v -0.091820 0.944307 0.552399
v 0.406230 0.680453 0.553532
v -0.406230 0.680453 0.553532
v 0.000000 0.032407 0.554134
v 0.000000 0.032407 0.554134
v 0.000000 0.944307 0.559607
v 0.000000 0.944307 0.559607
v 0.093124 0.933740 0.560242
v -0.093124 0.933740 0.560242
v 0.093154 0.040487 0.560422
v -0.093154 0.040487 0.560422
v 0.292516 0.799613 0.562235
v -0.292516 0.799613 0.562235
v -0.189839 0.081894 0.565138
v 0.189839 0.081894 0.565138
v 0.415338 0.177590 0.565943
v -0.415338 0.177590 0.565943
v -0.094140 0.048912 0.566354
v 0.094140 0.048912 0.566354
v 0.000000 0.933740 0.567553
v 0.000000 0.933740 0.567553
v 0.094362 0.057510 0.567689
v -0.094362 0.057510 0.567689
v -0.094362 0.057510 0.567689
v 0.094362 0.057510 0.567689
v 0.094362 0.920153 0.567689
v -0.094362 0.920153 0.567689
v 0.000000 0.040487 0.567735
v 0.000000 0.040487 0.567735
v 0.297486 0.121460 0.571788
v -0.297486 0.121460 0.571788
v 0.419835 0.621822 0.572071
v -0.419835 0.621822 0.572071
v -0.095242 0.067890 0.572987
v 0.095242 0.067890 0.572987
v 0.192622 0.859797 0.573422
v -0.192622 0.859797 0.573422
v 0.000000 0.048912 0.573744
v 0.000000 0.048912 0.573744
v 0.000000 0.057510 0.575096
v 0.000000 0.057510 0.575096
v 0.000000 0.920153 0.575096
v 0.000000 0.920153 0.575096
v 0.000000 0.067890 0.580463
v 0.000000 0.067890 0.580463
v 0.196689 0.099693 0.585530
v -0.196689 0.099693 0.585530
v 0.304985 0.739775 0.586202
v -0.304985 0.739775 0.586202
v 0.430822 0.212297 0.587042
v -0.430822 0.212297 0.587042
v -0.097633 0.081894 0.587368
v 0.097633 0.081894 0.587368
v 0.431733 0.564054 0.588283
v -0.431733 0.564054 0.588283
v 0.000000 0.081894 0.595033
v 0.000000 0.081894 0.595033
v 0.099064 0.859797 0.595978
v -0.099064 0.859797 0.595978
v 0.310621 0.147368 0.597034
v -0.310621 0.147368 0.597034
v 0.201582 0.799613 0.600095
v -0.201582 0.799613 0.600095
v 0.441581 0.507321 0.601702
v -0.441581 0.507321 0.601702
v 0.000000 0.859797 0.603755
v 0.000000 0.859797 0.603755
v 0.443574 0.251662 0.604417
v -0.443574 0.251662 0.604417
v -0.101156 0.099693 0.608562
v 0.101156 0.099693 0.608562
v 0.316656 0.680453 0.608634
v -0.316656 0.680453 0.608634
v 0.205007 0.121460 0.610291
v -0.205007 0.121460 0.610291
v 0.449039 0.451795 0.611864
v -0.449039 0.451795 0.611864
v 0.452227 0.295858 0.616208
v -0.452227 0.295858 0.616208
v 0.000000 0.099693 0.616503
v 0.000000 0.099693 0.616503
v 0.453764 0.397650 0.618302
v -0.453764 0.397650 0.618302
v 0.455415 0.345058 0.620551
v 0.455415 0.345058 0.620551
v -0.455415 0.345058 0.620551
v -0.455415 0.345058 0.620551
v 0.323756 0.177590 0.622280
v -0.323756 0.177590 0.622280
v 0.103672 0.799613 0.623701
v -0.103672 0.799613 0.623701
v 0.210175 0.739775 0.625676
v -0.210175 0.739775 0.625676
v 0.327261 0.621822 0.629018
v -0.327261 0.621822 0.629018
v 0.000000 0.799613 0.631839
v 0.000000 0.799613 0.631839
v 0.105433 0.121460 0.634297
v -0.105433 0.121460 0.634297
v 0.214058 0.147368 0.637237
v -0.214058 0.147368 0.637237
v 0.000000 0.121460 0.642574
v 0.000000 0.121460 0.642574
v 0.335825 0.212297 0.645479
v -0.335825 0.212297 0.645479
v 0.336535 0.564054 0.646844
v -0.336535 0.564054 0.646844
v 0.218217 0.680453 0.649618
v -0.218217 0.680453 0.649618
v 0.108091 0.739775 0.650287
v -0.108091 0.739775 0.650287
v 0.000000 0.230038 0.651775
v 0.000000 0.230038 0.651775
v -0.068321 0.238895 0.651775
v 0.068321 0.238895 0.651775
v 0.121460 0.262934 0.651775
v -0.121460 0.262934 0.651775
v -0.159417 0.298360 0.651775
v 0.159417 0.298360 0.651775
v 0.182190 0.341377 0.651775
v -0.182190 0.341377 0.651775
v 0.189782 0.388190 0.651775
v -0.189782 0.388190 0.651775
v 0.182190 0.435003 0.651775
v -0.182190 0.435003 0.651775
v -0.159417 0.478020 0.651775
v 0.159417 0.478020 0.651775
v 0.121460 0.513446 0.651775
v -0.121460 0.513446 0.651775
v -0.068321 0.537485 0.651775
v 0.068321 0.537485 0.651775
v 0.000000 0.546341 0.651775
v 0.000000 0.546341 0.651775
v 0.000000 0.739775 0.658772
v 0.000000 0.739775 0.658772
v 0.344212 0.507321 0.661599
v -0.344212 0.507321 0.661599
v 0.110089 0.147368 0.662303
v -0.110089 0.147368 0.662303
v 0.223110 0.177590 0.664183
v -0.223110 0.177590 0.664183
v 0.345765 0.251662 0.664584
v -0.345765 0.251662 0.664584
v 0.000000 0.147368 0.670945
v 0.000000 0.147368 0.670945
v 0.225526 0.621822 0.671375
v -0.225526 0.621822 0.671375
v 0.350025 0.451795 0.672772
v -0.350025 0.451795 0.672772
v 0.112228 0.680453 0.675171
v -0.112228 0.680453 0.675171
v 0.352510 0.295858 0.677548
v -0.352510 0.295858 0.677548
v 0.353709 0.397650 0.679851
v -0.353709 0.397650 0.679851
v 0.354995 0.345058 0.682324
v 0.354995 0.345058 0.682324
v -0.354995 0.345058 0.682324
v -0.354995 0.345058 0.682324
v 0.000000 0.680453 0.683981
v 0.000000 0.680453 0.683981
v 0.231428 0.212297 0.688944
v -0.231428 0.212297 0.688944
v 0.114744 0.177590 0.690309
v -0.114744 0.177590 0.690309
v 0.231917 0.564054 0.690401
v -0.231917 0.564054 0.690401
v 0.115986 0.621822 0.697784
v -0.115986 0.621822 0.697784
v 0.000000 0.177590 0.699317
v 0.000000 0.177590 0.699317
v 0.237207 0.507321 0.706150
v -0.237207 0.507321 0.706150
v 0.000000 0.621822 0.706889
v 0.000000 0.621822 0.706889
v 0.238278 0.251662 0.709336
v -0.238278 0.251662 0.709336
v 0.119021 0.212297 0.716045
v -0.119021 0.212297 0.716045
v 0.119273 0.564054 0.717559
v -0.119273 0.564054 0.717559
v 0.241213 0.451795 0.718075
v -0.241213 0.451795 0.718075
v 0.242925 0.295858 0.723173
v -0.242925 0.295858 0.723173
v 0.000000 0.212297 0.725388
v 0.000000 0.212297 0.725388
v 0.243751 0.397650 0.725631
v -0.243751 0.397650 0.725631
v 0.000000 0.564054 0.726921
v 0.000000 0.564054 0.726921
v 0.244638 0.345058 0.728271
v 0.244638 0.345058 0.728271
v -0.244638 0.345058 0.728271
v -0.244638 0.345058 0.728271
v 0.121994 0.507321 0.733927
v -0.121994 0.507321 0.733927
v 0.122544 0.251662 0.737238
v -0.122544 0.251662 0.737238
v 0.000000 0.553702 0.742219
v 0.000000 0.553702 0.742219
v 0.000000 0.507321 0.743503
v 0.000000 0.507321 0.743503
v 0.067133 0.545659 0.743558
v -0.067133 0.545659 0.743558
v 0.124054 0.451795 0.746321
v -0.124054 0.451795 0.746321
v 0.000000 0.251662 0.746858
v 0.000000 0.251662 0.746858
v 0.119348 0.523827 0.747195
v -0.119348 0.523827 0.747195
v 0.124935 0.295858 0.751620
v -0.124935 0.295858 0.751620
v 0.156644 0.491654 0.752554
v -0.156644 0.491654 0.752554
v 0.125359 0.397650 0.754174
v -0.125359 0.397650 0.754174
v 0.000000 0.451795 0.756059
v 0.000000 0.451795 0.756059
v 0.125816 0.345058 0.756918
v -0.125816 0.345058 0.756918
v -0.125816 0.345058 0.756918
v 0.179021 0.452587 0.759061
v -0.179021 0.452587 0.759061
v 0.000000 0.295858 0.761427
v 0.000000 0.295858 0.761427
v 0.000000 0.397650 0.764015
v 0.000000 0.397650 0.764015
v 0.186481 0.410072 0.766143
v -0.186481 0.410072 0.766143
v 0.000000 0.345058 0.766795
v 0.000000 0.345058 0.766795
v 0.179021 0.367558 0.773224
v -0.179021 0.367558 0.773224
v 0.156644 0.328490 0.779731
v -0.156644 0.328490 0.779731
v -0.119348 0.296317 0.785091
v 0.119348 0.296317 0.785091
v -0.067133 0.274485 0.788727
v 0.067133 0.274485 0.788727
v 0.000000 0.266442 0.790067
v 0.000000 0.266442 0.790067
v 0.000000 0.574176 0.809428
v 0.000000 0.574176 0.809428
v 0.063907 0.567091 0.811644
v -0.063907 0.567091 0.811644
v 0.113613 0.547859 0.817658
v -0.113613 0.547859 0.817658
v 0.149117 0.519519 0.826521
v -0.149117 0.519519 0.826521
v 0.170420 0.485105 0.837283
v -0.170420 0.485105 0.837283
v 0.177521 0.447655 0.848995
v -0.177521 0.447655 0.848995
v 0.000000 0.605346 0.857775
v 0.000000 0.605346 0.857775
v 0.059154 0.599315 0.860519
v -0.059154 0.599315 0.860519
v 0.170420 0.410204 0.860707
v -0.170420 0.410204 0.860707
v 0.105162 0.582947 0.867966
v -0.105162 0.582947 0.867966
v 0.149117 0.375791 0.871469
v -0.149117 0.375791 0.871469
v 0.138026 0.558825 0.878942
v -0.138026 0.558825 0.878942
v 0.113613 0.347450 0.880331
v -0.113613 0.347450 0.880331
v 0.063907 0.328219 0.886346
v -0.063907 0.328219 0.886346
v 0.000000 0.321134 0.888561
v 0.000000 0.321134 0.888561
v 0.000000 0.644798 0.891629
v 0.000000 0.644798 0.891629
v 0.157744 0.529534 0.892269
v -0.157744 0.529534 0.892269
v 0.053382 0.639870 0.894669
v -0.053382 0.639870 0.894669
v 0.094901 0.626496 0.902921
v -0.094901 0.626496 0.902921
v 0.164316 0.497659 0.906773
v -0.164316 0.497659 0.906773
v 0.124557 0.606786 0.915081
v -0.124557 0.606786 0.915081
v 0.000000 0.690115 0.915361
v 0.000000 0.690115 0.915361
v -0.047100 0.686291 0.918581
v 0.047100 0.686291 0.918581
v 0.157744 0.465784 0.921276
v -0.157744 0.465784 0.921276
v 0.083734 0.675910 0.927323
v -0.083734 0.675910 0.927323
v 0.142352 0.582853 0.929848
v -0.142352 0.582853 0.929848
v 0.000000 0.738883 0.933342
v 0.000000 0.738883 0.933342
v 0.138026 0.436493 0.934604
v -0.138026 0.436493 0.934604
v -0.040819 0.736114 0.936743
v 0.040819 0.736114 0.936743
v 0.109901 0.660613 0.940205
v -0.109901 0.660613 0.940205
v 0.105162 0.412371 0.945580
v -0.105162 0.412371 0.945580
v 0.148283 0.556808 0.945918
v -0.148283 0.556808 0.945918
v -0.072567 0.728596 0.945974
v 0.072567 0.728596 0.945974
v 0.000000 0.788687 0.949943
v 0.000000 0.788687 0.949943
v 0.059154 0.396003 0.953027
v -0.059154 0.396003 0.953027
v 0.035047 0.786875 0.953641
v -0.035047 0.786875 0.953641
v 0.000000 0.389973 0.955771
v 0.000000 0.389973 0.955771
v 0.125601 0.642037 0.955848
v -0.125601 0.642037 0.955848
v -0.095244 0.717517 0.959578
v 0.095244 0.717517 0.959578
v 0.142352 0.530763 0.961987
v -0.142352 0.530763 0.961987
v -0.062306 0.781958 0.963676
v 0.062306 0.781958 0.963676
v 0.000000 0.837110 0.969535
v 0.130834 0.621822 0.972870
v -0.130834 0.621822 0.972870
v 0.030293 0.836111 0.973760
v -0.030293 0.836111 0.973760
v 0.108850 0.704065 0.976096
v -0.108850 0.704065 0.976096
v 0.124557 0.506830 0.976754
v -0.124557 0.506830 0.976754
v 0.081776 0.774712 0.978464
v -0.081776 0.774712 0.978464
v 0.053855 0.833401 0.985229
v -0.053855 0.833401 0.985229
v 0.094901 0.487120 0.988914
v -0.094901 0.487120 0.988914
v 0.125601 0.601608 0.989893
v -0.125601 0.601608 0.989893
v 0.113386 0.689425 0.994072
v -0.113386 0.689425 0.994072
v 0.093458 0.765913 0.996422
v -0.093458 0.765913 0.996422
v 0.000000 0.881737 0.996488
v 0.000000 0.881737 0.996488
v 0.053382 0.473746 0.997166
v -0.053382 0.473746 0.997166
v 0.000000 0.468818 1.000207
v 0.000000 0.468818 1.000207
v -0.027068 0.881359 1.001589
v 0.027068 0.881359 1.001589
v 0.070684 0.829408 1.002131
v -0.070684 0.829408 1.002131
v 0.109901 0.583032 1.005536
v -0.109901 0.583032 1.005536
v 0.108850 0.674785 1.012048
v -0.108850 0.674785 1.012048
v -0.048120 0.880331 1.015436
v 0.048120 0.880331 1.015436
v -0.097352 0.756337 1.015964
v 0.097352 0.756337 1.015964
v 0.083734 0.567735 1.018418
v -0.083734 0.567735 1.018418
v 0.080782 0.824559 1.022653
v -0.080782 0.824559 1.022653
v -0.047100 0.557354 1.027160
v 0.047100 0.557354 1.027160
v -0.095244 0.661333 1.028567
v 0.095244 0.661333 1.028567
v 0.000000 0.553530 1.030380
v 0.000000 0.553530 1.030380
v 0.000000 0.920153 1.035173
v 0.000000 0.920153 1.035173
v 0.000000 0.920153 1.035173
v 0.093458 0.746762 1.035506
v -0.093458 0.746762 1.035506
v -0.063158 0.878818 1.035841
v 0.063158 0.878818 1.035841
v -0.025879 0.920153 1.041614
v 0.025879 0.920153 1.041614
v 0.025879 0.920153 1.041614
v -0.025879 0.920153 1.041614
v -0.072567 0.650254 1.042171
v 0.072567 0.650254 1.042171
v 0.084148 0.819282 1.044988
v -0.084148 0.819282 1.044988
v 0.000000 0.927917 1.046598
v -0.040819 0.642736 1.051402
v 0.040819 0.642736 1.051402
v 0.025589 0.927977 1.053348
v -0.025589 0.927977 1.053348
v 0.081776 0.737963 1.053464
v -0.081776 0.737963 1.053464
v 0.000000 0.639967 1.054803
v 0.000000 0.639967 1.054803
v 0.000000 0.933956 1.057563
v -0.046008 0.920153 1.059097
v 0.046008 0.920153 1.059097
v 0.046008 0.920153 1.059097
v -0.046008 0.920153 1.059097
v -0.072181 0.876980 1.060619
v 0.072181 0.876980 1.060619
v 0.024803 0.934071 1.064451
v -0.024803 0.934071 1.064451
v 0.080782 0.814005 1.067322
v -0.080782 0.814005 1.067322
v 0.000000 0.938269 1.067608
v 0.000000 0.938269 1.067608
v -0.062306 0.730717 1.068253
v 0.062306 0.730717 1.068253
v 0.045492 0.928139 1.071671
v -0.045492 0.928139 1.071671
v 0.000000 0.920153 1.073512
v 0.023643 0.938434 1.074481
v -0.023643 0.938434 1.074481
v 0.000000 0.940857 1.076273
v 0.015528 0.920153 1.077806
v -0.015528 0.920153 1.077806
v -0.035047 0.725800 1.078288
v 0.035047 0.725800 1.078288
v 0.000000 0.723988 1.081985
v 0.000000 0.723988 1.081985
v 0.000000 0.927917 1.082790
v 0.000000 0.927917 1.082790
v 0.022236 0.941060 1.083001
v -0.022236 0.941060 1.083001
v 0.000000 0.941719 1.083097
v 0.000000 0.941719 1.083097
v 0.044094 0.934386 1.083145
v -0.044094 0.934386 1.083145
v -0.060385 0.920153 1.084861
v 0.060385 0.920153 1.084861
v 0.060385 0.920153 1.084861
v -0.060385 0.920153 1.084861
v 0.015817 0.928020 1.087572
v -0.015817 0.928020 1.087572
v -0.075188 0.874980 1.087583
v 0.075188 0.874980 1.087583
v 0.000000 0.940857 1.087621
v 0.000000 0.940857 1.087621
v 0.070684 0.809155 1.087844
v -0.070684 0.809155 1.087844
v 0.000000 0.933956 1.087928
v 0.000000 0.933956 1.087928
v 0.000000 0.938269 1.089385
v 0.000000 0.938269 1.089385
v 0.027605 0.920153 1.089462
v -0.027605 0.920153 1.089462
v 0.020703 0.941946 1.089572
v -0.020703 0.941946 1.089572
v 0.042033 0.938881 1.093138
v -0.042033 0.938881 1.093138
v 0.016604 0.934130 1.093192
v -0.016604 0.934130 1.093192
v 0.019171 0.941089 1.093753
v -0.019171 0.941089 1.093753
v 0.017764 0.938484 1.095106
v -0.017764 0.938484 1.095106
v 0.059709 0.928378 1.098673
v -0.059709 0.928378 1.098673
v 0.028120 0.928301 1.100551
v -0.028120 0.928301 1.100551
v 0.039530 0.941611 1.101265
v -0.039530 0.941611 1.101265
v 0.053855 0.805162 1.104746
v -0.053855 0.805162 1.104746
v 0.036231 0.920153 1.106638
v -0.036231 0.920153 1.106638
v 0.036806 0.942561 1.107146
v -0.036806 0.942561 1.107146
v 0.029519 0.934602 1.107482
v -0.029519 0.934602 1.107482
v -0.034082 0.941718 1.110397
v 0.034082 0.941718 1.110397
v 0.031580 0.939069 1.110636
v -0.031580 0.939069 1.110636
v 0.057873 0.934850 1.110696
v -0.057873 0.934850 1.110696
v -0.072181 0.872979 1.114547
v 0.072181 0.872979 1.114547
v 0.069012 0.920153 1.116146
v 0.069012 0.920153 1.116146
v -0.069012 0.920153 1.116146
v 0.030293 0.802452 1.116215
v -0.030293 0.802452 1.116215
v 0.036907 0.928714 1.119678
v -0.036907 0.928714 1.119678
v 0.000000 0.801454 1.120440
v 0.055168 0.939541 1.120631
v -0.055168 0.939541 1.120631
v 0.041407 0.920153 1.127495
v -0.041407 0.920153 1.127495
v 0.051883 0.942422 1.128181
v -0.051883 0.942422 1.128181
v 0.038743 0.935297 1.128540
v -0.038743 0.935297 1.128540
v 0.068239 0.928669 1.131461
v -0.068239 0.928669 1.131461
v 0.048308 0.943466 1.133044
v -0.048308 0.943466 1.133044
v 0.041448 0.939932 1.133523
v -0.041448 0.939932 1.133523
v 0.044733 0.942646 1.134925
v -0.044733 0.942646 1.134925
v -0.063158 0.871141 1.139325
v 0.063158 0.871141 1.139325
v -0.042180 0.929215 1.142903
v 0.042180 0.929215 1.142903
v 0.066141 0.935413 1.144150
v -0.066141 0.935413 1.144150
v 0.071887 0.920153 1.150192
v 0.071887 0.920153 1.150192
v 0.043132 0.920153 1.150192
v -0.043132 0.920153 1.150192
v -0.071887 0.920153 1.150192
v 0.063049 0.940341 1.154017
v -0.063049 0.940341 1.154017
v 0.044278 0.936142 1.154110
v -0.044278 0.936142 1.154110
v -0.048120 0.869628 1.159730
v 0.048120 0.869628 1.159730
v 0.059295 0.943408 1.160863
v -0.059295 0.943408 1.160863
v 0.047369 0.940979 1.161313
v -0.047369 0.940979 1.161313
v 0.055209 0.944566 1.164492
v -0.055209 0.944566 1.164492
v -0.051124 0.943772 1.164708
v 0.051124 0.943772 1.164708
v 0.071082 0.928985 1.167143
v -0.071082 0.928985 1.167143
v -0.043937 0.929761 1.168178
v 0.043937 0.929761 1.168178
v 0.041407 0.920153 1.172889
v -0.041407 0.920153 1.172889
v -0.027068 0.868601 1.173577
v 0.027068 0.868601 1.173577
v 0.000000 0.868222 1.178678
v 0.000000 0.868222 1.178678
v 0.068896 0.936026 1.180557
v -0.068896 0.936026 1.180557
v 0.046123 0.937061 1.181937
v -0.046123 0.937061 1.181937
v 0.069012 0.920153 1.184237
v 0.069012 0.920153 1.184237
v -0.069012 0.920153 1.184237
v 0.065676 0.941213 1.190348
v -0.065676 0.941213 1.190348
v 0.049343 0.942119 1.191555
v -0.049343 0.942119 1.191555
v -0.042180 0.930307 1.193452
v 0.042180 0.930307 1.193452
v 0.036231 0.920153 1.193746
v -0.036231 0.920153 1.193746
v -0.061765 0.944480 1.196429
v 0.061765 0.944480 1.196429
v -0.053254 0.944997 1.197120
v 0.053254 0.944997 1.197120
v 0.057510 0.945763 1.198715
v -0.057510 0.945763 1.198715
v 0.068239 0.929301 1.202824
v -0.068239 0.929301 1.202824
v 0.044278 0.937981 1.209764
v -0.044278 0.937981 1.209764
v 0.027605 0.920153 1.210922
v -0.027605 0.920153 1.210922
v 0.060385 0.920153 1.215523
v -0.060385 0.920153 1.215523
v 0.060385 0.920153 1.215523
v 0.036907 0.930808 1.216678
v -0.036907 0.930808 1.216678
v 0.066141 0.936639 1.216963
v -0.066141 0.936639 1.216963
v 0.047369 0.943258 1.221798
v -0.047369 0.943258 1.221798
v 0.015528 0.920153 1.222577
v -0.015528 0.920153 1.222577
v 0.063049 0.942084 1.226679
v -0.063049 0.942084 1.226679
v 0.000000 0.920153 1.226871
v -0.051124 0.946223 1.229531
v 0.051124 0.946223 1.229531
v 0.059295 0.945552 1.231996
v -0.059295 0.945552 1.231996
v 0.055209 0.946960 1.232939
v -0.055209 0.946960 1.232939
v 0.038743 0.938825 1.235334
v -0.038743 0.938825 1.235334
v 0.059709 0.929591 1.235612
v -0.059709 0.929591 1.235612
v 0.028120 0.931221 1.235805
v -0.028120 0.931221 1.235805
v 0.046008 0.920153 1.241287
v -0.046008 0.920153 1.241287
v 0.046008 0.920153 1.241287
v 0.015817 0.931502 1.248783
v -0.015817 0.931502 1.248783
v 0.041448 0.944305 1.249588
v -0.041448 0.944305 1.249588
v 0.057873 0.937202 1.250417
v -0.057873 0.937202 1.250417
v 0.000000 0.931605 1.253565
v 0.000000 0.931605 1.253565
v 0.029519 0.939521 1.256392
v -0.029519 0.939521 1.256392
v 0.025879 0.920153 1.258770
v -0.025879 0.920153 1.258770
v 0.025879 0.920153 1.258770
v 0.044733 0.947349 1.259315
v -0.044733 0.947349 1.259315
v 0.055168 0.942885 1.260064
v -0.055168 0.942885 1.260064
v 0.045492 0.929830 1.262614
v -0.045492 0.929830 1.262614
v 0.048308 0.948060 1.264387
v -0.048308 0.948060 1.264387
v 0.051883 0.946538 1.264678
v -0.051883 0.946538 1.264678
v 0.000000 0.920153 1.265211
v 0.000000 0.920153 1.265211
v 0.016604 0.939993 1.270682
v -0.016604 0.939993 1.270682
v 0.031580 0.945167 1.272475
v -0.031580 0.945167 1.272475
v 0.000000 0.940167 1.275946
v 0.000000 0.940167 1.275946
v 0.044094 0.937666 1.277968
v -0.044094 0.937666 1.277968
v 0.025589 0.929992 1.280937
v -0.025589 0.929992 1.280937
v -0.034082 0.948277 1.283842
v 0.034082 0.948277 1.283842
v 0.042033 0.943544 1.287558
v -0.042033 0.943544 1.287558
v 0.000000 0.930052 1.287688
v 0.017764 0.945752 1.288005
v -0.017764 0.945752 1.288005
v 0.036806 0.948966 1.290285
v -0.036806 0.948966 1.290285
v 0.039530 0.947349 1.291594
v -0.039530 0.947349 1.291594
v 0.000000 0.945968 1.293726
v 0.000000 0.945968 1.293726
v 0.024803 0.937981 1.296663
v -0.024803 0.937981 1.296663
v 0.019171 0.948906 1.300486
v -0.019171 0.948906 1.300486
v 0.000000 0.938096 1.303551
v 0.023643 0.943992 1.306214
v -0.023643 0.943992 1.306214
v 0.000000 0.949138 1.306618
v 0.000000 0.949138 1.306618
v 0.020703 0.949580 1.307859
v -0.020703 0.949580 1.307859
v 0.022236 0.947900 1.309858
v -0.022236 0.947900 1.309858
v 0.000000 0.944156 1.313088
v 0.000000 0.949807 1.314334
v 0.000000 0.949807 1.314334
v 0.000000 0.948103 1.316586
vn -0.0728 -0.3682 -0.9269
vn -0.2179 -0.3685 -0.9037
vn -0.3572 -0.3689 -0.8581
vn -0.4869 -0.3693 -0.7915
vn -0.6040 -0.3695 -0.7062
vn -0.7062 -0.3695 -0.6040
vn -0.7915 -0.3693 -0.4869
vn -0.8581 -0.3690 -0.3572
vn -0.8581 -0.3689 -0.3572
vn -0.9037 -0.3685 -0.2179
vn -0.9269 -0.3682 -0.0728
vn -0.0767 -0.1960 -0.9776
vn -0.2298 -0.1962 -0.9533
vn -0.3769 -0.1965 -0.9052
vn -0.3769 -0.1964 -0.9052
vn -0.5137 -0.1966 -0.8351
vn -0.5137 -0.1967 -0.8351
vn -0.6373 -0.1967 -0.7451
vn -0.7451 -0.1967 -0.6373
vn -0.8351 -0.1967 -0.5137
vn -0.8351 -0.1966 -0.5137
vn -0.9052 -0.1964 -0.3769
vn -0.9052 -0.1965 -0.3769
vn -0.9533 -0.1962 -0.2298
vn -0.9776 -0.1960 -0.0767
vn -0.0779 0.0920 -0.9927
vn -0.0779 0.0921 -0.9927
vn -0.2334 0.0921 -0.9680
vn -0.2334 0.0922 -0.9680
vn -0.3827 0.0923 -0.9192
vn -0.3827 0.0922 -0.9192
vn -0.5217 0.0923 -0.8481
vn -0.5217 0.0924 -0.8481
vn -0.6472 0.0924 -0.7567
vn -0.7567 0.0924 -0.6472
vn -0.8481 0.0924 -0.5217
vn -0.9192 0.0922 -0.3827
vn -0.9192 0.0923 -0.3827
vn -0.9680 0.0921 -0.2334
vn -0.9927 0.0920 -0.0779
vn -0.0649 0.5583 -0.8271
vn -0.0649 0.5584 -0.8271
vn -0.0649 0.5584 -0.8270
vn -0.1944 0.5588 -0.8062
vn -0.3186 0.5593 -0.7653
vn -0.4342 0.5597 -0.7058
vn -0.5385 0.5599 -0.6297
vn -0.5385 0.5600 -0.6296
vn -0.6296 0.5600 -0.5385
vn -0.6297 0.5599 -0.5385
vn -0.7058 0.5597 -0.4342
vn -0.7653 0.5593 -0.3186
vn -0.8062 0.5588 -0.1944
vn -0.8271 0.5583 -0.0649
vn -0.8270 0.5584 -0.0649
vn -0.0229 0.9563 -0.2914
vn -0.0684 0.9564 -0.2838
vn -0.1121 0.9565 -0.2692
vn -0.1527 0.9566 -0.2481
vn -0.1526 0.9566 -0.2481
vn -0.1893 0.9567 -0.2213
vn -0.1892 0.9567 -0.2213
vn -0.2213 0.9567 -0.1893
vn -0.2213 0.9567 -0.1892
vn -0.2481 0.9566 -0.1526
vn -0.2692 0.9565 -0.1121
vn -0.2839 0.9564 -0.0684
vn -0.2838 0.9564 -0.0684
vn -0.2914 0.9563 -0.0229
vn 0.0180 0.9731 0.2298
vn 0.0540 0.9731 0.2238
vn 0.0884 0.9732 0.2123
vn 0.1204 0.9733 0.1957
vn 0.1203 0.9733 0.1957
vn 0.1492 0.9733 0.1745
vn 0.1745 0.9733 0.1492
vn 0.1957 0.9733 0.1204
vn 0.2123 0.9732 0.0884
vn 0.2238 0.9731 0.0540
vn 0.2298 0.9731 0.0180
vn 0.0411 0.8513 0.5231
vn 0.1229 0.8516 0.5097
vn 0.2013 0.8519 0.4835
vn 0.2742 0.8521 0.4458
vn 0.3400 0.8523 0.3975
vn 0.3400 0.8523 0.3976
vn 0.3976 0.8523 0.3400
vn 0.4457 0.8521 0.2742
vn 0.4458 0.8521 0.2742
vn 0.4835 0.8519 0.2013
vn 0.5096 0.8516 0.1229
vn 0.5097 0.8516 0.1229
vn 0.5231 0.8513 0.0411
vn 0.0542 0.7215 0.6903
vn 0.1622 0.7219 0.6727
vn 0.1622 0.7219 0.6728
vn 0.2658 0.7223 0.6384
vn 0.3621 0.7227 0.5887
vn 0.4491 0.7229 0.5251
vn 0.5251 0.7229 0.4491
vn 0.5887 0.7227 0.3621
vn 0.6384 0.7223 0.2658
vn 0.6728 0.7219 0.1622
vn 0.6727 0.7219 0.1622
vn 0.6903 0.7215 0.0542
vn 0.0626 0.5998 0.7977
vn 0.1875 0.6002 0.7776
vn 0.1875 0.6002 0.7775
vn 0.3073 0.6008 0.7380
vn 0.3073 0.6007 0.7380
vn 0.4187 0.6012 0.6807
vn 0.5193 0.6014 0.6072
vn 0.6072 0.6014 0.5193
vn 0.6807 0.6012 0.4187
vn 0.7380 0.6007 0.3073
vn 0.7380 0.6008 0.3073
vn 0.7775 0.6002 0.1875
vn 0.7977 0.5998 0.0626
vn 0.0685 0.4843 0.8722
vn 0.2050 0.4847 0.8503
vn 0.3361 0.4852 0.8072
vn 0.4580 0.4856 0.7446
vn 0.5681 0.4858 0.6643
vn 0.6643 0.4858 0.5681
vn 0.7446 0.4856 0.4580
vn 0.8072 0.4852 0.3361
vn 0.8503 0.4847 0.2050
vn 0.8722 0.4843 0.0685
vn -0.9269 -0.3682 0.0728
vn -0.9037 -0.3685 0.2179
vn -0.8581 -0.3689 0.3572
vn -0.7915 -0.3693 0.4869
vn -0.7062 -0.3695 0.6040
vn -0.6040 -0.3695 0.7062
vn -0.4869 -0.3693 0.7915
vn -0.3572 -0.3690 0.8581
vn -0.3572 -0.3689 0.8581
vn -0.2179 -0.3685 0.9037
vn -0.0728 -0.3682 0.9269
vn -0.9776 -0.1960 0.0767
vn -0.9533 -0.1962 0.2298
vn -0.9052 -0.1965 0.3769
vn -0.9052 -0.1964 0.3769
vn -0.8351 -0.1966 0.5137
vn -0.8351 -0.1967 0.5137
vn -0.7451 -0.1968 0.6373
vn -0.7451 -0.1967 0.6373
vn -0.6373 -0.1967 0.7451
vn -0.6373 -0.1968 0.7451
vn -0.5137 -0.1967 0.8351
vn -0.5137 -0.1966 0.8351
vn -0.3769 -0.1964 0.9052
vn -0.3769 -0.1965 0.9052
vn -0.2298 -0.1962 0.9533
vn -0.0767 -0.1960 0.9776
vn -0.9927 0.0920 0.0779
vn -0.9680 0.0921 0.2334
vn -0.9192 0.0923 0.3827
vn -0.9192 0.0922 0.3827
vn -0.8481 0.0924 0.5217
vn -0.8481 0.0923 0.5217
vn -0.7567 0.0924 0.6472
vn -0.6472 0.0924 0.7567
vn -0.5217 0.0923 0.8481
vn -0.5217 0.0924 0.8481
vn -0.3827 0.0922 0.9192
vn -0.3827 0.0923 0.9192
vn -0.2334 0.0922 0.9680
vn -0.2334 0.0921 0.9680
vn -0.0779 0.0920 0.9927
vn -0.8271 0.5583 0.0649
vn -0.8271 0.5584 0.0649
vn -0.8062 0.5588 0.1944
vn -0.7653 0.5593 0.3186
vn -0.7058 0.5597 0.4342
vn -0.7058 0.5598 0.4342
vn -0.6297 0.5599 0.5385
vn -0.6296 0.5600 0.5385
vn -0.5385 0.5599 0.6296
vn -0.5385 0.5599 0.6297
vn -0.4342 0.5597 0.7058
vn -0.3186 0.5593 0.7653
vn -0.1944 0.5588 0.8062
vn -0.0649 0.5584 0.8270
vn -0.0649 0.5583 0.8271
vn -0.2914 0.9563 0.0229
vn -0.2838 0.9564 0.0684
vn -0.2692 0.9565 0.1121
vn -0.2481 0.9566 0.1526
vn -0.2213 0.9567 0.1892
vn -0.2213 0.9567 0.1893
vn -0.1893 0.9567 0.2213
vn -0.1892 0.9567 0.2213
vn -0.1527 0.9566 0.2481
vn -0.1526 0.9566 0.2481
vn -0.1121 0.9565 0.2692
vn -0.0684 0.9564 0.2838
vn -0.0229 0.9563 0.2914
vn 0.2298 0.9731 -0.0180
vn 0.2238 0.9731 -0.0540
vn 0.2123 0.9732 -0.0884
vn 0.1957 0.9733 -0.1204
vn 0.1956 0.9733 -0.1204
vn 0.1957 0.9732 -0.1204
vn 0.1745 0.9733 -0.1492
vn 0.1492 0.9733 -0.1745
vn 0.1493 0.9733 -0.1745
vn 0.1204 0.9733 -0.1957
vn 0.0884 0.9732 -0.2123
vn 0.0540 0.9731 -0.2238
vn 0.0180 0.9731 -0.2298
vn 0.5231 0.8513 -0.0411
vn 0.5097 0.8516 -0.1229
vn 0.4835 0.8519 -0.2013
vn 0.4458 0.8521 -0.2742
vn 0.3975 0.8523 -0.3400
vn 0.3976 0.8523 -0.3400
vn 0.3400 0.8523 -0.3976
vn 0.3400 0.8523 -0.3975
vn 0.2742 0.8521 -0.4458
vn 0.2013 0.8519 -0.4835
vn 0.1229 0.8516 -0.5097
vn 0.0411 0.8513 -0.5231
vn 0.6903 0.7215 -0.0542
vn 0.6727 0.7219 -0.1622
vn 0.6728 0.7219 -0.1622
vn 0.6384 0.7223 -0.2658
vn 0.5887 0.7227 -0.3621
vn 0.5251 0.7229 -0.4491
vn 0.4491 0.7229 -0.5251
vn 0.3621 0.7227 -0.5887
vn 0.2658 0.7223 -0.6384
vn 0.1622 0.7219 -0.6728
vn 0.1622 0.7219 -0.6727
vn 0.0542 0.7215 -0.6903
vn 0.7977 0.5998 -0.0626
vn 0.7775 0.6002 -0.1875
vn 0.7380 0.6008 -0.3073
vn 0.7380 0.6007 -0.3073
vn 0.6807 0.6012 -0.4187
vn 0.6806 0.6012 -0.4187
vn 0.6072 0.6014 -0.5193
vn 0.5193 0.6014 -0.6072
vn 0.4187 0.6012 -0.6806
vn 0.4187 0.6012 -0.6807
vn 0.3073 0.6007 -0.7380
vn 0.3073 0.6008 -0.7380
vn 0.1875 0.6002 -0.7775
vn 0.0626 0.5998 -0.7977
vn 0.8722 0.4843 -0.0685
vn 0.8503 0.4847 -0.2050
vn 0.8072 0.4852 -0.3361
vn 0.7446 0.4856 -0.4580
vn 0.6643 0.4858 -0.5681
vn 0.5681 0.4858 -0.6643
vn 0.4580 0.4856 -0.7446
vn 0.3361 0.4852 -0.8072
vn 0.2050 0.4847 -0.8503
vn 0.0685 0.4843 -0.8722
vn 0.0728 -0.3682 0.9269
vn 0.2179 -0.3685 0.9037
vn 0.3572 -0.3689 0.8581
vn 0.4869 -0.3693 0.7915
vn 0.6040 -0.3695 0.7062
vn 0.7062 -0.3695 0.6040
vn 0.7915 -0.3693 0.4869
vn 0.8580 -0.3690 0.3572
vn 0.8581 -0.3689 0.3572
vn 0.9037 -0.3685 0.2179
vn 0.9269 -0.3682 0.0728
vn 0.0767 -0.1960 0.9776
vn 0.2298 -0.1962 0.9533
vn 0.3769 -0.1965 0.9052
vn 0.3769 -0.1964 0.9052
vn 0.5137 -0.1966 0.8351
vn 0.5137 -0.1967 0.8351
vn 0.6373 -0.1967 0.7451
vn 0.7451 -0.1967 0.6373
vn 0.8351 -0.1967 0.5137
vn 0.8351 -0.1966 0.5137
vn 0.9052 -0.1964 0.3769
vn 0.9052 -0.1965 0.3769
vn 0.9533 -0.1962 0.2298
vn 0.9776 -0.1960 0.0767
vn 0.0779 0.0920 0.9927
vn 0.0779 0.0921 0.9927
vn 0.2334 0.0921 0.9680
vn 0.2334 0.0922 0.9680
vn 0.3827 0.0923 0.9192
vn 0.3827 0.0922 0.9192
vn 0.5217 0.0923 0.8481
vn 0.5217 0.0924 0.8481
vn 0.6472 0.0924 0.7567
vn 0.7567 0.0924 0.6472
vn 0.8481 0.0924 0.5217
vn 0.9192 0.0922 0.3827
vn 0.9192 0.0923 0.3827
vn 0.9680 0.0921 0.2334
vn 0.9927 0.0920 0.0779
vn 0.0649 0.5583 0.8271
vn 0.0649 0.5584 0.8271
vn 0.0649 0.5584 0.8270
vn 0.1944 0.5588 0.8062
vn 0.3186 0.5593 0.7653
vn 0.4342 0.5597 0.7058
vn 0.5385 0.5599 0.6297
vn 0.5385 0.5600 0.6296
vn 0.6296 0.5600 0.5385
vn 0.6297 0.5599 0.5385
vn 0.7058 0.5597 0.4342
vn 0.7653 0.5593 0.3186
vn 0.8062 0.5588 0.1944
vn 0.8271 0.5583 0.0649
vn 0.8270 0.5584 0.0649
vn 0.0229 0.9563 0.2914
vn 0.0684 0.9564 0.2838
vn 0.1121 0.9565 0.2692
vn 0.1527 0.9566 0.2481
vn 0.1526 0.9566 0.2481
vn 0.1893 0.9567 0.2213
vn 0.1892 0.9567 0.2213
vn 0.2213 0.9567 0.1893
vn 0.2213 0.9567 0.1892
vn 0.2481 0.9566 0.1526
vn 0.2692 0.9565 0.1121
vn 0.2839 0.9564 0.0684
vn 0.2838 0.9564 0.0684
vn 0.2914 0.9563 0.0229
vn -0.0180 0.9731 -0.2298
vn -0.0540 0.9731 -0.2238
vn -0.0884 0.9732 -0.2123
vn -0.1204 0.9733 -0.1957
vn -0.1203 0.9733 -0.1957
vn -0.1492 0.9733 -0.1745
vn -0.1745 0.9733 -0.1492
vn -0.1957 0.9733 -0.1204
vn -0.2123 0.9732 -0.0884
vn -0.2238 0.9731 -0.0540
vn -0.2298 0.9731 -0.0180
vn -0.0411 0.8513 -0.5231
vn -0.1229 0.8516 -0.5097
vn -0.2013 0.8519 -0.4835
vn -0.2742 0.8521 -0.4458
vn -0.3400 0.8523 -0.3975
vn -0.3400 0.8523 -0.3976
vn -0.3976 0.8523 -0.3400
vn -0.4457 0.8521 -0.2742
vn -0.4458 0.8521 -0.2742
vn -0.4835 0.8519 -0.2013
vn -0.5096 0.8516 -0.1229
vn -0.5097 0.8516 -0.1229
vn -0.5231 0.8513 -0.0411
vn -0.0542 0.7215 -0.6903
vn -0.1622 0.7219 -0.6727
vn -0.1622 0.7219 -0.6728
vn -0.2658 0.7223 -0.6384
vn -0.3621 0.7227 -0.5887
vn -0.4491 0.7229 -0.5251
vn -0.5251 0.7229 -0.4491
vn -0.5887 0.7227 -0.3621
vn -0.6384 0.7223 -0.2658
vn -0.6728 0.7219 -0.1622
vn -0.6727 0.7219 -0.1622
vn -0.6903 0.7215 -0.0542
vn -0.0626 0.5998 -0.7977
vn -0.1875 0.6002 -0.7776
vn -0.1875 0.6002 -0.7775
vn -0.3073 0.6008 -0.7380
vn -0.3073 0.6007 -0.7380
vn -0.4187 0.6012 -0.6807
vn -0.5193 0.6014 -0.6072
vn -0.6072 0.6014 -0.5193
vn -0.6807 0.6012 -0.4187
vn -0.7380 0.6007 -0.3073
vn -0.7380 0.6008 -0.3073
vn -0.7775 0.6002 -0.1875
vn -0.7977 0.5998 -0.0626
vn -0.0685 0.4843 -0.8722
vn -0.2050 0.4847 -0.8503
vn -0.3361 0.4852 -0.8072
vn -0.4580 0.4856 -0.7446
vn -0.5681 0.4858 -0.6643
vn -0.6643 0.4858 -0.5681
vn -0.7446 0.4856 -0.4580
vn -0.8072 0.4852 -0.3361
vn -0.8503 0.4847 -0.2050
vn -0.8722 0.4843 -0.0685
vn 0.9269 -0.3682 -0.0728
vn 0.9037 -0.3685 -0.2179
vn 0.8581 -0.3689 -0.3572
vn 0.7915 -0.3693 -0.4869
vn 0.7062 -0.3695 -0.6040
vn 0.6040 -0.3695 -0.7062
vn 0.4869 -0.3693 -0.7915
vn 0.3572 -0.3690 -0.8581
vn 0.3572 -0.3689 -0.8581
vn 0.2179 -0.3685 -0.9037
vn 0.0728 -0.3682 -0.9269
vn 0.9776 -0.1960 -0.0767
vn 0.9533 -0.1962 -0.2298
vn 0.9052 -0.1965 -0.3769
vn 0.9052 -0.1964 -0.3769
vn 0.8351 -0.1966 -0.5137
vn 0.8351 -0.1967 -0.5137
vn 0.7451 -0.1968 -0.6373
vn 0.7451 -0.1967 -0.6373
vn 0.6373 -0.1967 -0.7451
vn 0.6373 -0.1968 -0.7451
vn 0.5137 -0.1967 -0.8351
vn 0.5137 -0.1966 -0.8351
vn 0.3769 -0.1964 -0.9052
vn 0.3769 -0.1965 -0.9052
vn 0.2298 -0.1962 -0.9533
vn 0.0767 -0.1960 -0.9776
vn 0.9927 0.0920 -0.0779
vn 0.9680 0.0921 -0.2334
vn 0.9192 0.0923 -0.3827
vn 0.9192 0.0922 -0.3827
vn 0.8481 0.0924 -0.5217
vn 0.8481 0.0923 -0.5217
vn 0.7567 0.0924 -0.6472
vn 0.6472 0.0924 -0.7567
vn 0.5217 0.0923 -0.8481
vn 0.5217 0.0924 -0.8481
vn 0.3827 0.0922 -0.9192
vn 0.3827 0.0923 -0.9192
vn 0.2334 0.0922 -0.9680
vn 0.2334 0.0921 -0.9680
vn 0.0779 0.0920 -0.9927
vn 0.8271 0.5583 -0.0649
vn 0.8271 0.5584 -0.0649
vn 0.8062 0.5588 -0.1944
vn 0.7653 0.5593 -0.3186
vn 0.7058 0.5597 -0.4342
vn 0.7058 0.5598 -0.4342
vn 0.6297 0.5599 -0.5385
vn 0.6296 0.5600 -0.5385
vn 0.5385 0.5599 -0.6296
vn 0.5385 0.5599 -0.6297
vn 0.4342 0.5597 -0.7058
vn 0.3186 0.5593 -0.7653
vn 0.1944 0.5588 -0.8062
vn 0.0649 0.5584 -0.8270
vn 0.0649 0.5583 -0.8271
vn 0.2914 0.9563 -0.0229
vn 0.2838 0.9564 -0.0684
vn 0.2692 0.9565 -0.1121
vn 0.2481 0.9566 -0.1526
vn 0.2213 0.9567 -0.1892
vn 0.2213 0.9567 -0.1893
vn 0.1893 0.9567 -0.2213
vn 0.1892 0.9567 -0.2213
vn 0.1527 0.9566 -0.2481
vn 0.1526 0.9566 -0.2481
vn 0.1121 0.9565 -0.2692
vn 0.0684 0.9564 -0.2838
vn 0.0229 0.9563 -0.2914
vn -0.2298 0.9731 0.0180
vn -0.2238 0.9731 0.0540
vn -0.2123 0.9732 0.0884
vn -0.1957 0.9733 0.1204
vn -0.1956 0.9733 0.1204
vn -0.1957 0.9732 0.1204
vn -0.1745 0.9733 0.1492
vn -0.1492 0.9733 0.1745
vn -0.1493 0.9733 0.1745
vn -0.1204 0.9733 0.1957
vn -0.0884 0.9732 0.2123
vn -0.0540 0.9731 0.2238
vn -0.0180 0.9731 0.2298
vn -0.5231 0.8513 0.0411
vn -0.5097 0.8516 0.1229
vn -0.4835 0.8519 0.2013
vn -0.4458 0.8521 0.2742
vn -0.3975 0.8523 0.3400
vn -0.3976 0.8523 0.3400
vn -0.3400 0.8523 0.3976
vn -0.3400 0.8523 0.3975
vn -0.2742 0.8521 0.4458
vn -0.2013 0.8519 0.4835
vn -0.1229 0.8516 0.5097
vn -0.0411 0.8513 0.5231
vn -0.6903 0.7215 0.0542
vn -0.6727 0.7219 0.1622
vn -0.6728 0.7219 0.1622
vn -0.6384 0.7223 0.2658
vn -0.5887 0.7227 0.3621
vn -0.5251 0.7229 0.4491
vn -0.4491 0.7229 0.5251
vn -0.3621 0.7227 0.5887
vn -0.2658 0.7223 0.6384
vn -0.1622 0.7219 0.6728
vn -0.1622 0.7219 0.6727
vn -0.0542 0.7215 0.6903
vn -0.7977 0.5998 0.0626
vn -0.7775 0.6002 0.1875
vn -0.7380 0.6008 0.3073
vn -0.7380 0.6007 0.3073
vn -0.6807 0.6012 0.4187
vn -0.6806 0.6012 0.4187
vn -0.6072 0.6014 0.5193
vn -0.5193 0.6014 0.6072
vn -0.4187 0.6012 0.6806
vn -0.4187 0.6012 0.6807
vn -0.3073 0.6007 0.7380
vn -0.3073 0.6008 0.7380
vn -0.1875 0.6002 0.7775
vn -0.0626 0.5998 0.7977
vn -0.8722 0.4843 0.0685
vn -0.8503 0.4847 0.2050
vn -0.8072 0.4852 0.3361
vn -0.7446 0.4856 0.4580
vn -0.6643 0.4858 0.5681
vn -0.5681 0.4858 0.6643
vn -0.4580 0.4856 0.7446
vn -0.3361 0.4852 0.8072
vn -0.2050 0.4847 0.8503
vn -0.0685 0.4843 0.8722
vn 0.0707 0.4278 0.9011
vn 0.0707 0.4279 0.9011
vn 0.0710 0.4218 0.9039
vn 0.2118 0.4282 0.8785
vn 0.2118 0.4283 0.8785
vn 0.2125 0.4222 0.8813
vn 0.3471 0.4287 0.8341
vn 0.3472 0.4287 0.8340
vn 0.3483 0.4226 0.8367
vn 0.4734 0.4291 0.7693
vn 0.4733 0.4291 0.7693
vn 0.4749 0.4230 0.7718
vn 0.5870 0.4292 0.6864
vn 0.5870 0.4293 0.6864
vn 0.5889 0.4232 0.6885
vn 0.6864 0.4292 0.5870
vn 0.6864 0.4293 0.5870
vn 0.6885 0.4232 0.5889
vn 0.7693 0.4291 0.4734
vn 0.7693 0.4291 0.4733
vn 0.7717 0.4230 0.4749
vn 0.8341 0.4287 0.3472
vn 0.8340 0.4287 0.3472
vn 0.8367 0.4226 0.3482
vn 0.8785 0.4282 0.2118
vn 0.8785 0.4283 0.2118
vn 0.8813 0.4222 0.2125
vn 0.9011 0.4278 0.0707
vn 0.9011 0.4279 0.0707
vn 0.9039 0.4218 0.0710
vn 0.0710 0.4217 0.9039
vn 0.0714 0.4093 0.9096
vn 0.2125 0.4221 0.8813
vn 0.2138 0.4097 0.8868
vn 0.3483 0.4226 0.8368
vn 0.3505 0.4102 0.8420
vn 0.4748 0.4229 0.7718
vn 0.4777 0.4105 0.7767
vn 0.5890 0.4231 0.6885
vn 0.5926 0.4107 0.6929
vn 0.6885 0.4231 0.5890
vn 0.6929 0.4107 0.5926
vn 0.7718 0.4229 0.4748
vn 0.7767 0.4105 0.4777
vn 0.8367 0.4226 0.3483
vn 0.8420 0.4102 0.3505
vn 0.8813 0.4221 0.2125
vn 0.8868 0.4097 0.2138
vn 0.9039 0.4217 0.0710
vn 0.9096 0.4093 0.0714
vn 0.0714 0.4094 0.9096
vn 0.2138 0.4098 0.8868
vn 0.3505 0.4103 0.8419
vn 0.3505 0.4102 0.8419
vn 0.4777 0.4106 0.7766
vn 0.5926 0.4108 0.6929
vn 0.6929 0.4108 0.5926
vn 0.7766 0.4106 0.4777
vn 0.8419 0.4103 0.3505
vn 0.8868 0.4098 0.2138
vn 0.9096 0.4094 0.0714
vn 0.0721 0.3901 0.9180
vn 0.2158 0.3905 0.8950
vn 0.3538 0.3909 0.8497
vn 0.4822 0.3913 0.7838
vn 0.5981 0.3914 0.6993
vn 0.6993 0.3914 0.5981
vn 0.6993 0.3915 0.5981
vn 0.7838 0.3913 0.4822
vn 0.8497 0.3909 0.3538
vn 0.8950 0.3905 0.2158
vn 0.9180 0.3901 0.0721
vn 0.0729 0.3630 0.9289
vn 0.2184 0.3633 0.9057
vn 0.3580 0.3637 0.8599
vn 0.4880 0.3641 0.7933
vn 0.6053 0.3643 0.7077
vn 0.6053 0.3643 0.7078
vn 0.7077 0.3643 0.6053
vn 0.7078 0.3643 0.6053
vn 0.7933 0.3641 0.4880
vn 0.8599 0.3637 0.3580
vn 0.9057 0.3633 0.2184
vn 0.9289 0.3630 0.0729
vn 0.0740 0.3267 0.9422
vn 0.2215 0.3271 0.9187
vn 0.3632 0.3275 0.8723
vn 0.4950 0.3278 0.8047
vn 0.6140 0.3279 0.7179
vn 0.7179 0.3279 0.6140
vn 0.8047 0.3278 0.4950
vn 0.8723 0.3275 0.3632
vn 0.9187 0.3271 0.2215
vn 0.9422 0.3267 0.0740
vn 0.0751 0.2797 0.9571
vn 0.2250 0.2800 0.9332
vn 0.3689 0.2804 0.8862
vn 0.5029 0.2807 0.8175
vn 0.6238 0.2808 0.7294
vn 0.7294 0.2808 0.6238
vn 0.8175 0.2807 0.5029
vn 0.8862 0.2804 0.3689
vn 0.9332 0.2800 0.2250
vn 0.9571 0.2797 0.0751
vn 0.0763 0.2199 0.9725
vn 0.2286 0.2202 0.9483
vn 0.3749 0.2204 0.9005
vn 0.5110 0.2207 0.8308
vn 0.6339 0.2208 0.7412
vn 0.7412 0.2208 0.6339
vn 0.8308 0.2207 0.5110
vn 0.9005 0.2204 0.3749
vn 0.9483 0.2202 0.2286
vn 0.9725 0.2199 0.0763
vn 0.0774 0.1449 0.9864
vn 0.2319 0.1451 0.9619
vn 0.3803 0.1453 0.9134
vn 0.5184 0.1454 0.8427
vn 0.6431 0.1455 0.7519
vn 0.7519 0.1455 0.6431
vn 0.8427 0.1454 0.5184
vn 0.9134 0.1453 0.3803
vn 0.9619 0.1451 0.2319
vn 0.9864 0.1449 0.0774
vn 0.0782 0.0526 0.9956
vn 0.0781 0.0526 0.9956
vn 0.2341 0.0527 0.9708
vn 0.3838 0.0527 0.9219
vn 0.5232 0.0528 0.8506
vn 0.6491 0.0528 0.7589
vn 0.7589 0.0528 0.6491
vn 0.8506 0.0528 0.5232
vn 0.9219 0.0528 0.3838
vn 0.9219 0.0527 0.3838
vn 0.9708 0.0527 0.2341
vn 0.9956 0.0526 0.0782
vn 0.9956 0.0526 0.0781
vn 0.9011 0.4278 -0.0707
vn 0.9011 0.4279 -0.0707
vn 0.9039 0.4218 -0.0710
vn 0.8785 0.4282 -0.2118
vn 0.8785 0.4283 -0.2118
vn 0.8813 0.4222 -0.2125
vn 0.8341 0.4287 -0.3471
vn 0.8340 0.4287 -0.3472
vn 0.8367 0.4226 -0.3483
vn 0.7693 0.4291 -0.4734
vn 0.7693 0.4291 -0.4733
vn 0.7717 0.4230 -0.4749
vn 0.6864 0.4292 -0.5870
vn 0.6864 0.4293 -0.5870
vn 0.6885 0.4232 -0.5889
vn 0.5870 0.4292 -0.6864
vn 0.5870 0.4293 -0.6864
vn 0.5889 0.4232 -0.6885
vn 0.4734 0.4290 -0.7693
vn 0.4733 0.4291 -0.7693
vn 0.4749 0.4230 -0.7717
vn 0.3472 0.4287 -0.8341
vn 0.3472 0.4287 -0.8340
vn 0.3482 0.4226 -0.8367
vn 0.2118 0.4282 -0.8785
vn 0.2118 0.4283 -0.8785
vn 0.2125 0.4222 -0.8813
vn 0.0707 0.4278 -0.9011
vn 0.0707 0.4279 -0.9011
vn 0.0710 0.4218 -0.9039
vn 0.9039 0.4217 -0.0710
vn 0.9096 0.4093 -0.0714
vn 0.8813 0.4221 -0.2125
vn 0.8868 0.4098 -0.2138
vn 0.8368 0.4226 -0.3483
vn 0.8420 0.4102 -0.3505
vn 0.7718 0.4229 -0.4748
vn 0.7767 0.4105 -0.4777
vn 0.6885 0.4231 -0.5890
vn 0.6929 0.4107 -0.5926
vn 0.5890 0.4231 -0.6885
vn 0.5926 0.4107 -0.6929
vn 0.4748 0.4229 -0.7718
vn 0.4777 0.4105 -0.7767
vn 0.3483 0.4226 -0.8367
vn 0.3505 0.4102 -0.8420
vn 0.2125 0.4221 -0.8813
vn 0.2138 0.4097 -0.8868
vn 0.0710 0.4217 -0.9039
vn 0.0714 0.4093 -0.9096
vn 0.9096 0.4094 -0.0714
vn 0.8419 0.4103 -0.3505
vn 0.8419 0.4102 -0.3505
vn 0.7766 0.4106 -0.4777
vn 0.6929 0.4108 -0.5926
vn 0.5926 0.4108 -0.6929
vn 0.4777 0.4106 -0.7766
vn 0.3505 0.4103 -0.8419
vn 0.2138 0.4098 -0.8868
vn 0.0714 0.4094 -0.9096
vn 0.9180 0.3901 -0.0721
vn 0.8950 0.3905 -0.2158
vn 0.8497 0.3909 -0.3538
vn 0.7838 0.3913 -0.4822
vn 0.6993 0.3914 -0.5981
vn 0.5981 0.3914 -0.6993
vn 0.5981 0.3915 -0.6993
vn 0.4822 0.3913 -0.7838
vn 0.3538 0.3909 -0.8497
vn 0.2158 0.3905 -0.8950
vn 0.0721 0.3901 -0.9180
vn 0.9289 0.3630 -0.0729
vn 0.9057 0.3633 -0.2184
vn 0.8599 0.3637 -0.3580
vn 0.7933 0.3641 -0.4880
vn 0.7077 0.3643 -0.6053
vn 0.7078 0.3643 -0.6053
vn 0.6053 0.3643 -0.7077
vn 0.4880 0.3641 -0.7933
vn 0.3580 0.3637 -0.8599
vn 0.2184 0.3633 -0.9057
vn 0.0729 0.3630 -0.9289
vn 0.9422 0.3267 -0.0740
vn 0.9187 0.3271 -0.2215
vn 0.8723 0.3275 -0.3632
vn 0.8047 0.3278 -0.4950
vn 0.7179 0.3279 -0.6140
vn 0.6140 0.3279 -0.7179
vn 0.4950 0.3278 -0.8047
vn 0.3632 0.3275 -0.8723
vn 0.2215 0.3271 -0.9187
vn 0.0740 0.3267 -0.9422
vn 0.9571 0.2797 -0.0751
vn 0.9332 0.2800 -0.2250
vn 0.8862 0.2804 -0.3689
vn 0.8861 0.2804 -0.3689
vn 0.8175 0.2807 -0.5029
vn 0.7294 0.2808 -0.6238
vn 0.6238 0.2808 -0.7294
vn 0.5029 0.2807 -0.8175
vn 0.3689 0.2804 -0.8862
vn 0.2250 0.2800 -0.9332
vn 0.0751 0.2797 -0.9571
vn 0.9725 0.2199 -0.0763
vn 0.9483 0.2202 -0.2286
vn 0.9005 0.2204 -0.3749
vn 0.8308 0.2207 -0.5110
vn 0.7412 0.2208 -0.6339
vn 0.6339 0.2208 -0.7412
vn 0.5110 0.2207 -0.8308
vn 0.3749 0.2204 -0.9005
vn 0.2286 0.2202 -0.9483
vn 0.0763 0.2199 -0.9725
vn 0.9864 0.1449 -0.0774
vn 0.9619 0.1451 -0.2319
vn 0.9134 0.1453 -0.3803
vn 0.8427 0.1454 -0.5184
vn 0.7519 0.1455 -0.6431
vn 0.6431 0.1455 -0.7519
vn 0.5184 0.1454 -0.8427
vn 0.3803 0.1453 -0.9134
vn 0.2319 0.1451 -0.9619
vn 0.0774 0.1449 -0.9864
vn 0.9956 0.0526 -0.0782
vn 0.9956 0.0526 -0.0781
vn 0.9708 0.0527 -0.2341
vn 0.9219 0.0527 -0.3838
vn 0.8506 0.0528 -0.5232
vn 0.7589 0.0528 -0.6491
vn 0.6491 0.0528 -0.7589
vn 0.5232 0.0528 -0.8506
vn 0.3838 0.0527 -0.9219
vn 0.2341 0.0527 -0.9708
vn 0.0782 0.0526 -0.9956
vn 0.0781 0.0526 -0.9956
vn -0.0707 0.4278 -0.9011
vn -0.0707 0.4279 -0.9011
vn -0.0710 0.4218 -0.9039
vn -0.2118 0.4282 -0.8785
vn -0.2118 0.4283 -0.8785
vn -0.2125 0.4222 -0.8813
vn -0.3471 0.4287 -0.8341
vn -0.3472 0.4287 -0.8340
vn -0.3483 0.4226 -0.8367
vn -0.4734 0.4291 -0.7693
vn -0.4733 0.4291 -0.7693
vn -0.4749 0.4230 -0.7718
vn -0.5870 0.4292 -0.6864
vn -0.5870 0.4293 -0.6864
vn -0.5889 0.4232 -0.6885
vn -0.6864 0.4292 -0.5870
vn -0.6864 0.4293 -0.5870
vn -0.6885 0.4232 -0.5889
vn -0.7693 0.4291 -0.4734
vn -0.7693 0.4291 -0.4733
vn -0.7717 0.4230 -0.4749
vn -0.8341 0.4287 -0.3472
vn -0.8340 0.4287 -0.3472
vn -0.8367 0.4226 -0.3482
vn -0.8785 0.4282 -0.2118
vn -0.8785 0.4283 -0.2118
vn -0.8813 0.4222 -0.2125
vn -0.9011 0.4278 -0.0707
vn -0.9011 0.4279 -0.0707
vn -0.9039 0.4218 -0.0710
vn -0.0710 0.4217 -0.9039
vn -0.0714 0.4093 -0.9096
vn -0.2125 0.4221 -0.8813
vn -0.2138 0.4097 -0.8868
vn -0.3483 0.4226 -0.8368
vn -0.3505 0.4102 -0.8420
vn -0.4748 0.4229 -0.7718
vn -0.4777 0.4105 -0.7767
vn -0.5890 0.4231 -0.6885
vn -0.5926 0.4107 -0.6929
vn -0.6885 0.4231 -0.5890
vn -0.6929 0.4107 -0.5926
vn -0.7718 0.4229 -0.4748
vn -0.7767 0.4105 -0.4777
vn -0.8367 0.4226 -0.3483
vn -0.8420 0.4102 -0.3505
vn -0.8813 0.4221 -0.2125
vn -0.8868 0.4097 -0.2138
vn -0.9039 0.4217 -0.0710
vn -0.9096 0.4093 -0.0714
vn -0.0714 0.4094 -0.9096
vn -0.2138 0.4098 -0.8868
vn -0.3505 0.4103 -0.8419
vn -0.3505 0.4102 -0.8419
vn -0.4777 0.4106 -0.7766
vn -0.5926 0.4108 -0.6929
vn -0.6929 0.4108 -0.5926
vn -0.7766 0.4106 -0.4777
vn -0.8419 0.4103 -0.3505
vn -0.8868 0.4098 -0.2138
vn -0.9096 0.4094 -0.0714
vn -0.0721 0.3901 -0.9180
vn -0.2158 0.3905 -0.8950
vn -0.3538 0.3909 -0.8497
vn -0.4822 0.3913 -0.7838
vn -0.5981 0.3914 -0.6993
vn -0.6993 0.3914 -0.5981
vn -0.6993 0.3915 -0.5981
vn -0.7838 0.3913 -0.4822
vn -0.8497 0.3909 -0.3538
vn -0.8950 0.3905 -0.2158
vn -0.9180 0.3901 -0.0721
vn -0.0729 0.3630 -0.9289
vn -0.2184 0.3633 -0.9057
vn -0.3580 0.3637 -0.8599
vn -0.4880 0.3641 -0.7933
vn -0.6053 0.3643 -0.7077
vn -0.6053 0.3643 -0.7078
vn -0.7077 0.3643 -0.6053
vn -0.7078 0.3643 -0.6053
vn -0.7933 0.3641 -0.4880
vn -0.8599 0.3637 -0.3580
vn -0.9057 0.3633 -0.2184
vn -0.9289 0.3630 -0.0729
vn -0.0740 0.3267 -0.9422
vn -0.2215 0.3271 -0.9187
vn -0.3632 0.3275 -0.8723
vn -0.4950 0.3278 -0.8047
vn -0.6140 0.3279 -0.7179
vn -0.7179 0.3279 -0.6140
vn -0.8047 0.3278 -0.4950
vn -0.8723 0.3275 -0.3632
vn -0.9187 0.3271 -0.2215
vn -0.9422 0.3267 -0.0740
vn -0.0751 0.2797 -0.9571
vn -0.2250 0.2800 -0.9332
vn -0.3689 0.2804 -0.8862
vn -0.5029 0.2807 -0.8175
vn -0.6238 0.2808 -0.7294
vn -0.7294 0.2808 -0.6238
vn -0.8175 0.2807 -0.5029
vn -0.8862 0.2804 -0.3689
vn -0.9332 0.2800 -0.2250
vn -0.9571 0.2797 -0.0751
vn -0.0763 0.2199 -0.9725
vn -0.2286 0.2202 -0.9483
vn -0.3749 0.2204 -0.9005
vn -0.5110 0.2207 -0.8308
vn -0.6339 0.2208 -0.7412
vn -0.7412 0.2208 -0.6339
vn -0.8308 0.2207 -0.5110
vn -0.9005 0.2204 -0.3749
vn -0.9483 0.2202 -0.2286
vn -0.9725 0.2199 -0.0763
vn -0.0774 0.1449 -0.9864
vn -0.2319 0.1451 -0.9619
vn -0.3803 0.1453 -0.9134
vn -0.5184 0.1454 -0.8427
vn -0.6431 0.1455 -0.7519
vn -0.7519 0.1455 -0.6431
vn -0.8427 0.1454 -0.5184
vn -0.9134 0.1453 -0.3803
vn -0.9619 0.1451 -0.2319
vn -0.9864 0.1449 -0.0774
vn -0.0782 0.0526 -0.9956
vn -0.0781 0.0526 -0.9956
vn -0.2341 0.0527 -0.9708
vn -0.3838 0.0527 -0.9219
vn -0.5232 0.0528 -0.8506
vn -0.6491 0.0528 -0.7589
vn -0.7589 0.0528 -0.6491
vn -0.8506 0.0528 -0.5232
vn -0.9219 0.0528 -0.3838
vn -0.9219 0.0527 -0.3838
vn -0.9708 0.0527 -0.2341
vn -0.9956 0.0526 -0.0782
vn -0.9956 0.0526 -0.0781
vn -0.9011 0.4278 0.0707
vn -0.9011 0.4279 0.0707
vn -0.9039 0.4218 0.0710
vn -0.8785 0.4282 0.2118
vn -0.8785 0.4283 0.2118
vn -0.8813 0.4222 0.2125
vn -0.8341 0.4287 0.3471
vn -0.8340 0.4287 0.3472
vn -0.8367 0.4226 0.3483
vn -0.7693 0.4291 0.4734
vn -0.7693 0.4291 0.4733
vn -0.7717 0.4230 0.4749
vn -0.6864 0.4292 0.5870
vn -0.6864 0.4293 0.5870
vn -0.6885 0.4232 0.5889
vn -0.5870 0.4292 0.6864
vn -0.5870 0.4293 0.6864
vn -0.5889 0.4232 0.6885
vn -0.4734 0.4290 0.7693
vn -0.4733 0.4291 0.7693
vn -0.4749 0.4230 0.7717
vn -0.3472 0.4287 0.8341
vn -0.3472 0.4287 0.8340
vn -0.3482 0.4226 0.8367
vn -0.2118 0.4282 0.8785
vn -0.2118 0.4283 0.8785
vn -0.2125 0.4222 0.8813
vn -0.0707 0.4278 0.9011
vn -0.0707 0.4279 0.9011
vn -0.0710 0.4218 0.9039
vn -0.9039 0.4217 0.0710
vn -0.9096 0.4093 0.0714
vn -0.8813 0.4221 0.2125
vn -0.8868 0.4098 0.2138
vn -0.8368 0.4226 0.3483
vn -0.8420 0.4102 0.3505
vn -0.7718 0.4229 0.4748
vn -0.7767 0.4105 0.4777
vn -0.6885 0.4231 0.5890
vn -0.6929 0.4107 0.5926
vn -0.5890 0.4231 0.6885
vn -0.5926 0.4107 0.6929
vn -0.4748 0.4229 0.7718
vn -0.4777 0.4105 0.7767
vn -0.3483 0.4226 0.8367
vn -0.3505 0.4102 0.8420
vn -0.2125 0.4221 0.8813
vn -0.2138 0.4097 0.8868
vn -0.0710 0.4217 0.9039
vn -0.0714 0.4093 0.9096
vn -0.9096 0.4094 0.0714
vn -0.8419 0.4103 0.3505
vn -0.8419 0.4102 0.3505
vn -0.7766 0.4106 0.4777
vn -0.6929 0.4108 0.5926
vn -0.5926 0.4108 0.6929
vn -0.4777 0.4106 0.7766
vn -0.3505 0.4103 0.8419
vn -0.2138 0.4098 0.8868
vn -0.0714 0.4094 0.9096
vn -0.9180 0.3901 0.0721
vn -0.8950 0.3905 0.2158
vn -0.8497 0.3909 0.3538
vn -0.7838 0.3913 0.4822
vn -0.6993 0.3914 0.5981
vn -0.5981 0.3914 0.6993
vn -0.5981 0.3915 0.6993
vn -0.4822 0.3913 0.7838
vn -0.3538 0.3909 0.8497
vn -0.2158 0.3905 0.8950
vn -0.0721 0.3901 0.9180
vn -0.9289 0.3630 0.0729
vn -0.9057 0.3633 0.2184
vn -0.8599 0.3637 0.3580
vn -0.7933 0.3641 0.4880
vn -0.7077 0.3643 0.6053
vn -0.7078 0.3643 0.6053
vn -0.6053 0.3643 0.7077
vn -0.4880 0.3641 0.7933
vn -0.3580 0.3637 0.8599
vn -0.2184 0.3633 0.9057
vn -0.0729 0.3630 0.9289
vn -0.9422 0.3267 0.0740
vn -0.9187 0.3271 0.2215
vn -0.8723 0.3275 0.3632
vn -0.8047 0.3278 0.4950
vn -0.7179 0.3279 0.6140
vn -0.6140 0.3279 0.7179
vn -0.4950 0.3278 0.8047
vn -0.3632 0.3275 0.8723
vn -0.2215 0.3271 0.9187
vn -0.0740 0.3267 0.9422
vn -0.9571 0.2797 0.0751
vn -0.9332 0.2800 0.2250
vn -0.8862 0.2804 0.3689
vn -0.8861 0.2804 0.3689
vn -0.8175 0.2807 0.5029
vn -0.7294 0.2808 0.6238
vn -0.6238 0.2808 0.7294
vn -0.5029 0.2807 0.8175
vn -0.3689 0.2804 0.8862
vn -0.2250 0.2800 0.9332
vn -0.0751 0.2797 0.9571
vn -0.9725 0.2199 0.0763
vn -0.9483 0.2202 0.2286
vn -0.9005 0.2204 0.3749
vn -0.8308 0.2207 0.5110
vn -0.7412 0.2208 0.6339
vn -0.6339 0.2208 0.7412
vn -0.5110 0.2207 0.8308
vn -0.3749 0.2204 0.9005
vn -0.2286 0.2202 0.9483
vn -0.0763 0.2199 0.9725
vn -0.9864 0.1449 0.0774
vn -0.9619 0.1451 0.2319
vn -0.9134 0.1453 0.3803
vn -0.8427 0.1454 0.5184
vn -0.7519 0.1455 0.6431
vn -0.6431 0.1455 0.7519
vn -0.5184 0.1454 0.8427
vn -0.3803 0.1453 0.9134
vn -0.2319 0.1451 0.9619
vn -0.0774 0.1449 0.9864
vn -0.9956 0.0526 0.0782
vn -0.9956 0.0526 0.0781
vn -0.9708 0.0527 0.2341
vn -0.9219 0.0527 0.3838
vn -0.8506 0.0528 0.5232
vn -0.7589 0.0528 0.6491
vn -0.6491 0.0528 0.7589
vn -0.5232 0.0528 0.8506
vn -0.3838 0.0527 0.9219
vn -0.2341 0.0527 0.9708
vn -0.0782 0.0526 0.9956
vn -0.0781 0.0526 0.9956
vn 0.0778 -0.1081 0.9911
vn 0.2330 -0.1083 0.9664
vn 0.3821 -0.1084 0.9177
vn 0.5209 -0.1085 0.8467
vn 0.6461 -0.1086 0.7555
vn 0.7555 -0.1086 0.6461
vn 0.8467 -0.1085 0.5209
vn 0.9177 -0.1084 0.3821
vn 0.9664 -0.1083 0.2330
vn 0.9911 -0.1081 0.0778
vn 0.0743 -0.3122 0.9471
vn 0.2226 -0.3125 0.9234
vn 0.3651 -0.3129 0.8768
vn 0.4976 -0.3132 0.8089
vn 0.6172 -0.3134 0.7217
vn 0.7217 -0.3134 0.6172
vn 0.8089 -0.3132 0.4976
vn 0.8768 -0.3129 0.3651
vn 0.9234 -0.3125 0.2226
vn 0.9471 -0.3122 0.0743
vn 0.0688 -0.4777 0.8758
vn 0.2059 -0.4781 0.8538
vn 0.3375 -0.4786 0.8106
vn 0.4599 -0.4790 0.7477
vn 0.5705 -0.4792 0.6670
vn 0.6670 -0.4792 0.5705
vn 0.7477 -0.4790 0.4599
vn 0.8106 -0.4786 0.3375
vn 0.8538 -0.4781 0.2059
vn 0.8758 -0.4777 0.0688
vn 0.0626 -0.5994 0.7980
vn 0.1875 -0.5999 0.7778
vn 0.3074 -0.6004 0.7383
vn 0.4189 -0.6008 0.6809
vn 0.4188 -0.6008 0.6809
vn 0.5195 -0.6010 0.6074
vn 0.6074 -0.6010 0.5195
vn 0.6809 -0.6008 0.4189
vn 0.6809 -0.6008 0.4188
vn 0.7383 -0.6004 0.3074
vn 0.7778 -0.5999 0.1875
vn 0.7980 -0.5994 0.0626
vn 0.0571 -0.6833 0.7279
vn 0.1710 -0.6837 0.7094
vn 0.2803 -0.6842 0.6732
vn 0.3819 -0.6846 0.6208
vn 0.4736 -0.6848 0.5538
vn 0.5538 -0.6848 0.4736
vn 0.6208 -0.6846 0.3819
vn 0.6732 -0.6842 0.2803
vn 0.7094 -0.6837 0.1710
vn 0.7279 -0.6833 0.0571
vn 0.0529 -0.7374 0.6734
vn 0.1582 -0.7378 0.6562
vn 0.2593 -0.7382 0.6227
vn 0.3532 -0.7386 0.5742
vn 0.4380 -0.7388 0.5122
vn 0.5122 -0.7388 0.4380
vn 0.5742 -0.7386 0.3532
vn 0.6227 -0.7382 0.2593
vn 0.6562 -0.7378 0.1582
vn 0.6734 -0.7374 0.0529
vn 0.0501 -0.7667 0.6401
vn 0.0502 -0.7666 0.6401
vn 0.0499 -0.7689 0.6375
vn 0.1504 -0.7670 0.6238
vn 0.1499 -0.7692 0.6212
vn 0.2464 -0.7674 0.5919
vn 0.2454 -0.7697 0.5894
vn 0.3357 -0.7678 0.5457
vn 0.3344 -0.7699 0.5435
vn 0.4163 -0.7680 0.4868
vn 0.4146 -0.7701 0.4847
vn 0.4868 -0.7679 0.4163
vn 0.4868 -0.7680 0.4163
vn 0.4847 -0.7702 0.4146
vn 0.5457 -0.7678 0.3357
vn 0.5435 -0.7699 0.3344
vn 0.5919 -0.7674 0.2464
vn 0.5894 -0.7696 0.2454
vn 0.6238 -0.7670 0.1505
vn 0.6238 -0.7670 0.1504
vn 0.6212 -0.7692 0.1498
vn 0.6401 -0.7666 0.0501
vn 0.6401 -0.7666 0.0502
vn 0.6375 -0.7689 0.0499
vn 0.0500 -0.7689 0.6374
vn 0.1498 -0.7692 0.6212
vn 0.1498 -0.7693 0.6211
vn 0.3343 -0.7700 0.5435
vn 0.3343 -0.7700 0.5434
vn 0.4146 -0.7702 0.4847
vn 0.5434 -0.7700 0.3343
vn 0.5435 -0.7700 0.3343
vn 0.5894 -0.7697 0.2454
vn 0.6211 -0.7693 0.1498
vn 0.6374 -0.7689 0.0500
vn 0.0543 -0.7199 0.6920
vn 0.1626 -0.7203 0.6743
vn 0.1626 -0.7203 0.6744
vn 0.2664 -0.7208 0.6399
vn 0.3630 -0.7211 0.5901
vn 0.4502 -0.7213 0.5263
vn 0.5263 -0.7213 0.4502
vn 0.5901 -0.7211 0.3630
vn 0.6399 -0.7208 0.2664
vn 0.6744 -0.7203 0.1626
vn 0.6743 -0.7203 0.1626
vn 0.6920 -0.7199 0.0543
vn 0.0696 -0.4582 0.8861
vn 0.2083 -0.4586 0.8639
vn 0.3415 -0.4591 0.8201
vn 0.4654 -0.4595 0.7565
vn 0.5772 -0.4597 0.6749
vn 0.6749 -0.4597 0.5772
vn 0.7565 -0.4595 0.4654
vn 0.8201 -0.4591 0.3415
vn 0.8639 -0.4586 0.2083
vn 0.8861 -0.4582 0.0696
vn 0.9911 -0.1081 -0.0778
vn 0.9664 -0.1083 -0.2330
vn 0.9177 -0.1084 -0.3821
vn 0.8467 -0.1085 -0.5209
vn 0.7555 -0.1086 -0.6461
vn 0.6461 -0.1086 -0.7555
vn 0.5209 -0.1085 -0.8467
vn 0.3821 -0.1084 -0.9177
vn 0.2330 -0.1083 -0.9664
vn 0.0778 -0.1081 -0.9911
vn 0.9471 -0.3122 -0.0743
vn 0.9234 -0.3125 -0.2226
vn 0.8768 -0.3129 -0.3651
vn 0.8089 -0.3132 -0.4976
vn 0.7217 -0.3134 -0.6172
vn 0.6172 -0.3134 -0.7217
vn 0.4976 -0.3132 -0.8089
vn 0.3651 -0.3129 -0.8768
vn 0.2226 -0.3125 -0.9234
vn 0.0743 -0.3122 -0.9471
vn 0.8758 -0.4777 -0.0688
vn 0.8538 -0.4781 -0.2059
vn 0.8106 -0.4786 -0.3375
vn 0.7477 -0.4790 -0.4599
vn 0.6670 -0.4792 -0.5705
vn 0.5705 -0.4792 -0.6670
vn 0.4599 -0.4790 -0.7477
vn 0.3375 -0.4786 -0.8106
vn 0.2059 -0.4781 -0.8538
vn 0.0688 -0.4777 -0.8758
vn 0.7980 -0.5994 -0.0626
vn 0.7778 -0.5999 -0.1875
vn 0.7383 -0.6004 -0.3074
vn 0.6809 -0.6008 -0.4188
vn 0.6809 -0.6008 -0.4189
vn 0.6074 -0.6010 -0.5195
vn 0.5195 -0.6010 -0.6074
vn 0.4189 -0.6008 -0.6809
vn 0.3074 -0.6004 -0.7383
vn 0.1875 -0.5999 -0.7778
vn 0.0626 -0.5994 -0.7980
vn 0.7279 -0.6833 -0.0571
vn 0.7094 -0.6837 -0.1710
vn 0.6732 -0.6842 -0.2803
vn 0.6208 -0.6846 -0.3819
vn 0.5538 -0.6848 -0.4736
vn 0.4736 -0.6848 -0.5538
vn 0.3819 -0.6846 -0.6208
vn 0.2803 -0.6842 -0.6732
vn 0.1710 -0.6837 -0.7094
vn 0.0571 -0.6833 -0.7279
vn 0.6734 -0.7374 -0.0529
vn 0.6562 -0.7378 -0.1582
vn 0.6227 -0.7382 -0.2593
vn 0.5742 -0.7386 -0.3532
vn 0.5122 -0.7388 -0.4380
vn 0.4380 -0.7388 -0.5122
vn 0.3532 -0.7386 -0.5742
vn 0.2593 -0.7382 -0.6227
vn 0.1582 -0.7378 -0.6562
vn 0.0529 -0.7374 -0.6734
vn 0.6401 -0.7666 -0.0501
vn 0.6401 -0.7666 -0.0502
vn 0.6375 -0.7689 -0.0499
vn 0.6238 -0.7670 -0.1504
vn 0.6212 -0.7692 -0.1499
vn 0.5920 -0.7674 -0.2464
vn 0.5919 -0.7674 -0.2464
vn 0.5894 -0.7697 -0.2454
vn 0.5457 -0.7678 -0.3358
vn 0.5457 -0.7678 -0.3357
vn 0.5434 -0.7700 -0.3344
vn 0.4868 -0.7680 -0.4163
vn 0.4847 -0.7702 -0.4146
vn 0.4163 -0.7679 -0.4868
vn 0.4163 -0.7680 -0.4868
vn 0.4146 -0.7701 -0.4847
vn 0.3357 -0.7678 -0.5457
vn 0.3344 -0.7699 -0.5435
vn 0.2464 -0.7674 -0.5919
vn 0.2454 -0.7696 -0.5894
vn 0.1505 -0.7670 -0.6238
vn 0.1504 -0.7670 -0.6238
vn 0.1498 -0.7692 -0.6212
vn 0.0501 -0.7666 -0.6402
vn 0.0502 -0.7666 -0.6401
vn 0.0499 -0.7689 -0.6375
vn 0.6374 -0.7689 -0.0500
vn 0.6212 -0.7692 -0.1498
vn 0.6211 -0.7693 -0.1498
vn 0.5434 -0.7700 -0.3343
vn 0.4146 -0.7702 -0.4847
vn 0.3343 -0.7700 -0.5434
vn 0.2454 -0.7697 -0.5894
vn 0.1498 -0.7693 -0.6211
vn 0.0500 -0.7689 -0.6374
vn 0.6920 -0.7199 -0.0543
vn 0.6743 -0.7203 -0.1626
vn 0.6744 -0.7203 -0.1626
vn 0.6399 -0.7208 -0.2664
vn 0.5901 -0.7211 -0.3630
vn 0.5263 -0.7213 -0.4502
vn 0.4502 -0.7213 -0.5263
vn 0.3630 -0.7211 -0.5901
vn 0.2664 -0.7208 -0.6399
vn 0.1626 -0.7203 -0.6744
vn 0.1626 -0.7203 -0.6743
vn 0.0543 -0.7199 -0.6920
vn 0.8861 -0.4582 -0.0696
vn 0.8639 -0.4586 -0.2083
vn 0.8201 -0.4591 -0.3415
vn 0.7565 -0.4595 -0.4654
vn 0.6749 -0.4597 -0.5772
vn 0.5772 -0.4597 -0.6749
vn 0.4654 -0.4595 -0.7565
vn 0.3415 -0.4591 -0.8201
vn 0.2083 -0.4586 -0.8639
vn 0.0696 -0.4582 -0.8861
vn -0.0778 -0.1081 -0.9911
vn -0.2330 -0.1083 -0.9664
vn -0.3821 -0.1084 -0.9177
vn -0.5209 -0.1085 -0.8467
vn -0.6461 -0.1086 -0.7555
vn -0.7555 -0.1086 -0.6461
vn -0.8467 -0.1085 -0.5209
vn -0.9177 -0.1084 -0.3821
vn -0.9664 -0.1083 -0.2330
vn -0.9911 -0.1081 -0.0778
vn -0.0743 -0.3122 -0.9471
vn -0.2226 -0.3125 -0.9234
vn -0.3651 -0.3129 -0.8768
vn -0.4976 -0.3132 -0.8089
vn -0.6172 -0.3134 -0.7217
vn -0.7217 -0.3134 -0.6172
vn -0.8089 -0.3132 -0.4976
vn -0.8768 -0.3129 -0.3651
vn -0.9234 -0.3125 -0.2226
vn -0.9471 -0.3122 -0.0743
vn -0.0688 -0.4777 -0.8758
vn -0.2059 -0.4781 -0.8538
vn -0.3375 -0.4786 -0.8106
vn -0.4599 -0.4790 -0.7477
vn -0.5705 -0.4792 -0.6670
vn -0.6670 -0.4792 -0.5705
vn -0.7477 -0.4790 -0.4599
vn -0.8106 -0.4786 -0.3375
vn -0.8538 -0.4781 -0.2059
vn -0.8758 -0.4777 -0.0688
vn -0.0626 -0.5994 -0.7980
vn -0.1875 -0.5999 -0.7778
vn -0.3074 -0.6004 -0.7383
vn -0.4189 -0.6008 -0.6809
vn -0.4188 -0.6008 -0.6809
vn -0.5195 -0.6010 -0.6074
vn -0.6074 -0.6010 -0.5195
vn -0.6809 -0.6008 -0.4189
vn -0.6809 -0.6008 -0.4188
vn -0.7383 -0.6004 -0.3074
vn -0.7778 -0.5999 -0.1875
vn -0.7980 -0.5994 -0.0626
vn -0.0571 -0.6833 -0.7279
vn -0.1710 -0.6837 -0.7094
vn -0.2803 -0.6842 -0.6732
vn -0.3819 -0.6846 -0.6208
vn -0.4736 -0.6848 -0.5538
vn -0.5538 -0.6848 -0.4736
vn -0.6208 -0.6846 -0.3819
vn -0.6732 -0.6842 -0.2803
vn -0.7094 -0.6837 -0.1710
vn -0.7279 -0.6833 -0.0571
vn -0.0529 -0.7374 -0.6734
vn -0.1582 -0.7378 -0.6562
vn -0.2593 -0.7382 -0.6227
vn -0.3532 -0.7386 -0.5742
vn -0.4380 -0.7388 -0.5122
vn -0.5122 -0.7388 -0.4380
vn -0.5742 -0.7386 -0.3532
vn -0.6227 -0.7382 -0.2593
vn -0.6562 -0.7378 -0.1582
vn -0.6734 -0.7374 -0.0529
vn -0.0501 -0.7667 -0.6401
vn -0.0502 -0.7666 -0.6401
vn -0.0499 -0.7689 -0.6375
vn -0.1504 -0.7670 -0.6238
vn -0.1499 -0.7692 -0.6212
vn -0.2464 -0.7674 -0.5919
vn -0.2454 -0.7697 -0.5894
vn -0.3357 -0.7678 -0.5457
vn -0.3344 -0.7699 -0.5435
vn -0.4163 -0.7680 -0.4868
vn -0.4146 -0.7701 -0.4847
vn -0.4868 -0.7679 -0.4163
vn -0.4868 -0.7680 -0.4163
vn -0.4847 -0.7702 -0.4146
vn -0.5457 -0.7678 -0.3357
vn -0.5435 -0.7699 -0.3344
vn -0.5919 -0.7674 -0.2464
vn -0.5894 -0.7696 -0.2454
vn -0.6238 -0.7670 -0.1505
vn -0.6238 -0.7670 -0.1504
vn -0.6212 -0.7692 -0.1498
vn -0.6401 -0.7666 -0.0501
vn -0.6401 -0.7666 -0.0502
vn -0.6375 -0.7689 -0.0499
vn -0.0500 -0.7689 -0.6374
vn -0.1498 -0.7692 -0.6212
vn -0.1498 -0.7693 -0.6211
vn -0.3343 -0.7700 -0.5435
vn -0.3343 -0.7700 -0.5434
vn -0.4146 -0.7702 -0.4847
vn -0.5434 -0.7700 -0.3343
vn -0.5435 -0.7700 -0.3343
vn -0.5894 -0.7697 -0.2454
vn -0.6211 -0.7693 -0.1498
vn -0.6374 -0.7689 -0.0500
vn -0.0543 -0.7199 -0.6920
vn -0.1626 -0.7203 -0.6743
vn -0.1626 -0.7203 -0.6744
vn -0.2664 -0.7208 -0.6399
vn -0.3630 -0.7211 -0.5901
vn -0.4502 -0.7213 -0.5263
vn -0.5263 -0.7213 -0.4502
vn -0.5901 -0.7211 -0.3630
vn -0.6399 -0.7208 -0.2664
vn -0.6744 -0.7203 -0.1626
vn -0.6743 -0.7203 -0.1626
vn -0.6920 -0.7199 -0.0543
vn -0.0696 -0.4582 -0.8861
vn -0.2083 -0.4586 -0.8639
vn -0.3415 -0.4591 -0.8201
vn -0.4654 -0.4595 -0.7565
vn -0.5772 -0.4597 -0.6749
vn -0.6749 -0.4597 -0.5772
vn -0.7565 -0.4595 -0.4654
vn -0.8201 -0.4591 -0.3415
vn -0.8639 -0.4586 -0.2083
vn -0.8861 -0.4582 -0.0696
vn -0.9911 -0.1081 0.0778
vn -0.9664 -0.1083 0.2330
vn -0.9177 -0.1084 0.3821
vn -0.8467 -0.1085 0.5209
vn -0.7555 -0.1086 0.6461
vn -0.6461 -0.1086 0.7555
vn -0.5209 -0.1085 0.8467
vn -0.3821 -0.1084 0.9177
vn -0.2330 -0.1083 0.9664
vn -0.0778 -0.1081 0.9911
vn -0.9471 -0.3122 0.0743
vn -0.9234 -0.3125 0.2226
vn -0.8768 -0.3129 0.3651
vn -0.8089 -0.3132 0.4976
vn -0.7217 -0.3134 0.6172
vn -0.6172 -0.3134 0.7217
vn -0.4976 -0.3132 0.8089
vn -0.3651 -0.3129 0.8768
vn -0.2226 -0.3125 0.9234
vn -0.0743 -0.3122 0.9471
vn -0.8758 -0.4777 0.0688
vn -0.8538 -0.4781 0.2059
vn -0.8106 -0.4786 0.3375
vn -0.7477 -0.4790 0.4599
vn -0.6670 -0.4792 0.5705
vn -0.5705 -0.4792 0.6670
vn -0.4599 -0.4790 0.7477
vn -0.3375 -0.4786 0.8106
vn -0.2059 -0.4781 0.8538
vn -0.0688 -0.4777 0.8758
vn -0.7980 -0.5994 0.0626
vn -0.7778 -0.5999 0.1875
vn -0.7383 -0.6004 0.3074
vn -0.6809 -0.6008 0.4188
vn -0.6809 -0.6008 0.4189
vn -0.6074 -0.6010 0.5195
vn -0.5195 -0.6010 0.6074
vn -0.4189 -0.6008 0.6809
vn -0.3074 -0.6004 0.7383
vn -0.1875 -0.5999 0.7778
vn -0.0626 -0.5994 0.7980
vn -0.7279 -0.6833 0.0571
vn -0.7094 -0.6837 0.1710
vn -0.6732 -0.6842 0.2803
vn -0.6208 -0.6846 0.3819
vn -0.5538 -0.6848 0.4736
vn -0.4736 -0.6848 0.5538
vn -0.3819 -0.6846 0.6208
vn -0.2803 -0.6842 0.6732
vn -0.1710 -0.6837 0.7094
vn -0.0571 -0.6833 0.7279
vn -0.6734 -0.7374 0.0529
vn -0.6562 -0.7378 0.1582
vn -0.6227 -0.7382 0.2593
vn -0.5742 -0.7386 0.3532
vn -0.5122 -0.7388 0.4380
vn -0.4380 -0.7388 0.5122
vn -0.3532 -0.7386 0.5742
vn -0.2593 -0.7382 0.6227
vn -0.1582 -0.7378 0.6562
vn -0.0529 -0.7374 0.6734
vn -0.6401 -0.7666 0.0501
vn -0.6401 -0.7666 0.0502
vn -0.6375 -0.7689 0.0499
vn -0.6238 -0.7670 0.1504
vn -0.6212 -0.7692 0.1499
vn -0.5920 -0.7674 0.2464
vn -0.5919 -0.7674 0.2464
vn -0.5894 -0.7697 0.2454
vn -0.5457 -0.7678 0.3358
vn -0.5457 -0.7678 0.3357
vn -0.5434 -0.7700 0.3344
vn -0.4868 -0.7680 0.4163
vn -0.4847 -0.7702 0.4146
vn -0.4163 -0.7679 0.4868
vn -0.4163 -0.7680 0.4868
vn -0.4146 -0.7701 0.4847
vn -0.3357 -0.7678 0.5457
vn -0.3344 -0.7699 0.5435
vn -0.2464 -0.7674 0.5919
vn -0.2454 -0.7696 0.5894
vn -0.1505 -0.7670 0.6238
vn -0.1504 -0.7670 0.6238
vn -0.1498 -0.7692 0.6212
vn -0.0501 -0.7666 0.6402
vn -0.0502 -0.7666 0.6401
vn -0.0499 -0.7689 0.6375
vn -0.6374 -0.7689 0.0500
vn -0.6212 -0.7692 0.1498
vn -0.6211 -0.7693 0.1498
vn -0.5434 -0.7700 0.3343
vn -0.4146 -0.7702 0.4847
vn -0.3343 -0.7700 0.5434
vn -0.2454 -0.7697 0.5894
vn -0.1498 -0.7693 0.6211
vn -0.0500 -0.7689 0.6374
vn -0.6920 -0.7199 0.0543
vn -0.6743 -0.7203 0.1626
vn -0.6744 -0.7203 0.1626
vn -0.6399 -0.7208 0.2664
vn -0.5901 -0.7211 0.3630
vn -0.5263 -0.7213 0.4502
vn -0.4502 -0.7213 0.5263
vn -0.3630 -0.7211 0.5901
vn -0.2664 -0.7208 0.6399
vn -0.1626 -0.7203 0.6744
vn -0.1626 -0.7203 0.6743
vn -0.0543 -0.7199 0.6920
vn -0.8861 -0.4582 0.0696
vn -0.8639 -0.4586 0.2083
vn -0.8201 -0.4591 0.3415
vn -0.7565 -0.4595 0.4654
vn -0.6749 -0.4597 0.5772
vn -0.5772 -0.4597 0.6749
vn -0.4654 -0.4595 0.7565
vn -0.3415 -0.4591 0.8201
vn -0.2083 -0.4586 0.8639
vn -0.0696 -0.4582 0.8861
vn 0.0775 -0.9970 0.0011
vn 0.0772 -0.9970 0.0087
vn 0.0775 -0.9970 0.0016
vn 0.2618 -0.9651 0.0011
vn 0.2617 -0.9652 0.0011
vn 0.2606 -0.9654 0.0087
vn 0.2615 -0.9652 0.0015
vn 0.4884 -0.8726 0.0011
vn 0.4882 -0.8727 0.0010
vn 0.4866 -0.8736 0.0081
vn 0.4882 -0.8727 0.0013
vn 0.7496 -0.6618 0.0009
vn 0.7495 -0.6620 0.0008
vn 0.7481 -0.6635 0.0064
vn 0.7494 -0.6621 0.0039
vn 0.9653 -0.2611 0.0004
vn 0.9653 -0.2612 0.0003
vn 0.9650 -0.2622 0.0026
vn 0.9653 -0.2613 0.0016
vn 0.9653 0.2611 -0.0004
vn 0.9653 0.2612 -0.0004
vn 0.9650 0.2621 -0.0028
vn 0.9653 0.2613 -0.0017
vn 0.7496 0.6619 -0.0010
vn 0.7495 0.6620 -0.0010
vn 0.7482 0.6634 -0.0075
vn 0.7494 0.6622 -0.0044
vn 0.4883 0.8726 -0.0013
vn 0.4882 0.8727 -0.0013
vn 0.4868 0.8734 -0.0104
vn 0.4889 0.8723 -0.0016
vn 0.2618 0.9651 -0.0015
vn 0.2617 0.9652 -0.0015
vn 0.2608 0.9653 -0.0118
vn 0.2620 0.9651 -0.0018
vn 0.0775 0.9970 -0.0016
vn 0.0771 -0.9970 0.0086
vn 0.2613 -0.9652 0.0088
vn 0.2605 -0.9654 0.0085
vn 0.4876 -0.8730 0.0083
vn 0.4865 -0.8737 0.0080
vn 0.7489 -0.6626 0.0067
vn 0.7480 -0.6637 0.0064
vn 0.9652 -0.2615 0.0030
vn 0.9648 -0.2627 0.0083
vn 0.9652 0.2615 -0.0031
vn 0.9649 0.2626 -0.0087
vn 0.7489 0.6627 -0.0077
vn 0.7481 0.6635 -0.0075
vn 0.4876 0.8730 -0.0105
vn 0.4867 0.8735 -0.0103
vn 0.2615 0.9651 -0.0118
vn 0.2607 0.9653 -0.0116
vn 0.0772 0.9969 -0.0123
vn 0.0774 0.9969 -0.0123
vn 0.0772 0.9969 -0.0122
vn 0.0773 -0.9967 0.0265
vn 0.0774 -0.9966 0.0266
vn 0.0766 -0.9967 0.0262
vn 0.0765 -0.9967 0.0261
vn 0.2610 -0.9650 0.0266
vn 0.2616 -0.9648 0.0269
vn 0.2593 -0.9655 0.0260
vn 0.2587 -0.9656 0.0257
vn 0.4873 -0.8729 0.0254
vn 0.4882 -0.8723 0.0257
vn 0.4849 -0.8742 0.0247
vn 0.4839 -0.8748 0.0244
vn 0.7488 -0.6625 0.0205
vn 0.7496 -0.6615 0.0207
vn 0.7468 -0.6647 0.0199
vn 0.7459 -0.6658 0.0196
vn 0.9651 -0.2616 0.0090
vn 0.9650 -0.2616 0.0185
vn 0.9652 0.2615 -0.0095
vn 0.9652 0.2610 -0.0195
vn 0.7492 0.6619 -0.0236
vn 0.7500 0.6610 -0.0238
vn 0.7476 0.6638 -0.0232
vn 0.7468 0.6647 -0.0230
vn 0.4880 0.8722 -0.0321
vn 0.4888 0.8718 -0.0323
vn 0.4862 0.8733 -0.0317
vn 0.4854 0.8737 -0.0315
vn 0.2616 0.9645 -0.0363
vn 0.2621 0.9643 -0.0364
vn 0.2605 0.9648 -0.0359
vn 0.2600 0.9650 -0.0358
vn 0.0775 0.9963 -0.0379
vn 0.0776 0.9963 -0.0379
vn 0.0771 0.9963 -0.0377
vn 0.0769 0.9963 -0.0376
vn 0.0775 -0.9953 0.0586
vn 0.0777 -0.9952 0.0588
vn 0.0762 -0.9954 0.0579
vn 0.0759 -0.9954 0.0578
vn 0.2618 -0.9633 0.0590
vn 0.2628 -0.9630 0.0595
vn 0.2579 -0.9645 0.0575
vn 0.2568 -0.9648 0.0570
vn 0.4888 -0.8706 0.0565
vn 0.4906 -0.8695 0.0570
vn 0.4834 -0.8737 0.0547
vn 0.4815 -0.8748 0.0541
vn 0.7506 -0.6592 0.0454
vn 0.7522 -0.6573 0.0458
vn 0.7461 -0.6643 0.0442
vn 0.7443 -0.6664 0.0437
vn 0.9656 -0.2593 0.0189
vn 0.9645 -0.2636 0.0184
vn 0.9658 0.2587 -0.0199
vn 0.9646 0.2628 -0.0194
vn 0.7524 0.6567 -0.0526
vn 0.7538 0.6549 -0.0529
vn 0.7487 0.6609 -0.0517
vn 0.7471 0.6627 -0.0514
vn 0.4920 0.8676 -0.0717
vn 0.4936 0.8667 -0.0721
vn 0.4880 0.8700 -0.0707
vn 0.4864 0.8709 -0.0704
vn 0.2644 0.9610 -0.0812
vn 0.2654 0.9607 -0.0815
vn 0.2619 0.9618 -0.0804
vn 0.2609 0.9620 -0.0801
vn 0.0783 0.9933 -0.0847
vn 0.0787 0.9933 -0.0848
vn 0.0776 0.9934 -0.0844
vn 0.0773 0.9934 -0.0843
vn 0.0783 -0.9906 0.1124
vn 0.0787 -0.9905 0.1126
vn 0.0760 -0.9909 0.1109
vn 0.0756 -0.9910 0.1107
vn 0.2651 -0.9576 0.1132
vn 0.2666 -0.9571 0.1139
vn 0.2578 -0.9599 0.1099
vn 0.2561 -0.9605 0.1092
vn 0.4973 -0.8607 0.1088
vn 0.4813 -0.8704 0.1036
vn 0.7590 -0.6452 0.0869
vn 0.7454 -0.6614 0.0836
vn 0.9670 -0.2524 0.0357
vn 0.9675 -0.2504 0.0358
vn 0.9655 -0.2581 0.0353
vn 0.9649 -0.2602 0.0351
vn 0.9673 0.2510 -0.0373
vn 0.9678 0.2491 -0.0375
vn 0.9659 0.2562 -0.0370
vn 0.9654 0.2583 -0.0369
vn 0.7632 0.6384 -0.1003
vn 0.7518 0.6521 -0.0982
vn 0.5051 0.8519 -0.1380
vn 0.4927 0.8597 -0.1350
vn 0.2719 0.9496 -0.1563
vn 0.2733 0.9491 -0.1568
vn 0.2671 0.9512 -0.1547
vn 0.2656 0.9517 -0.1542
vn 0.0808 0.9832 -0.1634
vn 0.0812 0.9832 -0.1636
vn 0.0793 0.9835 -0.1627
vn 0.0789 0.9836 -0.1625
vn 0.0808 -0.9765 0.1997
vn 0.0811 -0.9765 0.1999
vn 0.0766 -0.9775 0.1967
vn 0.0763 -0.9775 0.1964
vn 0.2750 -0.9401 0.2017
vn 0.2588 -0.9463 0.1937
vn 0.5116 -0.8377 0.1913
vn 0.4869 -0.8540 0.1832
vn 0.7726 -0.6168 0.1504
vn 0.7522 -0.6424 0.1467
vn 0.9703 -0.2342 0.0607
vn 0.9667 -0.2488 0.0607
vn 0.9702 0.2340 -0.0633
vn 0.9708 0.2315 -0.0633
vn 0.9681 0.2423 -0.0634
vn 0.9674 0.2450 -0.0635
vn 0.7803 0.6014 -0.1718
vn 0.7638 0.6225 -0.1703
vn 0.5267 0.8153 -0.2406
vn 0.5082 0.8281 -0.2366
vn 0.2866 0.9176 -0.2755
vn 0.2885 0.9168 -0.2761
vn 0.2787 0.9209 -0.2727
vn 0.2767 0.9217 -0.2720
vn 0.0856 0.9535 -0.2890
vn 0.0861 0.9534 -0.2892
vn 0.0831 0.9541 -0.2877
vn 0.0826 0.9543 -0.2874
vn 0.0825 -0.9379 0.3369
vn 0.0859 -0.9366 0.3397
vn 0.0791 -0.9390 0.3346
vn 0.0792 -0.9392 0.3342
vn 0.2911 -0.8941 0.3404
vn 0.2686 -0.9055 0.3284
vn 0.5370 -0.7817 0.3172
vn 0.5038 -0.8073 0.3073
vn 0.7944 -0.5572 0.2419
vn 0.7687 -0.5927 0.2405
vn 0.9743 -0.2043 0.0945
vn 0.9701 -0.2225 0.0966
vn 0.9749 0.2000 -0.0978
vn 0.9712 0.2164 -0.1001
vn 0.8045 0.5288 -0.2705
vn 0.7850 0.5566 -0.2722
vn 0.5588 0.7330 -0.3877
vn 0.5354 0.7519 -0.3846
vn 0.3117 0.8360 -0.4516
vn 0.2962 0.8443 -0.4466
vn 0.0932 0.8746 -0.4758
vn 0.0937 0.8745 -0.4760
vn 0.0895 0.8761 -0.4738
vn 0.0890 0.8763 -0.4734
vn 0.0861 -0.8333 0.5460
vn 0.0939 -0.8281 0.5526
vn 0.0934 -0.8283 0.5524
vn 0.0858 -0.8336 0.5456
vn 0.3161 -0.7767 0.5447
vn 0.2895 -0.7962 0.5313
vn 0.5722 -0.6565 0.4916
vn 0.5356 -0.6914 0.4849
vn 0.8201 -0.4463 0.3582
vn 0.7948 -0.4857 0.3637
vn 0.9784 -0.1568 0.1344
vn 0.9747 -0.1742 0.1398
vn 0.9789 0.1514 -0.1374
vn 0.9756 0.1667 -0.1429
vn 0.8282 0.4062 -0.3862
vn 0.8101 0.4342 -0.3940
vn 0.5918 0.5745 -0.5655
vn 0.5683 0.5963 -0.5670
vn 0.3362 0.6639 -0.6680
vn 0.3197 0.6753 -0.6647
vn 0.1015 0.6988 -0.7081
vn 0.1019 0.6985 -0.7083
vn 0.0972 0.7014 -0.7061
vn 0.0967 0.7016 -0.7059
vn 0.0957 -0.5826 0.8071
vn 0.1024 -0.5752 0.8116
vn 0.1018 -0.5758 0.8112
vn 0.0951 -0.5832 0.8067
vn 0.3398 -0.5254 0.7800
vn 0.3174 -0.5483 0.7737
vn 0.6002 -0.4263 0.6768
vn 0.5722 -0.4582 0.6802
vn 0.8367 -0.2771 0.4724
vn 0.8193 -0.3055 0.4851
vn 0.9804 -0.0954 0.1725
vn 0.9807 -0.0941 0.1717
vn 0.9786 -0.1033 0.1777
vn 0.9783 -0.1049 0.1788
vn 0.9805 0.0908 -0.1743
vn 0.9808 0.0896 -0.1734
vn 0.9790 0.0973 -0.1791
vn 0.9787 0.0988 -0.1802
vn 0.8390 0.2404 -0.4881
vn 0.8267 0.2583 -0.4998
vn 0.6065 0.3412 -0.7181
vn 0.5896 0.3569 -0.7246
vn 0.3470 0.3951 -0.8506
vn 0.3346 0.4045 -0.8511
vn 0.1052 0.4164 -0.9031
vn 0.1055 0.4162 -0.9031
vn 0.1018 0.4189 -0.9023
vn 0.1014 0.4191 -0.9022
vn 0.1016 -0.1903 0.9764
vn 0.1042 -0.1868 0.9769
vn 0.1041 -0.1872 0.9768
vn 0.1013 -0.1906 0.9764
vn 0.3348 -0.1766 0.9256
vn 0.3433 -0.1678 0.9241
vn 0.3346 -0.1765 0.9257
vn 0.3349 -0.1770 0.9255
vn 0.6020 -0.1335 0.7873
vn 0.5921 -0.1440 0.7929
vn 0.8357 -0.0863 0.5424
vn 0.8363 -0.0854 0.5416
vn 0.8312 -0.0922 0.5483
vn 0.8303 -0.0932 0.5495
vn 0.9803 -0.0291 0.1954
vn 0.9804 -0.0287 0.1949
vn 0.9797 -0.0309 0.1979
vn 0.9796 -0.0313 0.1986
vn 0.9803 0.0273 -0.1958
vn 0.9804 0.0270 -0.1953
vn 0.9798 0.0287 -0.1980
vn 0.9796 0.0292 -0.1986
vn 0.8352 0.0724 -0.5452
vn 0.8359 0.0717 -0.5442
vn 0.8323 0.0754 -0.5491
vn 0.8315 0.0762 -0.5503
vn 0.6002 0.1014 -0.7934
vn 0.6011 0.1007 -0.7928
vn 0.5961 0.1043 -0.7961
vn 0.5950 0.1050 -0.7969
vn 0.3418 0.1159 -0.9326
vn 0.3425 0.1156 -0.9324
vn 0.3385 0.1180 -0.9335
vn 0.3379 0.1185 -0.9337
vn 0.1037 0.1215 -0.9872
vn 0.1039 0.1214 -0.9872
vn 0.1025 0.1223 -0.9872
vn 0.1024 0.1224 -0.9872
vn -0.0775 0.9970 -0.0016
vn -0.0773 0.9969 -0.0122
vn -0.0777 0.9970 -0.0021
vn -0.2618 0.9651 -0.0015
vn -0.2617 0.9652 -0.0015
vn -0.2609 0.9653 -0.0116
vn -0.2618 0.9651 -0.0020
vn -0.4884 0.8726 -0.0013
vn -0.4882 0.8727 -0.0013
vn -0.4870 0.8733 -0.0102
vn -0.4885 0.8726 -0.0017
vn -0.7496 0.6619 -0.0010
vn -0.7495 0.6620 -0.0010
vn -0.7484 0.6632 -0.0074
vn -0.7494 0.6621 -0.0013
vn -0.9653 0.2611 -0.0004
vn -0.9653 0.2612 -0.0004
vn -0.9651 0.2619 -0.0027
vn -0.9653 0.2611 -0.0005
vn -0.9653 -0.2610 0.0003
vn -0.9653 -0.2612 0.0004
vn -0.9651 -0.2620 0.0027
vn -0.9653 -0.2613 0.0016
vn -0.7497 -0.6618 0.0008
vn -0.7495 -0.6620 0.0009
vn -0.7484 -0.6632 0.0064
vn -0.7497 -0.6617 0.0012
vn -0.4884 -0.8726 0.0010
vn -0.4882 -0.8727 0.0011
vn -0.4870 -0.8734 0.0081
vn -0.4885 -0.8726 0.0014
vn -0.2618 -0.9651 0.0011
vn -0.2617 -0.9652 0.0011
vn -0.2607 -0.9654 0.0085
vn -0.2614 -0.9652 0.0015
vn -0.0775 -0.9970 0.0011
vn -0.0772 0.9969 -0.0123
vn -0.2613 0.9652 -0.0117
vn -0.2607 0.9653 -0.0119
vn -0.4876 0.8730 -0.0103
vn -0.4867 0.8735 -0.0105
vn -0.7489 0.6627 -0.0076
vn -0.7481 0.6635 -0.0078
vn -0.9653 0.2610 -0.0027
vn -0.9647 0.2632 -0.0087
vn -0.9653 -0.2610 0.0025
vn -0.9646 -0.2634 0.0082
vn -0.7495 -0.6620 0.0061
vn -0.7479 -0.6637 0.0071
vn -0.4876 -0.8730 0.0082
vn -0.4865 -0.8736 0.0085
vn -0.2612 -0.9653 0.0086
vn -0.2605 -0.9654 0.0088
vn -0.0772 -0.9970 0.0087
vn -0.0774 -0.9970 0.0086
vn -0.0773 -0.9970 0.0087
vn -0.0771 -0.9970 0.0088
vn -0.0774 0.9963 -0.0377
vn -0.0776 0.9963 -0.0376
vn -0.0770 0.9963 -0.0379
vn -0.2616 0.9645 -0.0359
vn -0.2621 0.9644 -0.0358
vn -0.2605 0.9648 -0.0363
vn -0.2600 0.9649 -0.0364
vn -0.4880 0.8723 -0.0316
vn -0.4888 0.8719 -0.0314
vn -0.4864 0.8732 -0.0321
vn -0.4856 0.8736 -0.0324
vn -0.7491 0.6620 -0.0231
vn -0.7499 0.6612 -0.0229
vn -0.7477 0.6636 -0.0236
vn -0.7470 0.6644 -0.0239
vn -0.9663 0.2574 -0.0090
vn -0.9642 0.2647 -0.0184
vn -0.9662 -0.2577 0.0089
vn -0.9641 -0.2650 0.0175
vn -0.7495 -0.6617 0.0195
vn -0.7462 -0.6654 0.0208
vn -0.4872 -0.8730 0.0247
vn -0.4881 -0.8725 0.0243
vn -0.4851 -0.8741 0.0255
vn -0.4842 -0.8746 0.0258
vn -0.2610 -0.9650 0.0260
vn -0.2616 -0.9648 0.0257
vn -0.2594 -0.9654 0.0267
vn -0.2588 -0.9655 0.0269
vn -0.0771 -0.9967 0.0263
vn -0.0774 -0.9967 0.0261
vn -0.0767 -0.9967 0.0265
vn -0.0765 -0.9967 0.0266
vn -0.0783 0.9934 -0.0844
vn -0.0786 0.9933 -0.0843
vn -0.0776 0.9934 -0.0847
vn -0.0773 0.9934 -0.0848
vn -0.2643 0.9611 -0.0804
vn -0.2652 0.9609 -0.0800
vn -0.2620 0.9616 -0.0813
vn -0.2611 0.9618 -0.0816
vn -0.4917 0.8679 -0.0707
vn -0.4932 0.8671 -0.0701
vn -0.4885 0.8696 -0.0720
vn -0.4870 0.8704 -0.0725
vn -0.7520 0.6571 -0.0516
vn -0.7534 0.6556 -0.0509
vn -0.7492 0.6602 -0.0529
vn -0.7478 0.6617 -0.0535
vn -0.9657 0.2591 -0.0193
vn -0.9648 0.2621 -0.0203
vn -0.9655 -0.2596 0.0184
vn -0.9646 -0.2628 0.0194
vn -0.7501 -0.6599 0.0439
vn -0.7516 -0.6582 0.0431
vn -0.7468 -0.6634 0.0456
vn -0.7453 -0.6651 0.0464
vn -0.4883 -0.8710 0.0546
vn -0.4900 -0.8701 0.0538
vn -0.4841 -0.8732 0.0566
vn -0.4825 -0.8740 0.0573
vn -0.2615 -0.9635 0.0575
vn -0.2625 -0.9632 0.0570
vn -0.2583 -0.9643 0.0591
vn -0.2573 -0.9645 0.0596
vn -0.0774 -0.9953 0.0580
vn -0.0777 -0.9953 0.0578
vn -0.0762 -0.9954 0.0587
vn -0.0759 -0.9954 0.0589
vn -0.0807 0.9834 -0.1627
vn -0.0812 0.9834 -0.1625
vn -0.0793 0.9834 -0.1634
vn -0.0789 0.9834 -0.1636
vn -0.2715 0.9499 -0.1546
vn -0.2729 0.9497 -0.1539
vn -0.2675 0.9508 -0.1565
vn -0.2662 0.9510 -0.1571
vn -0.5018 0.8544 -0.1351
vn -0.5041 0.8532 -0.1340
vn -0.4963 0.8571 -0.1379
vn -0.4941 0.8582 -0.1390
vn -0.7599 0.6426 -0.0978
vn -0.7620 0.6403 -0.0964
vn -0.7555 0.6474 -0.1006
vn -0.7534 0.6496 -0.1020
vn -0.9671 0.2519 -0.0365
vn -0.9675 0.2504 -0.0358
vn -0.9662 0.2551 -0.0379
vn -0.9657 0.2566 -0.0386
vn -0.9667 -0.2534 0.0346
vn -0.9672 -0.2518 0.0339
vn -0.9658 -0.2567 0.0362
vn -0.9654 -0.2583 0.0369
vn -0.7574 -0.6478 0.0819
vn -0.7476 -0.6582 0.0887
vn -0.4956 -0.8624 0.1027
vn -0.4836 -0.8684 0.1098
vn -0.2642 -0.9582 0.1098
vn -0.2657 -0.9579 0.1089
vn -0.2586 -0.9593 0.1133
vn -0.2572 -0.9596 0.1142
vn -0.0782 -0.9907 0.1109
vn -0.0786 -0.9907 0.1106
vn -0.0760 -0.9908 0.1124
vn -0.0757 -0.9907 0.1127
vn -0.0856 0.9539 -0.2875
vn -0.0860 0.9540 -0.2873
vn -0.0831 0.9537 -0.2890
vn -0.0827 0.9537 -0.2893
vn -0.2859 0.9188 -0.2722
vn -0.2877 0.9186 -0.2711
vn -0.2796 0.9196 -0.2760
vn -0.2778 0.9198 -0.2770
vn -0.5248 0.8185 -0.2339
vn -0.5107 0.8246 -0.2433
vn -0.7782 0.6058 -0.1657
vn -0.7667 0.6173 -0.1764
vn -0.9698 0.2360 -0.0620
vn -0.9703 0.2342 -0.0607
vn -0.9686 0.2399 -0.0648
vn -0.9681 0.2417 -0.0661
vn -0.9692 -0.2390 0.0591
vn -0.9698 -0.2371 0.0578
vn -0.9680 -0.2432 0.0622
vn -0.9674 -0.2450 0.0635
vn -0.7695 -0.6226 0.1421
vn -0.7564 -0.6355 0.1549
vn -0.5082 -0.8421 0.1807
vn -0.4913 -0.8491 0.1939
vn -0.2733 -0.9424 0.1929
vn -0.2609 -0.9439 0.2025
vn -0.0805 -0.9772 0.1965
vn -0.0809 -0.9772 0.1963
vn -0.0767 -0.9769 0.1996
vn -0.0765 -0.9768 0.2000
vn -0.0932 0.8758 -0.4736
vn -0.0936 0.8760 -0.4732
vn -0.0897 0.8749 -0.4759
vn -0.0892 0.8748 -0.4762
vn -0.3105 0.8403 -0.4444
vn -0.2977 0.8399 -0.4537
vn -0.5562 0.7399 -0.3785
vn -0.5389 0.7446 -0.3938
vn -0.8018 0.5369 -0.2625
vn -0.7887 0.5473 -0.2800
vn -0.9738 0.2058 -0.0964
vn -0.9743 0.2043 -0.0945
vn -0.9725 0.2097 -0.1014
vn -0.9720 0.2111 -0.1032
vn -0.9731 -0.2107 0.0927
vn -0.9736 -0.2092 0.0908
vn -0.9717 -0.2149 0.0982
vn -0.9712 -0.2164 0.1001
vn -0.7900 -0.5681 0.2305
vn -0.7747 -0.5800 0.2518
vn -0.5317 -0.7915 0.3013
vn -0.5106 -0.7967 0.3233
vn -0.2883 -0.9002 0.3265
vn -0.2720 -0.8993 0.3424
vn -0.0851 -0.9388 0.3338
vn -0.0856 -0.9387 0.3340
vn -0.0793 -0.9373 0.3394
vn -0.0796 -0.9371 0.3399
vn -0.1014 0.7010 -0.7059
vn -0.1018 0.7013 -0.7056
vn -0.0973 0.6990 -0.7085
vn -0.0969 0.6989 -0.7087
vn -0.3353 0.6714 -0.6609
vn -0.3211 0.6676 -0.6717
vn -0.5897 0.5853 -0.5565
vn -0.5714 0.5849 -0.5757
vn -0.8262 0.4172 -0.3786
vn -0.8133 0.4217 -0.4010
vn -0.9780 0.1575 -0.1364
vn -0.9784 0.1568 -0.1344
vn -0.9767 0.1597 -0.1434
vn -0.9763 0.1603 -0.1454
vn -0.9775 -0.1636 0.1330
vn -0.9779 -0.1630 0.1309
vn -0.9760 -0.1660 0.1409
vn -0.9756 -0.1667 0.1429
vn -0.8161 -0.4626 0.3464
vn -0.8008 -0.4671 0.3749
vn -0.5665 -0.6747 0.4732
vn -0.5433 -0.6720 0.5032
vn -0.3128 -0.7900 0.5272
vn -0.2938 -0.7826 0.5489
vn -0.0866 -0.8289 0.5526
vn -0.0935 -0.8331 0.5452
vn -0.0931 -0.8329 0.5456
vn -0.0864 -0.8287 0.5530
vn -0.1050 0.4189 -0.9020
vn -0.1054 0.4190 -0.9019
vn -0.1017 0.4167 -0.9033
vn -0.1015 0.4164 -0.9035
vn -0.3468 0.4026 -0.8471
vn -0.3352 0.3969 -0.8544
vn -0.6061 0.3515 -0.7135
vn -0.5910 0.3462 -0.7286
vn -0.8385 0.2501 -0.4840
vn -0.8281 0.2477 -0.5029
vn -0.9804 0.0940 -0.1733
vn -0.9807 0.0941 -0.1717
vn -0.9792 0.0938 -0.1797
vn -0.9790 0.0937 -0.1813
vn -0.9802 -0.0994 0.1712
vn -0.9805 -0.0995 0.1696
vn -0.9789 -0.0990 0.1786
vn -0.9787 -0.0988 0.1802
vn -0.8352 -0.2931 0.4653
vn -0.8224 -0.2878 0.4908
vn -0.5977 -0.4479 0.6649
vn -0.5768 -0.4353 0.6912
vn -0.3381 -0.5442 0.7678
vn -0.3203 -0.5292 0.7857
vn -0.0962 -0.5761 0.8117
vn -0.1022 -0.5828 0.8061
vn -0.1017 -0.5821 0.8067
vn -0.0955 -0.5756 0.8122
vn -0.1038 0.1222 -0.9871
vn -0.1039 0.1224 -0.9870
vn -0.1026 0.1215 -0.9873
vn -0.1024 0.1214 -0.9873
vn -0.3419 0.1179 -0.9323
vn -0.3425 0.1183 -0.9320
vn -0.3387 0.1161 -0.9337
vn -0.3380 0.1158 -0.9340
vn -0.6002 0.1039 -0.7931
vn -0.6012 0.1044 -0.7922
vn -0.5962 0.1018 -0.7964
vn -0.5952 0.1012 -0.7972
vn -0.8352 0.0747 -0.5448
vn -0.8360 0.0752 -0.5436
vn -0.8325 0.0729 -0.5492
vn -0.8317 0.0725 -0.5504
vn -0.9803 0.0285 -0.1956
vn -0.9804 0.0287 -0.1949
vn -0.9798 0.0277 -0.1980
vn -0.9797 0.0275 -0.1986
vn -0.9803 -0.0305 0.1952
vn -0.9804 -0.0307 0.1945
vn -0.9798 -0.0295 0.1980
vn -0.9796 -0.0292 0.1986
vn -0.8356 -0.0908 0.5417
vn -0.8364 -0.0916 0.5404
vn -0.8315 -0.0871 0.5487
vn -0.8308 -0.0866 0.5498
vn -0.6021 -0.1426 0.7856
vn -0.5928 -0.1346 0.7940
vn -0.3394 -0.1723 0.9247
vn -0.3434 -0.1764 0.9225
vn -0.3437 -0.1758 0.9225
vn -0.3355 -0.1683 0.9269
vn -0.1015 -0.1873 0.9771
vn -0.1042 -0.1905 0.9761
vn -0.1038 -0.1903 0.9762
vn -0.1013 -0.1869 0.9771
vn 0.1029 0.0818 0.9913
vn 0.1028 0.0818 0.9913
vn 0.1029 0.0819 0.9913
vn 0.1030 0.0819 0.9913
vn 0.3396 0.0771 0.9374
vn 0.3393 0.0769 0.9375
vn 0.3395 0.0771 0.9374
vn 0.3398 0.0773 0.9373
vn 0.5974 0.0653 0.7993
vn 0.5970 0.0651 0.7996
vn 0.5972 0.0652 0.7994
vn 0.5976 0.0655 0.7991
vn 0.8333 0.0447 0.5509
vn 0.8331 0.0445 0.5513
vn 0.8334 0.0447 0.5509
vn 0.8335 0.0448 0.5508
vn 0.9800 0.0160 0.1985
vn 0.9799 0.0159 0.1986
vn 0.9800 0.0160 0.1986
vn 0.9800 0.0160 0.1984
vn 0.9800 -0.0159 -0.1985
vn 0.9799 -0.0158 -0.1986
vn 0.9800 -0.0159 -0.1986
vn 0.9800 -0.0159 -0.1984
vn 0.8333 -0.0439 -0.5510
vn 0.8331 -0.0437 -0.5513
vn 0.8332 -0.0438 -0.5512
vn 0.8334 -0.0439 -0.5509
vn 0.5974 -0.0634 -0.7995
vn 0.5971 -0.0632 -0.7997
vn 0.5972 -0.0633 -0.7996
vn 0.5975 -0.0634 -0.7994
vn 0.3396 -0.0741 -0.9377
vn 0.3394 -0.0740 -0.9377
vn 0.3395 -0.0740 -0.9377
vn 0.3397 -0.0741 -0.9376
vn 0.1029 -0.0782 -0.9916
vn 0.1028 -0.0782 -0.9916
vn 0.1032 0.2151 0.9711
vn 0.1037 0.2155 0.9710
vn 0.1027 0.2147 0.9713
vn 0.3416 0.2056 0.9171
vn 0.3418 0.2057 0.9170
vn 0.3394 0.2041 0.9182
vn 0.3391 0.2038 0.9184
vn 0.5998 0.1772 0.7803
vn 0.6002 0.1774 0.7799
vn 0.5973 0.1759 0.7825
vn 0.5969 0.1756 0.7829
vn 0.8348 0.1236 0.5365
vn 0.8352 0.1237 0.5359
vn 0.8335 0.1229 0.5387
vn 0.8331 0.1227 0.5393
vn 0.9802 0.0450 0.1928
vn 0.9803 0.0451 0.1925
vn 0.9800 0.0449 0.1938
vn 0.9800 0.0448 0.1941
vn 0.9802 -0.0456 -0.1927
vn 0.9803 -0.0456 -0.1924
vn 0.9800 -0.0454 -0.1936
vn 0.9800 -0.0454 -0.1939
vn 0.8348 -0.1279 -0.5355
vn 0.8351 -0.1280 -0.5350
vn 0.8338 -0.1276 -0.5372
vn 0.8334 -0.1274 -0.5377
vn 0.5997 -0.1872 -0.7780
vn 0.6001 -0.1874 -0.7777
vn 0.5981 -0.1867 -0.7794
vn 0.5976 -0.1865 -0.7798
vn 0.3414 -0.2209 -0.9136
vn 0.3417 -0.2211 -0.9134
vn 0.3402 -0.2204 -0.9142
vn 0.3399 -0.2203 -0.9143
vn 0.1032 -0.2341 -0.9667
vn 0.1036 -0.2344 -0.9666
vn 0.1031 -0.2341 -0.9667
vn 0.1030 -0.2340 -0.9668
vn 0.1038 0.3255 0.9398
vn 0.1038 0.3259 0.9397
vn 0.1012 0.3236 0.9408
vn 0.1008 0.3237 0.9408
vn 0.3413 0.3130 0.8863
vn 0.3422 0.3136 0.8858
vn 0.3345 0.3094 0.8902
vn 0.3335 0.3089 0.8907
vn 0.6007 0.2734 0.7513
vn 0.5899 0.2695 0.7612
vn 0.8344 0.1926 0.5165
vn 0.8356 0.1928 0.5145
vn 0.8300 0.1916 0.5238
vn 0.8287 0.1914 0.5260
vn 0.9801 0.0710 0.1852
vn 0.9803 0.0710 0.1842
vn 0.9795 0.0710 0.1883
vn 0.9793 0.0710 0.1894
vn 0.9801 -0.0726 -0.1846
vn 0.9803 -0.0726 -0.1836
vn 0.9796 -0.0727 -0.1875
vn 0.9794 -0.0727 -0.1885
vn 0.8344 -0.2056 -0.5114
vn 0.8355 -0.2057 -0.5096
vn 0.8309 -0.2053 -0.5172
vn 0.8297 -0.2052 -0.5191
vn 0.5991 -0.3030 -0.7412
vn 0.6006 -0.3033 -0.7398
vn 0.5939 -0.3019 -0.7458
vn 0.5923 -0.3016 -0.7472
vn 0.3411 -0.3591 -0.8688
vn 0.3421 -0.3594 -0.8682
vn 0.3368 -0.3576 -0.8710
vn 0.3358 -0.3573 -0.8716
vn 0.1034 -0.3814 -0.9186
vn 0.1037 -0.3816 -0.9185
vn 0.1020 -0.3807 -0.9191
vn 0.1017 -0.3805 -0.9192
vn 0.1017 0.4233 0.9003
vn 0.1021 0.4236 0.9001
vn 0.0973 0.4205 0.9020
vn 0.0969 0.4203 0.9022
vn 0.3373 0.4095 0.8477
vn 0.3218 0.4032 0.8567
vn 0.5946 0.3599 0.7189
vn 0.5749 0.3559 0.7368
vn 0.8316 0.2564 0.4926
vn 0.8187 0.2571 0.5135
vn 0.9794 0.0956 0.1781
vn 0.9797 0.0953 0.1762
vn 0.9782 0.0965 0.1838
vn 0.9778 0.0968 0.1859
vn 0.9794 -0.0982 -0.1767
vn 0.9797 -0.0978 -0.1749
vn 0.9783 -0.0991 -0.1819
vn 0.9779 -0.0995 -0.1839
vn 0.8316 -0.2771 -0.4813
vn 0.8205 -0.2791 -0.4988
vn 0.5947 -0.4076 -0.6930
vn 0.5791 -0.4067 -0.7066
vn 0.3354 -0.4816 -0.8096
vn 0.3374 -0.4821 -0.8085
vn 0.3279 -0.4798 -0.8138
vn 0.3258 -0.4793 -0.8149
vn 0.1016 -0.5111 -0.8535
vn 0.1022 -0.5113 -0.8533
vn 0.0989 -0.5099 -0.8545
vn 0.0983 -0.5097 -0.8547
vn 0.0976 0.5135 0.8525
vn 0.0984 0.5139 0.8522
vn 0.0919 0.5104 0.8550
vn 0.0912 0.5100 0.8553
vn 0.3265 0.4986 0.8030
vn 0.3047 0.4918 0.8156
vn 0.5808 0.4419 0.6837
vn 0.5520 0.4399 0.7084
vn 0.8224 0.3185 0.4714
vn 0.8025 0.3238 0.5011
vn 0.9783 0.1195 0.1693
vn 0.9752 0.1238 0.1833
vn 0.9783 -0.1226 -0.1670
vn 0.9754 -0.1271 -0.1801
vn 0.8226 -0.3438 -0.4530
vn 0.8056 -0.3506 -0.4776
vn 0.5814 -0.4998 -0.6421
vn 0.5585 -0.5015 -0.6608
vn 0.3272 -0.5863 -0.7411
vn 0.3107 -0.5838 -0.7501
vn 0.0979 -0.6193 -0.7790
vn 0.0987 -0.6196 -0.7787
vn 0.0942 -0.6180 -0.7805
vn 0.0933 -0.6177 -0.7808
vn 0.0920 0.5989 0.7955
vn 0.0931 0.5993 0.7951
vn 0.0854 0.5958 0.7985
vn 0.0844 0.5953 0.7990
vn 0.3106 0.5830 0.7507
vn 0.2841 0.5771 0.7657
vn 0.5599 0.5213 0.6440
vn 0.5233 0.5227 0.6730
vn 0.8078 0.3811 0.4497
vn 0.7809 0.3930 0.4856
vn 0.9760 0.1445 0.1630
vn 0.9716 0.1530 0.1805
vn 0.9760 -0.1477 -0.1598
vn 0.9719 -0.1562 -0.1761
vn 0.8086 -0.4069 -0.4249
vn 0.7858 -0.4199 -0.4541
vn 0.5619 -0.5801 -0.5898
vn 0.5331 -0.5852 -0.6111
vn 0.3127 -0.6719 -0.6714
vn 0.2927 -0.6705 -0.6817
vn 0.0928 -0.7062 -0.7019
vn 0.0939 -0.7064 -0.7015
vn 0.0886 -0.7050 -0.7037
vn 0.0875 -0.7047 -0.7041
vn 0.0858 0.6798 0.7283
vn 0.0870 0.6803 0.7278
vn 0.0790 0.6773 0.7315
vn 0.0778 0.6768 0.7320
vn 0.2922 0.6630 0.6892
vn 0.2635 0.6588 0.7047
vn 0.5346 0.5978 0.5973
vn 0.4932 0.6031 0.6269
vn 0.7891 0.4440 0.4245
vn 0.7566 0.4626 0.4622
vn 0.9729 0.1706 0.1561
vn 0.9672 0.1835 0.1754
vn 0.9730 -0.1733 -0.1524
vn 0.9677 -0.1859 -0.1701
vn 0.7912 -0.4660 -0.3961
vn 0.7641 -0.4845 -0.4260
vn 0.5390 -0.6488 -0.5372
vn 0.5071 -0.6567 -0.5581
vn 0.2964 -0.7406 -0.6030
vn 0.2753 -0.7405 -0.6131
vn 0.0874 -0.7740 -0.6271
vn 0.0886 -0.7743 -0.6266
vn 0.0832 -0.7732 -0.6287
vn 0.0820 -0.7729 -0.6293
vn 0.0801 0.7557 0.6500
vn 0.0813 0.7561 0.6494
vn 0.0741 0.7539 0.6528
vn 0.0729 0.7535 0.6534
vn 0.2748 0.7371 0.6174
vn 0.2478 0.7349 0.6312
vn 0.5098 0.6688 0.5411
vn 0.4695 0.6769 0.5669
vn 0.7697 0.5037 0.3922
vn 0.7360 0.5263 0.4259
vn 0.9695 0.1962 0.1470
vn 0.9633 0.2119 0.1650
vn 0.9697 -0.1978 -0.1432
vn 0.9640 -0.2129 -0.1595
vn 0.7734 -0.5187 -0.3645
vn 0.7458 -0.5396 -0.3906
vn 0.5171 -0.7054 -0.4847
vn 0.4867 -0.7147 -0.5023
vn 0.2814 -0.7946 -0.5380
vn 0.2620 -0.7954 -0.5465
vn 0.0827 -0.8263 -0.5571
vn 0.0838 -0.8265 -0.5567
vn 0.0789 -0.8257 -0.5585
vn 0.0778 -0.8255 -0.5590
vn 0.0769 0.8245 0.5606
vn 0.0778 0.8248 0.5601
vn 0.0725 0.8235 0.5627
vn 0.0715 0.8233 0.5631
vn 0.2636 0.8027 0.5350
vn 0.2433 0.8024 0.5449
vn 0.4932 0.7295 0.4740
vn 0.4621 0.7379 0.4919
vn 0.7557 0.5537 0.3498
vn 0.7289 0.5740 0.3730
vn 0.9669 0.2175 0.1336
vn 0.9618 0.2315 0.1463
vn 0.9672 -0.2180 -0.1306
vn 0.9625 -0.2312 -0.1421
vn 0.7601 -0.5605 -0.3287
vn 0.7386 -0.5783 -0.3465
vn 0.5015 -0.7493 -0.4324
vn 0.4786 -0.7574 -0.4442
vn 0.2709 -0.8359 -0.4774
vn 0.2567 -0.8371 -0.4831
vn 0.0796 -0.8662 -0.4932
vn 0.0804 -0.8663 -0.4929
vn 0.0769 -0.8659 -0.4942
vn 0.0761 -0.8658 -0.4945
vn 0.0781 0.8840 0.4610
vn 0.0757 0.8836 0.4621
vn 0.2643 0.8565 0.4432
vn 0.2563 0.8571 0.4469
vn 0.4933 0.7743 0.3965
vn 0.4811 0.7786 0.4029
vn 0.7549 0.5851 0.2962
vn 0.7446 0.5942 0.3042
vn 0.9666 0.2293 0.1148
vn 0.9646 0.2352 0.1191
vn 0.9667 -0.2292 -0.1136
vn 0.9649 -0.2348 -0.1175
vn 0.7574 -0.5861 -0.2880
vn 0.7490 -0.5937 -0.2942
vn 0.4978 -0.7793 -0.3806
vn 0.4888 -0.7829 -0.3847
vn 0.2683 -0.8663 -0.4213
vn 0.2627 -0.8670 -0.4234
vn 0.0792 -0.8967 -0.4356
vn 0.0796 -0.8967 -0.4355
vn 0.0783 -0.8966 -0.4359
vn 0.0779 -0.8966 -0.4360
vn -0.1029 -0.0782 -0.9916
vn -0.1028 -0.0782 -0.9916
vn -0.3396 -0.0740 -0.9377
vn -0.3394 -0.0741 -0.9377
vn -0.3395 -0.0741 -0.9377
vn -0.3397 -0.0740 -0.9376
vn -0.5974 -0.0633 -0.7995
vn -0.5971 -0.0634 -0.7997
vn -0.5972 -0.0634 -0.7996
vn -0.5975 -0.0632 -0.7994
vn -0.8333 -0.0438 -0.5510
vn -0.8331 -0.0439 -0.5513
vn -0.8332 -0.0439 -0.5512
vn -0.8334 -0.0437 -0.5509
vn -0.9800 -0.0158 -0.1985
vn -0.9799 -0.0159 -0.1986
vn -0.9800 -0.0159 -0.1986
vn -0.9800 -0.0158 -0.1984
vn -0.9800 0.0159 0.1985
vn -0.9799 0.0160 0.1986
vn -0.9800 0.0160 0.1986
vn -0.9800 0.0159 0.1984
vn -0.8331 0.0449 0.5513
vn -0.8332 0.0447 0.5511
vn -0.8334 0.0445 0.5508
vn -0.5974 0.0652 0.7993
vn -0.5970 0.0656 0.7996
vn -0.5972 0.0654 0.7994
vn -0.5976 0.0650 0.7992
vn -0.3396 0.0771 0.9374
vn -0.3393 0.0773 0.9375
vn -0.3395 0.0771 0.9374
vn -0.3398 0.0769 0.9374
vn -0.1029 0.0819 0.9913
vn -0.1028 0.0819 0.9913
vn -0.1029 0.0818 0.9913
vn -0.1030 0.0818 0.9913
vn -0.1032 -0.2342 -0.9667
vn -0.1036 -0.2340 -0.9667
vn -0.1030 -0.2344 -0.9667
vn -0.3414 -0.2204 -0.9137
vn -0.3417 -0.2202 -0.9137
vn -0.3402 -0.2211 -0.9140
vn -0.3399 -0.2213 -0.9141
vn -0.5996 -0.1864 -0.7783
vn -0.6001 -0.1861 -0.7780
vn -0.5981 -0.1875 -0.7792
vn -0.5977 -0.1878 -0.7794
vn -0.8348 -0.1272 -0.5357
vn -0.8351 -0.1268 -0.5352
vn -0.8339 -0.1281 -0.5369
vn -0.8335 -0.1285 -0.5373
vn -0.9802 -0.0453 -0.1927
vn -0.9803 -0.0451 -0.1925
vn -0.9800 -0.0458 -0.1935
vn -0.9800 -0.0459 -0.1937
vn -0.9802 0.0447 0.1930
vn -0.9803 0.0445 0.1927
vn -0.9800 0.0452 0.1937
vn -0.9800 0.0454 0.1939
vn -0.8349 0.1225 0.5366
vn -0.8352 0.1220 0.5362
vn -0.8336 0.1241 0.5383
vn -0.8332 0.1244 0.5387
vn -0.5998 0.1755 0.7807
vn -0.6002 0.1751 0.7804
vn -0.5975 0.1776 0.7819
vn -0.5971 0.1779 0.7822
vn -0.3415 0.2037 0.9175
vn -0.3418 0.2036 0.9174
vn -0.3393 0.2056 0.9179
vn -0.3392 0.2059 0.9179
vn -0.1032 0.2151 0.9711
vn -0.1037 0.2147 0.9712
vn -0.1027 0.2155 0.9711
vn -0.1035 -0.3806 -0.9189
vn -0.1038 -0.3804 -0.9190
vn -0.1020 -0.3815 -0.9187
vn -0.1017 -0.3817 -0.9187
vn -0.3410 -0.3571 -0.8696
vn -0.3421 -0.3564 -0.8694
vn -0.3369 -0.3597 -0.8701
vn -0.3359 -0.3603 -0.8703
vn -0.5991 -0.3004 -0.7422
vn -0.6006 -0.2992 -0.7414
vn -0.5940 -0.3043 -0.7447
vn -0.5925 -0.3055 -0.7454
vn -0.8343 -0.2034 -0.5124
vn -0.8355 -0.2020 -0.5110
vn -0.8310 -0.2074 -0.5161
vn -0.8299 -0.2088 -0.5174
vn -0.9801 -0.0717 -0.1850
vn -0.9803 -0.0710 -0.1842
vn -0.9796 -0.0736 -0.1870
vn -0.9794 -0.0742 -0.1877
vn -0.9801 0.0701 0.1857
vn -0.9803 0.0693 0.1849
vn -0.9796 0.0720 0.1878
vn -0.9794 0.0727 0.1885
vn -0.8343 0.1895 0.5177
vn -0.8355 0.1879 0.5163
vn -0.8303 0.1947 0.5223
vn -0.8291 0.1962 0.5236
vn -0.6006 0.2668 0.7537
vn -0.5905 0.2759 0.7584
vn -0.3411 0.3087 0.8879
vn -0.3421 0.3079 0.8878
vn -0.3347 0.3138 0.8886
vn -0.3338 0.3146 0.8886
vn -0.1034 0.3236 0.9405
vn -0.1038 0.3236 0.9405
vn -0.1009 0.3256 0.9401
vn -0.1008 0.3260 0.9400
vn -0.1016 -0.5098 -0.8543
vn -0.1022 -0.5095 -0.8544
vn -0.0989 -0.5112 -0.8537
vn -0.0984 -0.5115 -0.8536
vn -0.3354 -0.4784 -0.8115
vn -0.3375 -0.4772 -0.8114
vn -0.3280 -0.4829 -0.8119
vn -0.3260 -0.4842 -0.8120
vn -0.5948 -0.4010 -0.6967
vn -0.5795 -0.4132 -0.7025
vn -0.8317 -0.2711 -0.4846
vn -0.8209 -0.2849 -0.4949
vn -0.9794 -0.0968 -0.1775
vn -0.9797 -0.0953 -0.1762
vn -0.9784 -0.1005 -0.1808
vn -0.9780 -0.1019 -0.1821
vn -0.9793 0.0940 0.1790
vn -0.9797 0.0925 0.1777
vn -0.9783 0.0981 0.1826
vn -0.9779 0.0995 0.1839
vn -0.8315 0.2487 0.4967
vn -0.8194 0.2647 0.5085
vn -0.5944 0.3498 0.7241
vn -0.5759 0.3660 0.7310
vn -0.3371 0.4009 0.8519
vn -0.3224 0.4118 0.8524
vn -0.1015 0.4203 0.9017
vn -0.1020 0.4201 0.9017
vn -0.0973 0.4234 0.9007
vn -0.0969 0.4238 0.9006
vn -0.0978 -0.6178 -0.7802
vn -0.0987 -0.6174 -0.7804
vn -0.0942 -0.6195 -0.7793
vn -0.0934 -0.6199 -0.7791
vn -0.3273 -0.5804 -0.7457
vn -0.3109 -0.5897 -0.7454
vn -0.5815 -0.4918 -0.6481
vn -0.5591 -0.5093 -0.6543
vn -0.8226 -0.3365 -0.4583
vn -0.8062 -0.3577 -0.4713
vn -0.9777 -0.1219 -0.1711
vn -0.9783 -0.1195 -0.1693
vn -0.9762 -0.1277 -0.1754
vn -0.9755 -0.1301 -0.1772
vn -0.9776 0.1186 0.1737
vn -0.9783 0.1161 0.1718
vn -0.9761 0.1246 0.1782
vn -0.9754 0.1271 0.1801
vn -0.8221 0.3090 0.4782
vn -0.8037 0.3331 0.4931
vn -0.5803 0.4296 0.6919
vn -0.5535 0.4521 0.6995
vn -0.3261 0.4881 0.8095
vn -0.3055 0.5023 0.8089
vn -0.0975 0.5100 0.8546
vn -0.0983 0.5096 0.8548
vn -0.0919 0.5136 0.8531
vn -0.0913 0.5142 0.8528
vn -0.0929 -0.7048 -0.7033
vn -0.0939 -0.7043 -0.7037
vn -0.0887 -0.7065 -0.7022
vn -0.0876 -0.7069 -0.7019
vn -0.3127 -0.6661 -0.6772
vn -0.2931 -0.6763 -0.6758
vn -0.5618 -0.5721 -0.5975
vn -0.5340 -0.5929 -0.6028
vn -0.8085 -0.3995 -0.4321
vn -0.7869 -0.4268 -0.4457
vn -0.9760 -0.1445 -0.1630
vn -0.9721 -0.1591 -0.1721
vn -0.9759 0.1410 0.1664
vn -0.9719 0.1562 0.1761
vn -0.8072 0.3713 0.4588
vn -0.7827 0.4024 0.4748
vn -0.5590 0.5086 0.6548
vn -0.5255 0.5353 0.6613
vn -0.3101 0.5722 0.7592
vn -0.2852 0.5879 0.7570
vn -0.0920 0.5955 0.7981
vn -0.0930 0.5949 0.7984
vn -0.0857 0.5992 0.7960
vn -0.0846 0.5997 0.7957
vn -0.0874 -0.7728 -0.6286
vn -0.0886 -0.7724 -0.6289
vn -0.0832 -0.7743 -0.6273
vn -0.0820 -0.7747 -0.6270
vn -0.2962 -0.7357 -0.6091
vn -0.2759 -0.7454 -0.6069
vn -0.5386 -0.6420 -0.5456
vn -0.5086 -0.6632 -0.5491
vn -0.7907 -0.4598 -0.4042
vn -0.7658 -0.4900 -0.4165
vn -0.9729 -0.1706 -0.1561
vn -0.9681 -0.1880 -0.1653
vn -0.9727 0.1676 0.1603
vn -0.9677 0.1859 0.1701
vn -0.7881 0.4355 0.4351
vn -0.7593 0.4703 0.4497
vn -0.5332 0.5865 0.6097
vn -0.4963 0.6141 0.6136
vn -0.2914 0.6532 0.6988
vn -0.2650 0.6685 0.6949
vn -0.0857 0.6769 0.7311
vn -0.0869 0.6763 0.7315
vn -0.0792 0.6802 0.7287
vn -0.0780 0.6808 0.7283
vn -0.0826 -0.8255 -0.5584
vn -0.0837 -0.8251 -0.5587
vn -0.0790 -0.8265 -0.5573
vn -0.0779 -0.8269 -0.5570
vn -0.2810 -0.7910 -0.5435
vn -0.2628 -0.7989 -0.5410
vn -0.5163 -0.7007 -0.4924
vn -0.4887 -0.7191 -0.4941
vn -0.7724 -0.5145 -0.3724
vn -0.7482 -0.5429 -0.3815
vn -0.9695 -0.1962 -0.1470
vn -0.9646 -0.2137 -0.1547
vn -0.9692 0.1943 0.1513
vn -0.9640 0.2129 0.1595
vn -0.7681 0.4978 0.4028
vn -0.7396 0.5311 0.4135
vn -0.5079 0.6603 0.5531
vn -0.4732 0.6848 0.5542
vn -0.2738 0.7296 0.6266
vn -0.2496 0.7423 0.6218
vn -0.0800 0.7535 0.6525
vn -0.0812 0.7530 0.6530
vn -0.0742 0.7561 0.6502
vn -0.0731 0.7566 0.6498
vn -0.0796 -0.8658 -0.4941
vn -0.0804 -0.8656 -0.4943
vn -0.0771 -0.8664 -0.4933
vn -0.0762 -0.8666 -0.4931
vn -0.2705 -0.8338 -0.4812
vn -0.2574 -0.8391 -0.4792
vn -0.5005 -0.7468 -0.4380
vn -0.4805 -0.7596 -0.4384
vn -0.7589 -0.5586 -0.3347
vn -0.7409 -0.5793 -0.3398
vn -0.9669 -0.2175 -0.1336
vn -0.9631 -0.2310 -0.1384
vn -0.9665 0.2169 0.1370
vn -0.9625 0.2312 0.1421
vn -0.7538 0.5510 0.3580
vn -0.7324 0.5756 0.3636
vn -0.4912 0.7248 0.4831
vn -0.4656 0.7421 0.4822
vn -0.2626 0.7983 0.5421
vn -0.2449 0.8067 0.5378
vn -0.0767 0.8233 0.5624
vn -0.0776 0.8229 0.5628
vn -0.0726 0.8248 0.5607
vn -0.0717 0.8252 0.5603
vn -0.0795 -0.8964 -0.4360
vn -0.0779 -0.8968 -0.4355
vn -0.2680 -0.8657 -0.4227
vn -0.2631 -0.8676 -0.4219
vn -0.4972 -0.7787 -0.3826
vn -0.4898 -0.7834 -0.3826
vn -0.7567 -0.5858 -0.2903
vn -0.7501 -0.5936 -0.2917
vn -0.9666 -0.2293 -0.1148
vn -0.9652 -0.2344 -0.1161
vn -0.9664 0.2294 0.1161
vn -0.9649 0.2348 0.1175
vn -0.7539 0.5847 0.2994
vn -0.7462 0.5940 0.3007
vn -0.4922 0.7731 0.4000
vn -0.4827 0.7795 0.3992
vn -0.2638 0.8553 0.4460
vn -0.2570 0.8583 0.4441
vn -0.0777 0.8835 0.4620
vn -0.0781 0.8834 0.4621
vn -0.0761 0.8840 0.4613
vn -0.0758 0.8841 0.4611
vn 0.1276 0.9881 -0.0856
vn 0.1281 0.9880 -0.0863
vn 0.1210 0.9894 -0.0809
vn 0.1202 0.9895 -0.0805
vn 0.4105 0.9074 -0.0896
vn 0.3892 0.9180 -0.0767
vn 0.6801 0.7287 -0.0799
vn 0.6572 0.7507 -0.0671
vn 0.8827 0.4673 -0.0505
vn 0.8700 0.4912 -0.0425
vn 0.9871 0.1601 -0.0021
vn 0.9849 0.1729 0.0008
vn 0.9853 -0.1598 0.0602
vn 0.9848 -0.1629 0.0596
vn 0.8765 -0.4640 0.1283
vn 0.8697 -0.4773 0.1256
vn 0.6698 -0.7177 0.1903
vn 0.6570 -0.7305 0.1863
vn 0.4008 -0.8859 0.2337
vn 0.3890 -0.8922 0.2296
vn 0.1244 -0.9595 0.2526
vn 0.1201 -0.9606 0.2507
vn 0.1174 0.9494 -0.2912
vn 0.1195 0.9486 -0.2929
vn 0.1155 0.9502 -0.2896
vn 0.1154 0.9502 -0.2895
vn 0.3874 0.8817 -0.2692
vn 0.3756 0.8890 -0.2620
vn 0.6559 0.7260 -0.2067
vn 0.6413 0.7407 -0.2004
vn 0.8704 0.4812 -0.1043
vn 0.8598 0.5006 -0.1011
vn 0.9839 0.1770 0.0261
vn 0.9806 0.1944 0.0270
vn 0.9759 -0.1417 0.1659
vn 0.9756 -0.1435 0.1659
vn 0.9768 -0.1353 0.1660
vn 0.9771 -0.1333 0.1661
vn 0.8497 -0.4368 0.2953
vn 0.8494 -0.4374 0.2952
vn 0.8506 -0.4349 0.2954
vn 0.8509 -0.4343 0.2954
vn 0.6314 -0.6669 0.3958
vn 0.6318 -0.6664 0.3958
vn 0.6316 -0.6666 0.3958
vn 0.6312 -0.6670 0.3957
vn 0.3696 -0.8088 0.4573
vn 0.3700 -0.8087 0.4574
vn 0.3688 -0.8094 0.4570
vn 0.3685 -0.8096 0.4569
vn 0.1133 -0.8688 0.4821
vn 0.1137 -0.8686 0.4823
vn 0.1135 -0.8687 0.4822
vn 0.1130 -0.8689 0.4820
vn 0.1107 0.8350 -0.5391
vn 0.1112 0.8346 -0.5395
vn 0.1107 0.8350 -0.5390
vn 0.1101 0.8353 -0.5386
vn 0.3654 0.7913 -0.4902
vn 0.3654 0.7912 -0.4904
vn 0.3619 0.7940 -0.4885
vn 0.3616 0.7941 -0.4884
vn 0.6331 0.6779 -0.3736
vn 0.6338 0.6772 -0.3737
vn 0.6276 0.6836 -0.3725
vn 0.6268 0.6846 -0.3722
vn 0.8604 0.4747 -0.1852
vn 0.8522 0.4889 -0.1863
vn 0.9783 0.2010 0.0496
vn 0.9741 0.2216 0.0455
vn 0.9740 0.2219 0.0461
vn 0.9725 0.2260 0.0557
vn 0.9543 -0.0921 0.2842
vn 0.9575 -0.0702 0.2796
vn 0.8060 -0.3495 0.4777
vn 0.8147 -0.3322 0.4753
vn 0.5832 -0.5359 0.6105
vn 0.5816 -0.5377 0.6104
vn 0.5892 -0.5291 0.6107
vn 0.5909 -0.5272 0.6107
vn 0.3347 -0.6483 0.6838
vn 0.3338 -0.6491 0.6836
vn 0.3391 -0.6450 0.6849
vn 0.3401 -0.6442 0.6851
vn 0.1020 -0.6948 0.7119
vn 0.1017 -0.6950 0.7118
vn 0.1035 -0.6939 0.7125
vn 0.1038 -0.6938 0.7127
vn 0.1019 0.6485 -0.7543
vn 0.1012 0.6492 -0.7539
vn 0.1020 0.6485 -0.7544
vn 0.1028 0.6478 -0.7549
vn 0.3388 0.6362 -0.6932
vn 0.3386 0.6362 -0.6932
vn 0.3418 0.6335 -0.6941
vn 0.3420 0.6333 -0.6943
vn 0.6075 0.5795 -0.5433
vn 0.6071 0.5799 -0.5433
vn 0.6073 0.5797 -0.5433
vn 0.6077 0.5793 -0.5433
vn 0.8495 0.4455 -0.2825
vn 0.8504 0.4442 -0.2819
vn 0.8460 0.4508 -0.2847
vn 0.8450 0.4523 -0.2853
vn 0.9724 0.2262 0.0565
vn 0.9678 0.2479 0.0446
vn 0.9679 0.2475 0.0440
vn 0.9689 0.2445 0.0389
vn 0.9252 -0.0183 0.3790
vn 0.9316 0.0121 0.3634
vn 0.7532 -0.2260 0.6178
vn 0.7698 -0.1979 0.6069
vn 0.5274 -0.3708 0.7644
vn 0.5456 -0.3515 0.7608
vn 0.2976 -0.4546 0.8395
vn 0.3102 -0.4446 0.8403
vn 0.0906 -0.4888 0.8677
vn 0.0901 -0.4890 0.8676
vn 0.0939 -0.4866 0.8686
vn 0.0944 -0.4862 0.8687
vn 0.0954 0.4638 -0.8808
vn 0.0931 0.4659 -0.8799
vn 0.0980 0.4621 -0.8814
vn 0.0978 0.4617 -0.8816
vn 0.3165 0.4766 -0.8202
vn 0.3283 0.4673 -0.8209
vn 0.5849 0.4673 -0.6630
vn 0.5834 0.4685 -0.6634
vn 0.5922 0.4615 -0.6606
vn 0.5939 0.4601 -0.6600
vn 0.8404 0.3991 -0.3666
vn 0.8406 0.3989 -0.3664
vn 0.8397 0.3999 -0.3673
vn 0.8396 0.4001 -0.3675
vn 0.9690 0.2442 0.0382
vn 0.9641 0.2649 0.0182
vn 0.9076 0.0504 0.4167
vn 0.9186 0.0868 0.3854
vn 0.9184 0.0873 0.3858
vn 0.9164 0.0912 0.3898
vn 0.7232 -0.1179 0.6804
vn 0.7501 -0.0812 0.6564
vn 0.4988 -0.2361 0.8339
vn 0.5277 -0.2094 0.8232
vn 0.2793 -0.3056 0.9103
vn 0.2993 -0.2911 0.9087
vn 0.0852 -0.3338 0.9388
vn 0.0843 -0.3343 0.9387
vn 0.0900 -0.3308 0.9394
vn 0.0911 -0.3302 0.9395
vn 0.0927 0.3512 -0.9317
vn 0.0922 0.3513 -0.9317
vn 0.1006 0.3448 -0.9333
vn 0.1011 0.3442 -0.9334
vn 0.3144 0.3753 -0.8719
vn 0.3380 0.3596 -0.8697
vn 0.3376 0.3543 -0.8721
vn 0.3377 0.3568 -0.8710
vn 0.5806 0.3924 -0.7134
vn 0.6049 0.3766 -0.7016
vn 0.6052 0.3763 -0.7016
vn 0.6048 0.3756 -0.7022
vn 0.8369 0.3605 -0.4119
vn 0.8426 0.3549 -0.4050
vn 0.8426 0.3542 -0.4056
vn 0.8428 0.3461 -0.4123
vn 0.9682 0.2501 -0.0007
vn 0.9631 0.2681 -0.0246
vn 0.9161 0.0915 0.3903
vn 0.9301 0.1326 0.3426
vn 0.7388 -0.0592 0.6713
vn 0.7769 -0.0128 0.6295
vn 0.5143 -0.1722 0.8401
vn 0.5578 -0.1364 0.8187
vn 0.2895 -0.2417 0.9262
vn 0.3203 -0.2218 0.9210
vn 0.0891 -0.2700 0.9587
vn 0.0875 -0.2709 0.9586
vn 0.0961 -0.2661 0.9591
vn 0.0979 -0.2651 0.9592
vn 0.1004 0.3245 -0.9405
vn 0.1156 0.3141 -0.9423
vn 0.3375 0.3542 -0.8722
vn 0.3780 0.3308 -0.8647
vn 0.6047 0.3745 -0.7029
vn 0.6457 0.3494 -0.6789
vn 0.8428 0.3454 -0.4129
vn 0.8567 0.3321 -0.3946
vn 0.9682 0.2463 -0.0437
vn 0.9633 0.2608 -0.0642
vn 0.9431 0.0981 0.3178
vn 0.9547 0.1435 0.2606
vn 0.7931 -0.0576 0.6063
vn 0.8379 0.0013 0.5458
vn 0.5708 -0.1864 0.7997
vn 0.6310 -0.1372 0.7636
vn 0.3273 -0.2703 0.9054
vn 0.3734 -0.2426 0.8954
vn 0.0997 -0.3063 0.9467
vn 0.1154 -0.2986 0.9474
vn 0.1165 0.3853 -0.9154
vn 0.1403 0.3713 -0.9178
vn 0.3793 0.4099 -0.8295
vn 0.4402 0.3757 -0.8155
vn 0.6435 0.4101 -0.6463
vn 0.7005 0.3706 -0.6099
vn 0.8536 0.3550 -0.3813
vn 0.8755 0.3302 -0.3528
vn 0.9682 0.2382 -0.0762
vn 0.9650 0.2475 -0.0870
vn 0.9704 0.0742 0.2297
vn 0.9765 0.1235 0.1764
vn 0.8569 -0.1097 0.5037
vn 0.9000 -0.0359 0.4344
vn 0.6444 -0.2764 0.7130
vn 0.7172 -0.2093 0.6647
vn 0.3793 -0.3913 0.8385
vn 0.4419 -0.3539 0.8243
vn 0.1167 -0.4416 0.8896
vn 0.1385 -0.4323 0.8910
vn 0.1345 0.5261 -0.8397
vn 0.1662 0.5098 -0.8441
vn 0.4202 0.5269 -0.7388
vn 0.4984 0.4797 -0.7222
vn 0.6748 0.4833 -0.5577
vn 0.7440 0.4236 -0.5168
vn 0.8615 0.3829 -0.3334
vn 0.8915 0.3401 -0.2994
vn 0.9696 0.2264 -0.0923
vn 0.9695 0.2267 -0.0925
vn 0.9699 0.2257 -0.0917
vn 0.9700 0.2254 -0.0915
vn 0.9879 0.0209 0.1538
vn 0.9907 0.0709 0.1158
vn 0.8955 -0.2150 0.3898
vn 0.9349 -0.1286 0.3309
vn 0.6874 -0.4350 0.5817
vn 0.7653 -0.3537 0.5378
vn 0.4080 -0.5867 0.6995
vn 0.4793 -0.5445 0.6884
vn 0.1258 -0.6521 0.7476
vn 0.1504 -0.6435 0.7505
vn 0.1395 0.7131 -0.6871
vn 0.1727 0.6989 -0.6940
vn 0.4265 0.6784 -0.5982
vn 0.5123 0.6242 -0.5898
vn 0.6741 0.5830 -0.4535
vn 0.7552 0.5021 -0.4214
vn 0.8601 0.4254 -0.2816
vn 0.9012 0.3551 -0.2485
vn 0.9750 0.2013 -0.0938
vn 0.9805 0.1785 -0.0828
vn 0.9907 -0.0871 0.1040
vn 0.9955 -0.0438 0.0841
vn 0.8711 -0.3980 0.2877
vn 0.9160 -0.3116 0.2526
vn 0.6340 -0.6499 0.4191
vn 0.7126 -0.5779 0.3977
vn 0.3591 -0.7963 0.4869
vn 0.4216 -0.7659 0.4854
vn 0.1083 -0.8524 0.5116
vn 0.1281 -0.8477 0.5148
vn -0.1237 -0.9601 0.2510
vn -0.1245 -0.9601 0.2506
vn -0.1209 -0.9601 0.2523
vn -0.1201 -0.9601 0.2527
vn -0.4013 -0.8870 0.2285
vn -0.3888 -0.8909 0.2349
vn -0.6707 -0.7186 0.1837
vn -0.6567 -0.7291 0.1930
vn -0.8771 -0.4643 0.1230
vn -0.8695 -0.4762 0.1310
vn -0.9854 -0.1598 0.0590
vn -0.9848 -0.1627 0.0608
vn -0.9871 0.1601 0.0029
vn -0.9851 0.1721 -0.0045
vn -0.8831 0.4675 -0.0390
vn -0.8703 0.4894 -0.0545
vn -0.6809 0.7295 -0.0643
vn -0.6578 0.7486 -0.0832
vn -0.4110 0.9085 -0.0756
vn -0.3895 0.9165 -0.0911
vn -0.1281 0.9885 -0.0805
vn -0.1202 0.9890 -0.0865
vn -0.1133 -0.8687 0.4822
vn -0.1137 -0.8688 0.4820
vn -0.1132 -0.8687 0.4822
vn -0.1130 -0.8687 0.4823
vn -0.3699 -0.8090 0.4568
vn -0.3701 -0.8090 0.4566
vn -0.3687 -0.8092 0.4575
vn -0.3685 -0.8092 0.4576
vn -0.6317 -0.6667 0.3956
vn -0.6318 -0.6666 0.3955
vn -0.6313 -0.6669 0.3959
vn -0.6312 -0.6669 0.3960
vn -0.8495 -0.4366 0.2961
vn -0.8492 -0.4370 0.2965
vn -0.8507 -0.4353 0.2945
vn -0.8511 -0.4349 0.2941
vn -0.9755 -0.1413 0.1687
vn -0.9750 -0.1427 0.1702
vn -0.9771 -0.1361 0.1632
vn -0.9776 -0.1348 0.1618
vn -0.9834 0.1782 0.0341
vn -0.9812 0.1920 0.0190
vn -0.8706 0.4831 -0.0934
vn -0.8602 0.4974 -0.1122
vn -0.6566 0.7286 -0.1951
vn -0.6415 0.7372 -0.2124
vn -0.3878 0.8843 -0.2600
vn -0.3757 0.8861 -0.2716
vn -0.1201 0.9494 -0.2901
vn -0.1196 0.9497 -0.2893
vn -0.1160 0.9489 -0.2936
vn -0.1154 0.9490 -0.2933
vn -0.1020 -0.6941 0.7126
vn -0.1017 -0.6940 0.7127
vn -0.1035 -0.6947 0.7119
vn -0.1038 -0.6948 0.7117
vn -0.3342 -0.6466 0.6857
vn -0.3332 -0.6465 0.6864
vn -0.3395 -0.6470 0.6827
vn -0.3406 -0.6471 0.6821
vn -0.5799 -0.5340 0.6153
vn -0.5923 -0.5315 0.6055
vn -0.8033 -0.3455 0.4852
vn -0.8170 -0.3372 0.4677
vn -0.9517 -0.0885 0.2941
vn -0.9600 -0.0752 0.2699
vn -0.9771 0.2041 0.0603
vn -0.9755 0.2171 0.0351
vn -0.8607 0.4777 -0.1761
vn -0.8524 0.4850 -0.1953
vn -0.6337 0.6801 -0.3687
vn -0.6345 0.6799 -0.3676
vn -0.6273 0.6813 -0.3774
vn -0.6265 0.6814 -0.3784
vn -0.3656 0.7930 -0.4874
vn -0.3658 0.7930 -0.4873
vn -0.3616 0.7922 -0.4915
vn -0.3614 0.7922 -0.4918
vn -0.1107 0.8350 -0.5390
vn -0.1113 0.8352 -0.5385
vn -0.1107 0.8350 -0.5391
vn -0.1101 0.8347 -0.5396
vn -0.0904 -0.4870 0.8687
vn -0.0899 -0.4867 0.8689
vn -0.0939 -0.4886 0.8675
vn -0.0945 -0.4888 0.8673
vn -0.2960 -0.4483 0.8434
vn -0.3116 -0.4515 0.8361
vn -0.5234 -0.3620 0.7714
vn -0.5492 -0.3614 0.7535
vn -0.7469 -0.2169 0.6285
vn -0.7754 -0.2087 0.5960
vn -0.9195 -0.0108 0.3929
vn -0.9367 0.0026 0.3500
vn -0.9704 0.2315 0.0690
vn -0.9699 0.2412 0.0329
vn -0.8508 0.4471 -0.2762
vn -0.8450 0.4489 -0.2907
vn -0.6072 0.5796 -0.5435
vn -0.6070 0.5795 -0.5438
vn -0.6077 0.5796 -0.5429
vn -0.6078 0.5797 -0.5428
vn -0.3381 0.6342 -0.6953
vn -0.3381 0.6339 -0.6956
vn -0.3419 0.6359 -0.6919
vn -0.3423 0.6359 -0.6917
vn -0.1019 0.6485 -0.7544
vn -0.1011 0.6479 -0.7550
vn -0.1020 0.6486 -0.7543
vn -0.1028 0.6492 -0.7536
vn -0.0851 -0.3313 0.9397
vn -0.0841 -0.3309 0.9399
vn -0.0901 -0.3336 0.9384
vn -0.0913 -0.3341 0.9381
vn -0.2771 -0.2962 0.9141
vn -0.3014 -0.3018 0.9045
vn -0.4930 -0.2228 0.8410
vn -0.5330 -0.2247 0.8157
vn -0.7141 -0.1038 0.6923
vn -0.7581 -0.0977 0.6448
vn -0.8995 0.0621 0.4326
vn -0.9258 0.0728 0.3710
vn -0.9666 0.2513 0.0506
vn -0.9666 0.2564 0.0073
vn -0.9662 0.2576 0.0088
vn -0.9665 0.2567 0.0076
vn -0.8405 0.3995 -0.3660
vn -0.8407 0.3995 -0.3655
vn -0.8397 0.3994 -0.3679
vn -0.8395 0.3994 -0.3683
vn -0.5816 0.4621 -0.6695
vn -0.5951 0.4672 -0.6539
vn -0.3149 0.4680 -0.8257
vn -0.3296 0.4769 -0.8149
vn -0.0954 0.4640 -0.8807
vn -0.0929 0.4619 -0.8820
vn -0.0979 0.4660 -0.8793
vn -0.0980 0.4662 -0.8792
vn -0.0889 -0.2668 0.9596
vn -0.0872 -0.2661 0.9600
vn -0.0962 -0.2698 0.9581
vn -0.0981 -0.2706 0.9577
vn -0.2868 -0.2289 0.9302
vn -0.3225 -0.2365 0.9165
vn -0.5075 -0.1543 0.8477
vn -0.5634 -0.1572 0.8111
vn -0.5649 -0.1629 0.8089
vn -0.5636 -0.1577 0.8109
vn -0.7287 -0.0402 0.6837
vn -0.7852 -0.0349 0.6183
vn -0.7849 -0.0339 0.6187
vn -0.7851 -0.0346 0.6184
vn -0.9076 0.1069 0.4060
vn -0.9371 0.1146 0.3298
vn -0.9366 0.1159 0.3307
vn -0.9370 0.1148 0.3299
vn -0.9661 0.2579 0.0092
vn -0.9653 0.2593 -0.0324
vn -0.9665 0.2540 -0.0370
vn -0.9655 0.2583 -0.0332
vn -0.8365 0.3570 -0.4157
vn -0.8425 0.3587 -0.4018
vn -0.5774 0.3785 -0.7234
vn -0.6065 0.3918 -0.6919
vn -0.3118 0.3599 -0.8794
vn -0.3398 0.3770 -0.8616
vn -0.0922 0.3448 -0.9342
vn -0.0919 0.3445 -0.9343
vn -0.1007 0.3514 -0.9308
vn -0.1014 0.3520 -0.9305
vn -0.0994 -0.3002 0.9487
vn -0.1155 -0.3058 0.9451
vn -0.3250 -0.2539 0.9110
vn -0.3747 -0.2619 0.8894
vn -0.5650 -0.1635 0.8087
vn -0.6346 -0.1639 0.7552
vn -0.7848 -0.0339 0.6188
vn -0.8437 -0.0259 0.5362
vn -0.9365 0.1162 0.3309
vn -0.9599 0.1233 0.2517
vn -0.9667 0.2530 -0.0378
vn -0.9649 0.2535 -0.0681
vn -0.9672 0.2432 -0.0736
vn -0.9651 0.2526 -0.0687
vn -0.8428 0.3370 -0.4197
vn -0.8556 0.3409 -0.3895
vn -0.8555 0.3413 -0.3893
vn -0.8557 0.3409 -0.3894
vn -0.6021 0.3533 -0.7160
vn -0.6453 0.3722 -0.6671
vn -0.6451 0.3817 -0.6620
vn -0.6453 0.3735 -0.6664
vn -0.3350 0.3317 -0.8819
vn -0.3787 0.3562 -0.8542
vn -0.1000 0.3146 -0.9439
vn -0.1158 0.3255 -0.9384
vn -0.1167 -0.4346 0.8930
vn -0.1382 -0.4404 0.8871
vn -0.3790 -0.3723 0.8472
vn -0.4401 -0.3761 0.8154
vn -0.6429 -0.2495 0.7242
vn -0.7157 -0.2403 0.6558
vn -0.8534 -0.0826 0.5147
vn -0.9014 -0.0662 0.4279
vn -0.9668 0.0930 0.2382
vn -0.9797 0.1033 0.1720
vn -0.9674 0.2422 -0.0741
vn -0.9660 0.2433 -0.0881
vn -0.8555 0.3418 -0.3890
vn -0.8721 0.3441 -0.3478
vn -0.6449 0.3830 -0.6614
vn -0.6951 0.3996 -0.5977
vn -0.3792 0.3812 -0.8432
vn -0.4371 0.4077 -0.8017
vn -0.1164 0.3725 -0.9207
vn -0.1399 0.3861 -0.9118
vn -0.1263 -0.6464 0.7525
vn -0.1495 -0.6499 0.7451
vn -0.4117 -0.5699 0.7111
vn -0.4728 -0.5640 0.6770
vn -0.6932 -0.4088 0.5936
vn -0.7567 -0.3840 0.5291
vn -0.8982 -0.1874 0.3977
vn -0.9314 -0.1588 0.3274
vn -0.9867 0.0381 0.1577
vn -0.9920 0.0529 0.1146
vn -0.9697 0.2261 -0.0923
vn -0.9697 0.2262 -0.0927
vn -0.9698 0.2260 -0.0918
vn -0.9698 0.2259 -0.0914
vn -0.8668 0.3643 -0.3404
vn -0.8851 0.3594 -0.2957
vn -0.6831 0.4525 -0.5733
vn -0.7321 0.4565 -0.5056
vn -0.4255 0.4959 -0.7570
vn -0.4888 0.5136 -0.7052
vn -0.1352 0.5122 -0.8481
vn -0.1647 0.5252 -0.8349
vn -0.1091 -0.8498 0.5157
vn -0.1270 -0.8505 0.5104
vn -0.3653 -0.7871 0.4971
vn -0.4132 -0.7766 0.4757
vn -0.6461 -0.6310 0.4294
vn -0.6986 -0.6000 0.3898
vn -0.8802 -0.3735 0.2928
vn -0.9074 -0.3377 0.2502
vn -0.9917 -0.0733 0.1052
vn -0.9948 -0.0573 0.0840
vn -0.9940 -0.0698 0.0836
vn -0.9942 -0.0675 0.0839
vn -0.9772 0.1915 -0.0917
vn -0.9766 0.1933 -0.0946
vn -0.9785 0.1878 -0.0855
vn -0.9790 0.1861 -0.0827
vn -0.8706 0.3993 -0.2874
vn -0.8911 0.3814 -0.2457
vn -0.6911 0.5503 -0.4685
vn -0.7367 0.5369 -0.4111
vn -0.4387 0.6517 -0.6187
vn -0.4966 0.6531 -0.5717
vn -0.1413 0.7024 -0.6976
vn -0.1700 0.7101 -0.6832
vn 0.1362 0.8258 -0.5472
vn 0.1448 0.8184 -0.5561
vn 0.4134 0.7762 -0.4760
vn 0.4444 0.7504 -0.4893
vn 0.6523 0.6649 -0.3640
vn 0.6889 0.6243 -0.3683
vn 0.8391 0.4923 -0.2314
vn 0.8614 0.4539 -0.2281
vn 0.9662 0.2447 -0.0816
vn 0.9698 0.2307 -0.0793
vn 0.9927 -0.0865 0.0838
vn 0.9948 -0.0625 0.0798
vn 0.8634 -0.4449 0.2381
vn 0.8859 -0.4006 0.2340
vn 0.6090 -0.7166 0.3399
vn 0.6414 -0.6858 0.3438
vn 0.3352 -0.8595 0.3859
vn 0.3552 -0.8480 0.3933
vn 0.0998 -0.9106 0.4010
vn 0.1046 -0.9085 0.4046
vn 0.1277 0.8695 -0.4771
vn 0.1222 0.8737 -0.4709
vn 0.1232 0.8729 -0.4721
vn 0.1288 0.8687 -0.4784
vn 0.3698 0.8342 -0.4091
vn 0.3943 0.8171 -0.4206
vn 0.5837 0.7488 -0.3139
vn 0.6131 0.7228 -0.3188
vn 0.7594 0.6182 -0.2030
vn 0.7772 0.5959 -0.2021
vn 0.9029 0.4231 -0.0756
vn 0.9024 0.4242 -0.0757
vn 0.9025 0.4239 -0.0757
vn 0.9030 0.4229 -0.0755
vn 0.9881 0.1331 0.0776
vn 0.9831 0.1687 0.0716
vn 0.9359 -0.2522 0.2457
vn 0.9529 -0.1874 0.2386
vn 0.7003 -0.6080 0.3741
vn 0.7381 -0.5584 0.3786
vn 0.3913 -0.8124 0.4323
vn 0.4164 -0.7939 0.4431
vn 0.1215 -0.8828 0.4537
vn 0.1164 -0.8858 0.4492
vn 0.1170 -0.8855 0.4496
vn 0.1221 -0.8824 0.4543
vn 0.1069 0.9141 -0.3912
vn 0.1031 0.9164 -0.3866
vn 0.1039 0.9160 -0.3876
vn 0.1077 0.9135 -0.3923
vn 0.3109 0.8891 -0.3358
vn 0.3282 0.8795 -0.3446
vn 0.4904 0.8320 -0.2593
vn 0.5099 0.8190 -0.2632
vn 0.6497 0.7406 -0.1714
vn 0.6429 0.7466 -0.1714
vn 0.6445 0.7452 -0.1714
vn 0.6515 0.7390 -0.1715
vn 0.7765 0.6262 -0.0708
vn 0.7832 0.6179 -0.0697
vn 0.7815 0.6199 -0.0700
vn 0.7747 0.6283 -0.0711
vn 0.9115 0.4066 0.0622
vn 0.8905 0.4518 0.0536
vn 0.9695 0.0564 0.2386
vn 0.9634 0.1475 0.2239
vn 0.8200 -0.3923 0.4167
vn 0.8580 -0.2996 0.4171
vn 0.4808 -0.7146 0.5081
vn 0.5166 -0.6760 0.5254
vn 0.1497 -0.8296 0.5380
vn 0.1435 -0.8353 0.5308
vn 0.1447 -0.8341 0.5322
vn 0.1511 -0.8283 0.5396
vn 0.0772 0.9555 -0.2847
vn 0.0754 0.9564 -0.2823
vn 0.0758 0.9562 -0.2828
vn 0.0776 0.9553 -0.2853
vn 0.2332 0.9398 -0.2499
vn 0.2271 0.9422 -0.2465
vn 0.2285 0.9416 -0.2473
vn 0.2348 0.9392 -0.2507
vn 0.3620 0.9118 -0.1939
vn 0.3579 0.9136 -0.1929
vn 0.3589 0.9132 -0.1932
vn 0.3632 0.9112 -0.1942
vn 0.4664 0.8747 -0.1319
vn 0.4713 0.8720 -0.1322
vn 0.4699 0.8728 -0.1321
vn 0.4649 0.8755 -0.1318
vn 0.5819 0.8110 -0.0615
vn 0.5590 0.8267 -0.0638
vn 0.7036 0.7098 0.0339
vn 0.6622 0.7490 0.0234
vn 0.8353 0.5177 0.1848
vn 0.7821 0.6025 0.1592
vn 0.8949 0.1387 0.4242
vn 0.8731 0.2900 0.3920
vn 0.6558 -0.3747 0.6554
vn 0.6992 -0.2504 0.6696
vn 0.2082 -0.6488 0.7319
vn 0.2219 -0.6209 0.7519
vn 0.0286 0.9917 -0.1257
vn 0.0294 0.9915 -0.1269
vn 0.0291 0.9915 -0.1266
vn 0.0283 0.9917 -0.1254
vn 0.0875 0.9896 -0.1143
vn 0.0922 0.9888 -0.1171
vn 0.0909 0.9890 -0.1163
vn 0.0861 0.9898 -0.1135
vn 0.1520 0.9834 -0.0994
vn 0.1376 0.9859 -0.0956
vn 0.2084 0.9750 -0.0767
vn 0.1846 0.9800 -0.0748
vn 0.2649 0.9631 -0.0474
vn 0.2315 0.9716 -0.0495
vn 0.3245 0.9459 -0.0060
vn 0.2815 0.9595 -0.0146
vn 0.3868 0.9202 0.0600
vn 0.3338 0.9418 0.0403
vn 0.4390 0.8813 0.1749
vn 0.3786 0.9155 0.1361
vn 0.4203 0.8271 0.3730
vn 0.3710 0.8756 0.3094
vn 0.1865 0.7835 0.5927
vn 0.1804 0.8166 0.5482
vn -0.0702 0.9803 0.1844
vn -0.0661 0.9820 0.1771
vn -0.0674 0.9815 0.1794
vn -0.0716 0.9798 0.1868
vn -0.1643 0.9795 0.1163
vn -0.1872 0.9735 0.1310
vn -0.1967 0.9790 0.0531
vn -0.2270 0.9719 0.0618
vn -0.1905 0.9817 0.0075
vn -0.2187 0.9758 0.0100
vn -0.1686 0.9854 -0.0231
vn -0.1921 0.9811 -0.0245
vn -0.1415 0.9889 -0.0441
vn -0.1595 0.9860 -0.0478
vn -0.1217 0.9906 -0.0629
vn -0.1128 0.9918 -0.0594
vn -0.1161 0.9914 -0.0607
vn -0.1250 0.9901 -0.0642
vn -0.0873 0.9934 -0.0750
vn -0.0824 0.9940 -0.0714
vn -0.0841 0.9938 -0.0727
vn -0.0891 0.9931 -0.0763
vn -0.0516 0.9952 -0.0834
vn -0.0500 0.9955 -0.0806
vn -0.0505 0.9954 -0.0815
vn -0.0521 0.9951 -0.0843
vn -0.0160 0.9960 -0.0875
vn -0.0161 0.9961 -0.0863
vn -0.0161 0.9961 -0.0867
vn -0.0160 0.9960 -0.0877
vn -0.2625 0.5457 0.7959
vn -0.2601 0.5521 0.7922
vn -0.2609 0.5499 0.7935
vn -0.2633 0.5433 0.7972
vn -0.5997 0.6132 0.5141
vn -0.6092 0.5992 0.5194
vn -0.6851 0.6764 0.2704
vn -0.6791 0.6830 0.2690
vn -0.6813 0.6806 0.2695
vn -0.6873 0.6739 0.2709
vn -0.6598 0.7429 0.1128
vn -0.6567 0.7457 0.1127
vn -0.6578 0.7447 0.1128
vn -0.6610 0.7418 0.1129
vn -0.6021 0.7983 0.0092
vn -0.6014 0.7989 0.0093
vn -0.6022 0.7983 0.0092
vn -0.5290 0.8460 -0.0665
vn -0.5300 0.8453 -0.0668
vn -0.5296 0.8456 -0.0667
vn -0.5286 0.8463 -0.0664
vn -0.4406 0.8886 -0.1275
vn -0.4422 0.8876 -0.1284
vn -0.4417 0.8880 -0.1281
vn -0.4400 0.8889 -0.1272
vn -0.3321 0.9262 -0.1784
vn -0.3334 0.9255 -0.1798
vn -0.3330 0.9257 -0.1794
vn -0.3317 0.9264 -0.1779
vn -0.2030 0.9548 -0.2169
vn -0.2033 0.9545 -0.2182
vn -0.2033 0.9546 -0.2179
vn -0.2030 0.9549 -0.2166
vn -0.0648 0.9692 -0.2377
vn -0.0645 0.9690 -0.2383
vn -0.0647 0.9691 -0.2379
vn -0.0648 0.9692 -0.2376
vn -0.2869 -0.3204 0.9028
vn -0.2847 -0.3068 0.9082
vn -0.7388 -0.1266 0.6620
vn -0.7367 -0.0979 0.6691
vn -0.9138 0.1144 0.3897
vn -0.9085 0.1415 0.3933
vn -0.9299 0.3171 0.1862
vn -0.9228 0.3358 0.1887
vn -0.8703 0.4909 0.0407
vn -0.8747 0.4831 0.0389
vn -0.8731 0.4859 0.0395
vn -0.8686 0.4937 0.0413
vn -0.7744 0.6285 -0.0727
vn -0.7773 0.6247 -0.0743
vn -0.7764 0.6260 -0.0738
vn -0.7735 0.6297 -0.0721
vn -0.6421 0.7488 -0.1641
vn -0.6434 0.7475 -0.1653
vn -0.6430 0.7479 -0.1650
vn -0.6418 0.7492 -0.1637
vn -0.4747 0.8479 -0.2361
vn -0.4749 0.8476 -0.2367
vn -0.4748 0.8477 -0.2366
vn -0.4746 0.8480 -0.2359
vn -0.2823 0.9159 -0.2855
vn -0.2823 0.9158 -0.2856
vn -0.2823 0.9159 -0.2854
vn -0.0880 0.9470 -0.3090
vn -0.2251 -0.6438 0.7313
vn -0.2205 -0.6321 0.7429
vn -0.6315 -0.5060 0.5875
vn -0.6318 -0.4791 0.6093
vn -0.8746 -0.2845 0.3925
vn -0.8767 -0.2545 0.4083
vn -0.9759 -0.0488 0.2128
vn -0.9747 -0.0268 0.2219
vn -0.9796 0.1907 0.0628
vn -0.9814 0.1825 0.0590
vn -0.9809 0.1849 0.0601
vn -0.9791 0.1931 0.0639
vn -0.9102 0.4077 -0.0725
vn -0.9109 0.4059 -0.0738
vn -0.9107 0.4064 -0.0734
vn -0.9100 0.4083 -0.0721
vn -0.7698 0.6101 -0.1876
vn -0.7695 0.6108 -0.1867
vn -0.7695 0.6107 -0.1868
vn -0.7698 0.6099 -0.1879
vn -0.5675 0.7758 -0.2758
vn -0.5677 0.7762 -0.2743
vn -0.5675 0.7758 -0.2759
vn -0.5673 0.7754 -0.2774
vn -0.3332 0.8830 -0.3306
vn -0.3333 0.8830 -0.3304
vn -0.3316 0.8827 -0.3330
vn -0.3315 0.8826 -0.3333
vn -0.1028 0.9290 -0.3555
vn -0.1029 0.9290 -0.3554
vn -0.1019 0.9288 -0.3563
vn -0.1017 0.9288 -0.3565
vn -0.1825 -0.7630 0.6201
vn -0.1747 -0.7551 0.6319
vn -0.5308 -0.6710 0.5176
vn -0.5245 -0.6554 0.5435
vn -0.7818 -0.5019 0.3700
vn -0.7816 -0.4849 0.3925
vn -0.9317 -0.2908 0.2178
vn -0.9321 -0.2787 0.2313
vn -0.9964 -0.0481 0.0703
vn -0.9962 -0.0438 0.0757
vn -0.9727 0.2207 -0.0724
vn -0.9727 0.2199 -0.0739
vn -0.8474 0.4906 -0.2030
vn -0.8462 0.4897 -0.2100
vn -0.6298 0.7145 -0.3048
vn -0.6248 0.7150 -0.3138
vn -0.3669 0.8551 -0.3662
vn -0.3599 0.8552 -0.3729
vn -0.1120 0.9131 -0.3921
vn -0.1125 0.9132 -0.3917
vn -0.1096 0.9127 -0.3936
vn -0.1090 0.9126 -0.3940
vn -0.1030 -0.9104 0.4008
vn -0.1007 -0.9089 0.4047
vn -0.1004 -0.9091 0.4043
vn -0.1036 -0.9103 0.4009
vn -0.3468 -0.8554 0.3849
vn -0.3431 -0.8522 0.3950
vn -0.3434 -0.8523 0.3945
vn -0.3468 -0.8556 0.3843
vn -0.6253 -0.6980 0.3490
vn -0.6247 -0.7053 0.3351
vn -0.8763 -0.4169 0.2416
vn -0.8732 -0.4291 0.2310
vn -0.9940 -0.0705 0.0839
vn -0.9937 -0.0783 0.0799
vn -0.9677 0.2390 -0.0798
vn -0.9685 0.2350 -0.0818
vn -0.9683 0.2363 -0.0812
vn -0.9675 0.2403 -0.0792
vn -0.8533 0.4653 -0.2353
vn -0.8474 0.4811 -0.2247
vn -0.6740 0.6358 -0.3761
vn -0.6669 0.6542 -0.3569
vn -0.4289 0.7565 -0.4938
vn -0.4282 0.7707 -0.4719
vn -0.1385 0.8191 -0.5566
vn -0.1423 0.8252 -0.5466
vn -0.1201 -0.8851 0.4496
vn -0.1178 -0.8830 0.4544
vn -0.1180 -0.8833 0.4537
vn -0.1205 -0.8854 0.4490
vn -0.4030 -0.7998 0.4449
vn -0.4038 -0.8073 0.4303
vn -0.7218 -0.5751 0.3851
vn -0.7159 -0.5934 0.3680
vn -0.9463 -0.2073 0.2480
vn -0.9430 -0.2335 0.2370
vn -0.9843 0.1587 0.0770
vn -0.9871 0.1429 0.0723
vn -0.9028 0.4233 -0.0757
vn -0.9029 0.4232 -0.0757
vn -0.9028 0.4234 -0.0757
vn -0.9026 0.4239 -0.0755
vn -0.7717 0.6017 -0.2061
vn -0.7647 0.6128 -0.1993
vn -0.6025 0.7295 -0.3237
vn -0.5935 0.7430 -0.3093
vn -0.3832 0.8209 -0.4235
vn -0.3800 0.8311 -0.4061
vn -0.1262 0.8726 -0.4719
vn -0.1242 0.8692 -0.4787
vn -0.1246 0.8699 -0.4772
vn -0.1266 0.8733 -0.4704
vn -0.1480 -0.8336 0.5322
vn -0.1460 -0.8292 0.5396
vn -0.1465 -0.8302 0.5378
vn -0.1484 -0.8347 0.5304
vn -0.5006 -0.6860 0.5281
vn -0.4952 -0.7069 0.5050
vn -0.8439 -0.3240 0.4275
vn -0.8340 -0.3721 0.4074
vn -0.9636 0.1260 0.2360
vn -0.9708 0.0762 0.2274
vn -0.8950 0.4419 0.0603
vn -0.9076 0.4160 0.0557
vn -0.7802 0.6215 -0.0708
vn -0.7767 0.6261 -0.0693
vn -0.7779 0.6245 -0.0699
vn -0.7814 0.6199 -0.0714
vn -0.6460 0.7440 -0.1708
vn -0.6492 0.7407 -0.1729
vn -0.6481 0.7419 -0.1722
vn -0.6449 0.7451 -0.1701
vn -0.5038 0.8219 -0.2658
vn -0.4957 0.8297 -0.2567
vn -0.3211 0.8815 -0.3462
vn -0.3171 0.8877 -0.3339
vn -0.1057 0.9158 -0.3875
vn -0.1047 0.9138 -0.3924
vn -0.1049 0.9143 -0.3912
vn -0.1059 0.9163 -0.3863
vn -0.2142 -0.6236 0.7518
vn -0.2152 -0.6478 0.7308
vn -0.6822 -0.2714 0.6789
vn -0.6716 -0.3611 0.6469
vn -0.8722 0.2661 0.4104
vn -0.8991 0.1587 0.4079
vn -0.7888 0.5901 0.1721
vn -0.8308 0.5292 0.1724
vn -0.6684 0.7432 0.0305
vn -0.6987 0.7149 0.0270
vn -0.5629 0.8243 -0.0605
vn -0.5786 0.8130 -0.0647
vn -0.4692 0.8731 -0.1324
vn -0.4662 0.8749 -0.1310
vn -0.4673 0.8743 -0.1315
vn -0.4702 0.8725 -0.1329
vn -0.3599 0.9128 -0.1929
vn -0.3619 0.9117 -0.1947
vn -0.3612 0.9121 -0.1941
vn -0.3591 0.9133 -0.1923
vn -0.2301 0.9413 -0.2469
vn -0.2321 0.9397 -0.2513
vn -0.2315 0.9402 -0.2500
vn -0.2294 0.9418 -0.2456
vn -0.0765 0.9561 -0.2828
vn -0.0763 0.9554 -0.2853
vn -0.0763 0.9556 -0.2847
vn -0.0766 0.9563 -0.2821
vn -0.1744 0.8155 0.5518
vn -0.1937 0.7824 0.5919
vn -0.3653 0.8743 0.3196
vn -0.4298 0.8259 0.3649
vn -0.3775 0.9145 0.1457
vn -0.4431 0.8809 0.1660
vn -0.3352 0.9409 0.0476
vn -0.3876 0.9203 0.0529
vn -0.2842 0.9587 -0.0092
vn -0.3234 0.9462 -0.0114
vn -0.2349 0.9710 -0.0456
vn -0.2629 0.9634 -0.0514
vn -0.1880 0.9795 -0.0722
vn -0.2061 0.9753 -0.0793
vn -0.1474 0.9841 -0.0992
vn -0.1404 0.9856 -0.0942
vn -0.1429 0.9851 -0.0960
vn -0.1499 0.9835 -0.1010
vn -0.0901 0.9891 -0.1165
vn -0.0879 0.9897 -0.1130
vn -0.0887 0.9895 -0.1142
vn -0.0908 0.9889 -0.1177
vn -0.0289 0.9915 -0.1265
vn -0.0289 0.9917 -0.1254
vn -0.0289 0.9916 -0.1258
vn -0.0289 0.9915 -0.1270
vn 0.0158 0.9961 -0.0866
vn 0.0165 0.9960 -0.0876
vn 0.0164 0.9960 -0.0874
vn 0.0156 0.9961 -0.0863
vn 0.0495 0.9954 -0.0817
vn 0.0534 0.9951 -0.0838
vn 0.0524 0.9951 -0.0833
vn 0.0484 0.9955 -0.0810
vn 0.0827 0.9939 -0.0730
vn 0.0909 0.9930 -0.0751
vn 0.0886 0.9933 -0.0745
vn 0.0801 0.9942 -0.0724
vn 0.1265 0.9900 -0.0624
vn 0.1105 0.9920 -0.0612
vn 0.1604 0.9860 -0.0453
vn 0.1396 0.9891 -0.0466
vn 0.1919 0.9812 -0.0214
vn 0.1674 0.9855 -0.0263
vn 0.2169 0.9761 0.0135
vn 0.1907 0.9816 0.0038
vn 0.2232 0.9726 0.0651
vn 0.1987 0.9788 0.0493
vn 0.1823 0.9742 0.1329
vn 0.1678 0.9793 0.1133
vn 0.0685 0.9815 0.1790
vn 0.0692 0.9800 0.1869
vn 0.0690 0.9804 0.1843
vn 0.0683 0.9820 0.1763
vn 0.0648 0.9691 -0.2381
vn 0.0643 0.9692 -0.2377
vn 0.0647 0.9691 -0.2380
vn 0.0650 0.9690 -0.2383
vn 0.2043 0.9544 -0.2178
vn 0.2018 0.9551 -0.2169
vn 0.2021 0.9550 -0.2170
vn 0.2047 0.9542 -0.2180
vn 0.3342 0.9253 -0.1792
vn 0.3304 0.9268 -0.1785
vn 0.3311 0.9265 -0.1786
vn 0.3350 0.9250 -0.1793
vn 0.4425 0.8876 -0.1279
vn 0.4391 0.8893 -0.1278
vn 0.4399 0.8889 -0.1278
vn 0.4434 0.8871 -0.1279
vn 0.5300 0.8454 -0.0665
vn 0.5282 0.8465 -0.0667
vn 0.5286 0.8462 -0.0667
vn 0.5306 0.8450 -0.0665
vn 0.6015 0.7989 0.0092
vn 0.6023 0.7982 0.0094
vn 0.6020 0.7984 0.0093
vn 0.6012 0.7990 0.0091
vn 0.6575 0.7450 0.1122
vn 0.6612 0.7415 0.1138
vn 0.6600 0.7427 0.1133
vn 0.6562 0.7463 0.1117
vn 0.6869 0.6737 0.2728
vn 0.6789 0.6839 0.2670
vn 0.6074 0.5993 0.5215
vn 0.6010 0.6141 0.5115
vn 0.2617 0.5501 0.7930
vn 0.2617 0.5435 0.7976
vn 0.2617 0.5458 0.7960
vn 0.2616 0.5525 0.7914
vn 0.0880 0.9470 -0.3090
vn 0.2823 0.9159 -0.2855
vn 0.2821 0.9159 -0.2854
vn 0.2825 0.9158 -0.2856
vn 0.4757 0.8473 -0.2362
vn 0.4737 0.8484 -0.2362
vn 0.4740 0.8483 -0.2360
vn 0.4759 0.8471 -0.2364
vn 0.6446 0.7466 -0.1644
vn 0.6401 0.7505 -0.1647
vn 0.6407 0.7499 -0.1646
vn 0.6454 0.7460 -0.1643
vn 0.7784 0.6235 -0.0727
vn 0.7713 0.6322 -0.0742
vn 0.7726 0.6306 -0.0740
vn 0.7799 0.6217 -0.0723
vn 0.8666 0.4976 0.0378
vn 0.8773 0.4781 0.0424
vn 0.9220 0.3408 0.1836
vn 0.9312 0.3103 0.1913
vn 0.9103 0.1468 0.3870
vn 0.9120 0.1066 0.3960
vn 0.7421 -0.0942 0.6637
vn 0.7332 -0.1327 0.6670
vn 0.2885 -0.3064 0.9071
vn 0.2831 -0.3217 0.9035
vn 0.1031 0.9286 -0.3564
vn 0.1033 0.9286 -0.3564
vn 0.1015 0.9291 -0.3556
vn 0.1014 0.9292 -0.3555
vn 0.3353 0.8814 -0.3327
vn 0.3357 0.8813 -0.3325
vn 0.3294 0.8841 -0.3314
vn 0.3291 0.8843 -0.3311
vn 0.5635 0.7786 -0.2762
vn 0.5715 0.7729 -0.2759
vn 0.5674 0.7759 -0.2758
vn 0.5635 0.7788 -0.2757
vn 0.7682 0.6121 -0.1875
vn 0.7713 0.6084 -0.1870
vn 0.7711 0.6086 -0.1870
vn 0.7680 0.6124 -0.1876
vn 0.9120 0.4038 -0.0722
vn 0.9086 0.4111 -0.0738
vn 0.9089 0.4104 -0.0735
vn 0.9124 0.4028 -0.0721
vn 0.9776 0.2020 0.0581
vn 0.9829 0.1724 0.0646
vn 0.9772 -0.0128 0.2119
vn 0.9728 -0.0649 0.2222
vn 0.8865 -0.2391 0.3962
vn 0.8637 -0.3021 0.4033
vn 0.6474 -0.4691 0.6006
vn 0.6155 -0.5174 0.5946
vn 0.2285 -0.6309 0.7415
vn 0.2171 -0.6456 0.7322
vn 0.1131 0.9122 -0.3938
vn 0.1084 0.9136 -0.3919
vn 0.3718 0.8510 -0.3708
vn 0.3553 0.8592 -0.3681
vn 0.6387 0.7048 -0.3086
vn 0.6161 0.7243 -0.3094
vn 0.8540 0.4786 -0.2042
vn 0.8396 0.5017 -0.2083
vn 0.9735 0.2171 -0.0724
vn 0.9719 0.2236 -0.0739
vn 0.9970 -0.0341 0.0701
vn 0.9954 -0.0582 0.0757
vn 0.9406 -0.2595 0.2191
vn 0.9226 -0.3106 0.2289
vn 0.8011 -0.4639 0.3781
vn 0.7618 -0.5227 0.3826
vn 0.5489 -0.6429 0.5342
vn 0.5071 -0.6832 0.5255
vn 0.1857 -0.7536 0.6306
vn 0.1718 -0.7647 0.6211
vn 0.0034 0.9990 0.0439
vn 0.0166 0.9991 0.0403
vn 0.0102 0.9990 0.0428
vn 0.0135 0.9990 0.0416
vn 0.0199 0.9990 0.0389
vn 0.0229 0.9990 0.0374
vn 0.0330 0.9991 0.0282
vn 0.0285 0.9990 0.0333
vn 0.0309 0.9990 0.0309
vn 0.0353 0.9990 0.0257
vn 0.0374 0.9990 0.0229
vn 0.0417 0.9990 0.0135
vn 0.0406 0.9990 0.0168
vn 0.0416 0.9990 0.0135
vn 0.0428 0.9990 0.0102
vn 0.0439 0.9990 0.0034
vn 0.0159 0.9788 0.2044
vn 0.0477 0.9788 0.1991
vn 0.0782 0.9789 0.1888
vn 0.1067 0.9789 0.1740
vn 0.1325 0.9790 0.1551
vn 0.1551 0.9790 0.1325
vn 0.1740 0.9789 0.1067
vn 0.1888 0.9789 0.0782
vn 0.1991 0.9788 0.0477
vn 0.2044 0.9788 0.0159
vn 0.0462 0.8038 0.5931
vn 0.0461 0.8038 0.5931
vn 0.1384 0.8042 0.5780
vn 0.2273 0.8047 0.5485
vn 0.3101 0.8051 0.5056
vn 0.3851 0.8053 0.4507
vn 0.4507 0.8053 0.3851
vn 0.5056 0.8051 0.3101
vn 0.5485 0.8047 0.2273
vn 0.5485 0.8047 0.2272
vn 0.5780 0.8042 0.1384
vn 0.5931 0.8038 0.0461
vn 0.5931 0.8038 0.0462
vn 0.0776 0.0043 0.9970
vn 0.2329 0.0042 0.9725
vn 0.2329 0.0043 0.9725
vn 0.3828 0.0042 0.9238
vn 0.5229 0.0042 0.8524
vn 0.5229 0.0041 0.8524
vn 0.6496 0.0041 0.7603
vn 0.6496 0.0041 0.7602
vn 0.7603 0.0041 0.6496
vn 0.7602 0.0041 0.6496
vn 0.8524 0.0042 0.5229
vn 0.8524 0.0041 0.5229
vn 0.9238 0.0042 0.3828
vn 0.9725 0.0043 0.2329
vn 0.9725 0.0042 0.2329
vn 0.9970 0.0043 0.0776
vn 0.0659 -0.5281 0.8466
vn 0.1977 -0.5287 0.8255
vn 0.1978 -0.5286 0.8255
vn 0.3248 -0.5294 0.7838
vn 0.3248 -0.5293 0.7838
vn 0.4434 -0.5300 0.7228
vn 0.4435 -0.5299 0.7228
vn 0.5508 -0.5303 0.6446
vn 0.5508 -0.5303 0.6445
vn 0.6446 -0.5303 0.5508
vn 0.6445 -0.5303 0.5508
vn 0.7228 -0.5300 0.4434
vn 0.7229 -0.5299 0.4434
vn 0.7228 -0.5300 0.4435
vn 0.7837 -0.5294 0.3248
vn 0.7838 -0.5293 0.3248
vn 0.7838 -0.5294 0.3248
vn 0.8255 -0.5287 0.1977
vn 0.8255 -0.5286 0.1977
vn 0.8466 -0.5281 0.0659
vn 0.0582 -0.6617 0.7475
vn 0.0582 -0.6618 0.7474
vn 0.0578 -0.6674 0.7425
vn 0.1745 -0.6623 0.7286
vn 0.1745 -0.6624 0.7285
vn 0.1746 -0.6624 0.7286
vn 0.1735 -0.6679 0.7237
vn 0.2866 -0.6630 0.6915
vn 0.2866 -0.6631 0.6915
vn 0.2849 -0.6686 0.6868
vn 0.3912 -0.6636 0.6376
vn 0.3912 -0.6637 0.6376
vn 0.3887 -0.6692 0.6333
vn 0.4858 -0.6639 0.5685
vn 0.4858 -0.6640 0.5685
vn 0.4826 -0.6696 0.5646
vn 0.5685 -0.6639 0.4858
vn 0.5685 -0.6640 0.4858
vn 0.5647 -0.6695 0.4826
vn 0.6377 -0.6636 0.3912
vn 0.6376 -0.6636 0.3912
vn 0.6333 -0.6692 0.3887
vn 0.6915 -0.6630 0.2866
vn 0.6915 -0.6631 0.2866
vn 0.6869 -0.6686 0.2850
vn 0.7286 -0.6623 0.1745
vn 0.7286 -0.6624 0.1746
vn 0.7237 -0.6679 0.1736
vn 0.7475 -0.6617 0.0581
vn 0.7474 -0.6618 0.0582
vn 0.7425 -0.6673 0.0578
vn 0.0579 -0.6674 0.7424
vn 0.1736 -0.6680 0.7237
vn 0.2849 -0.6687 0.6868
vn 0.2850 -0.6687 0.6868
vn 0.3887 -0.6693 0.6332
vn 0.5646 -0.6696 0.4825
vn 0.5646 -0.6696 0.4826
vn 0.6332 -0.6693 0.3887
vn 0.6868 -0.6687 0.2849
vn 0.6867 -0.6687 0.2850
vn 0.7236 -0.6680 0.1736
vn 0.7424 -0.6674 0.0579
vn 0.0642 -0.5661 0.8219
vn 0.0641 -0.5661 0.8218
vn 0.0643 -0.5660 0.8219
vn 0.1925 -0.5667 0.8011
vn 0.1922 -0.5668 0.8011
vn 0.1923 -0.5667 0.8011
vn 0.1926 -0.5666 0.8011
vn 0.3158 -0.5675 0.7604
vn 0.3156 -0.5676 0.7605
vn 0.3157 -0.5675 0.7604
vn 0.3159 -0.5674 0.7604
vn 0.4307 -0.5681 0.7012
vn 0.4305 -0.5682 0.7013
vn 0.4306 -0.5682 0.7013
vn 0.4308 -0.5681 0.7012
vn 0.5346 -0.5685 0.6253
vn 0.5345 -0.5685 0.6254
vn 0.6253 -0.5685 0.5345
vn 0.6254 -0.5685 0.5345
vn 0.6253 -0.5685 0.5346
vn 0.7012 -0.5682 0.4307
vn 0.7013 -0.5681 0.4305
vn 0.7013 -0.5681 0.4306
vn 0.7011 -0.5682 0.4308
vn 0.7604 -0.5675 0.3158
vn 0.7605 -0.5674 0.3156
vn 0.7605 -0.5675 0.3157
vn 0.7603 -0.5676 0.3159
vn 0.8011 -0.5667 0.1925
vn 0.8012 -0.5666 0.1922
vn 0.8012 -0.5667 0.1923
vn 0.8010 -0.5668 0.1926
vn 0.8218 -0.5661 0.0642
vn 0.8219 -0.5660 0.0641
vn 0.8219 -0.5661 0.0642
vn 0.8218 -0.5661 0.0643
vn 0.0764 -0.2079 0.9752
vn 0.0763 -0.2080 0.9752
vn 0.0765 -0.2079 0.9752
vn 0.2289 -0.2084 0.9509
vn 0.2286 -0.2085 0.9509
vn 0.2287 -0.2085 0.9509
vn 0.2290 -0.2083 0.9509
vn 0.3755 -0.2090 0.9029
vn 0.3752 -0.2092 0.9030
vn 0.3756 -0.2090 0.9029
vn 0.3757 -0.2089 0.9029
vn 0.5121 -0.2096 0.8330
vn 0.5119 -0.2097 0.8331
vn 0.5119 -0.2096 0.8330
vn 0.5122 -0.2095 0.8329
vn 0.6354 -0.2099 0.7431
vn 0.6353 -0.2099 0.7432
vn 0.6355 -0.2099 0.7431
vn 0.7431 -0.2099 0.6354
vn 0.7432 -0.2099 0.6353
vn 0.7430 -0.2100 0.6355
vn 0.8330 -0.2096 0.5121
vn 0.8331 -0.2095 0.5119
vn 0.8331 -0.2096 0.5120
vn 0.8329 -0.2097 0.5121
vn 0.9029 -0.2091 0.3755
vn 0.9031 -0.2089 0.3752
vn 0.9029 -0.2091 0.3756
vn 0.9028 -0.2092 0.3757
vn 0.9509 -0.2085 0.2289
vn 0.9510 -0.2083 0.2286
vn 0.9509 -0.2084 0.2287
vn 0.9508 -0.2085 0.2290
vn 0.9751 -0.2080 0.0764
vn 0.9752 -0.2079 0.0763
vn 0.9751 -0.2080 0.0765
vn 0.0652 0.5523 0.8311
vn 0.1952 0.5527 0.8102
vn 0.1953 0.5527 0.8101
vn 0.3201 0.5531 0.7692
vn 0.3202 0.5532 0.7691
vn 0.4363 0.5534 0.7095
vn 0.4364 0.5535 0.7094
vn 0.5413 0.5536 0.6329
vn 0.6329 0.5536 0.5413
vn 0.7095 0.5535 0.4362
vn 0.7094 0.5534 0.4364
vn 0.7691 0.5532 0.3200
vn 0.7691 0.5531 0.3202
vn 0.8102 0.5527 0.1951
vn 0.8102 0.5527 0.1953
vn 0.8311 0.5523 0.0652
vn 0.0439 0.9990 -0.0034
vn 0.0403 0.9991 -0.0166
vn 0.0428 0.9990 -0.0102
vn 0.0416 0.9990 -0.0135
vn 0.0389 0.9990 -0.0199
vn 0.0374 0.9990 -0.0229
vn 0.0282 0.9991 -0.0330
vn 0.0333 0.9990 -0.0284
vn 0.0309 0.9990 -0.0309
vn 0.0257 0.9990 -0.0353
vn 0.0229 0.9990 -0.0374
vn 0.0135 0.9990 -0.0417
vn 0.0168 0.9990 -0.0405
vn 0.0135 0.9990 -0.0416
vn 0.0102 0.9990 -0.0428
vn 0.0034 0.9990 -0.0439
vn 0.2044 0.9788 -0.0159
vn 0.1991 0.9788 -0.0477
vn 0.1888 0.9789 -0.0782
vn 0.1740 0.9789 -0.1067
vn 0.1551 0.9790 -0.1325
vn 0.1325 0.9790 -0.1551
vn 0.1067 0.9789 -0.1740
vn 0.0782 0.9789 -0.1888
vn 0.0477 0.9788 -0.1991
vn 0.0159 0.9788 -0.2044
vn 0.5931 0.8038 -0.0461
vn 0.5931 0.8038 -0.0462
vn 0.5780 0.8042 -0.1384
vn 0.5485 0.8047 -0.2273
vn 0.5056 0.8051 -0.3101
vn 0.4507 0.8053 -0.3851
vn 0.3851 0.8053 -0.4507
vn 0.3101 0.8051 -0.5056
vn 0.2273 0.8047 -0.5485
vn 0.2272 0.8047 -0.5485
vn 0.1384 0.8042 -0.5780
vn 0.0462 0.8038 -0.5931
vn 0.0461 0.8038 -0.5931
vn 0.9970 0.0043 -0.0776
vn 0.9725 0.0042 -0.2329
vn 0.9725 0.0043 -0.2329
vn 0.9238 0.0042 -0.3828
vn 0.8524 0.0042 -0.5229
vn 0.8524 0.0041 -0.5229
vn 0.7603 0.0041 -0.6496
vn 0.6496 0.0041 -0.7603
vn 0.5229 0.0042 -0.8524
vn 0.5229 0.0041 -0.8524
vn 0.3828 0.0042 -0.9238
vn 0.2329 0.0043 -0.9725
vn 0.2329 0.0042 -0.9725
vn 0.0776 0.0043 -0.9970
vn 0.8466 -0.5281 -0.0659
vn 0.8255 -0.5287 -0.1977
vn 0.8255 -0.5286 -0.1978
vn 0.7838 -0.5294 -0.3248
vn 0.7837 -0.5294 -0.3248
vn 0.7838 -0.5293 -0.3248
vn 0.7228 -0.5300 -0.4434
vn 0.7228 -0.5299 -0.4435
vn 0.6446 -0.5303 -0.5508
vn 0.5508 -0.5303 -0.6446
vn 0.5508 -0.5303 -0.6445
vn 0.4434 -0.5300 -0.7228
vn 0.4434 -0.5299 -0.7229
vn 0.4435 -0.5300 -0.7228
vn 0.3248 -0.5294 -0.7838
vn 0.3248 -0.5294 -0.7837
vn 0.1977 -0.5287 -0.8255
vn 0.1977 -0.5286 -0.8255
vn 0.0659 -0.5281 -0.8466
vn 0.7474 -0.6618 -0.0582
vn 0.7425 -0.6674 -0.0578
vn 0.7286 -0.6623 -0.1745
vn 0.7286 -0.6624 -0.1745
vn 0.7286 -0.6624 -0.1746
vn 0.7237 -0.6679 -0.1735
vn 0.6915 -0.6630 -0.2866
vn 0.6915 -0.6631 -0.2866
vn 0.6868 -0.6686 -0.2849
vn 0.6376 -0.6636 -0.3913
vn 0.6376 -0.6637 -0.3912
vn 0.6376 -0.6636 -0.3912
vn 0.6333 -0.6692 -0.3887
vn 0.5685 -0.6639 -0.4858
vn 0.5685 -0.6640 -0.4858
vn 0.5646 -0.6696 -0.4826
vn 0.4858 -0.6639 -0.5685
vn 0.4858 -0.6640 -0.5685
vn 0.4826 -0.6695 -0.5646
vn 0.3912 -0.6636 -0.6377
vn 0.3912 -0.6636 -0.6376
vn 0.3887 -0.6692 -0.6333
vn 0.2866 -0.6630 -0.6915
vn 0.2866 -0.6631 -0.6915
vn 0.2850 -0.6686 -0.6868
vn 0.1745 -0.6623 -0.7286
vn 0.1746 -0.6624 -0.7286
vn 0.1736 -0.6679 -0.7237
vn 0.0581 -0.6617 -0.7475
vn 0.0582 -0.6618 -0.7474
vn 0.0578 -0.6673 -0.7425
vn 0.7424 -0.6674 -0.0579
vn 0.7237 -0.6680 -0.1736
vn 0.6868 -0.6687 -0.2849
vn 0.6868 -0.6687 -0.2850
vn 0.6332 -0.6693 -0.3887
vn 0.4825 -0.6696 -0.5646
vn 0.4826 -0.6696 -0.5646
vn 0.3887 -0.6693 -0.6332
vn 0.2849 -0.6687 -0.6868
vn 0.2850 -0.6687 -0.6867
vn 0.1736 -0.6680 -0.7236
vn 0.0579 -0.6674 -0.7424
vn 0.8219 -0.5661 -0.0642
vn 0.8218 -0.5661 -0.0641
vn 0.8219 -0.5660 -0.0643
vn 0.8011 -0.5667 -0.1925
vn 0.8011 -0.5668 -0.1922
vn 0.8011 -0.5667 -0.1923
vn 0.8011 -0.5666 -0.1926
vn 0.7604 -0.5675 -0.3158
vn 0.7605 -0.5675 -0.3156
vn 0.7604 -0.5675 -0.3157
vn 0.7604 -0.5674 -0.3159
vn 0.7012 -0.5681 -0.4307
vn 0.7013 -0.5682 -0.4305
vn 0.7013 -0.5682 -0.4306
vn 0.7012 -0.5681 -0.4308
vn 0.6253 -0.5685 -0.5346
vn 0.6254 -0.5685 -0.5345
vn 0.5345 -0.5685 -0.6253
vn 0.5345 -0.5685 -0.6254
vn 0.5346 -0.5685 -0.6253
vn 0.4307 -0.5682 -0.7012
vn 0.4305 -0.5681 -0.7013
vn 0.4306 -0.5681 -0.7013
vn 0.4308 -0.5682 -0.7011
vn 0.3158 -0.5675 -0.7604
vn 0.3156 -0.5674 -0.7605
vn 0.3157 -0.5675 -0.7605
vn 0.3159 -0.5676 -0.7603
vn 0.1925 -0.5667 -0.8011
vn 0.1922 -0.5666 -0.8012
vn 0.1923 -0.5667 -0.8012
vn 0.1926 -0.5668 -0.8010
vn 0.0642 -0.5661 -0.8218
vn 0.0641 -0.5660 -0.8219
vn 0.0642 -0.5661 -0.8219
vn 0.0643 -0.5661 -0.8218
vn 0.9752 -0.2079 -0.0764
vn 0.9752 -0.2080 -0.0763
vn 0.9752 -0.2079 -0.0765
vn 0.9509 -0.2084 -0.2289
vn 0.9509 -0.2085 -0.2286
vn 0.9509 -0.2085 -0.2287
vn 0.9509 -0.2083 -0.2290
vn 0.9029 -0.2090 -0.3755
vn 0.9030 -0.2092 -0.3752
vn 0.9030 -0.2091 -0.3753
vn 0.9029 -0.2089 -0.3757
vn 0.8330 -0.2096 -0.5121
vn 0.8331 -0.2097 -0.5119
vn 0.8330 -0.2096 -0.5119
vn 0.8329 -0.2095 -0.5122
vn 0.7431 -0.2099 -0.6354
vn 0.7432 -0.2099 -0.6353
vn 0.7431 -0.2099 -0.6355
vn 0.6354 -0.2099 -0.7431
vn 0.6353 -0.2099 -0.7432
vn 0.6355 -0.2100 -0.7430
vn 0.5121 -0.2096 -0.8330
vn 0.5119 -0.2095 -0.8331
vn 0.5120 -0.2096 -0.8331
vn 0.5121 -0.2097 -0.8329
vn 0.3755 -0.2091 -0.9029
vn 0.3752 -0.2089 -0.9031
vn 0.3756 -0.2091 -0.9029
vn 0.3757 -0.2092 -0.9028
vn 0.2289 -0.2085 -0.9509
vn 0.2286 -0.2083 -0.9510
vn 0.2287 -0.2084 -0.9509
vn 0.2290 -0.2085 -0.9508
vn 0.0764 -0.2080 -0.9751
vn 0.0763 -0.2079 -0.9752
vn 0.0765 -0.2080 -0.9751
vn 0.8311 0.5523 -0.0652
vn 0.8102 0.5527 -0.1952
vn 0.8101 0.5527 -0.1953
vn 0.7692 0.5531 -0.3201
vn 0.7691 0.5532 -0.3202
vn 0.7095 0.5534 -0.4363
vn 0.7094 0.5535 -0.4364
vn 0.6329 0.5536 -0.5413
vn 0.5413 0.5536 -0.6329
vn 0.4362 0.5535 -0.7095
vn 0.4364 0.5534 -0.7094
vn 0.3200 0.5532 -0.7691
vn 0.3202 0.5531 -0.7691
vn 0.1951 0.5527 -0.8102
vn 0.1953 0.5527 -0.8102
vn 0.0652 0.5523 -0.8311
vn -0.0034 0.9990 -0.0439
vn -0.0166 0.9991 -0.0403
vn -0.0102 0.9990 -0.0428
vn -0.0135 0.9990 -0.0416
vn -0.0199 0.9990 -0.0389
vn -0.0229 0.9990 -0.0374
vn -0.0330 0.9991 -0.0282
vn -0.0285 0.9990 -0.0333
vn -0.0309 0.9990 -0.0309
vn -0.0353 0.9990 -0.0257
vn -0.0374 0.9990 -0.0229
vn -0.0417 0.9990 -0.0135
vn -0.0406 0.9990 -0.0168
vn -0.0416 0.9990 -0.0135
vn -0.0428 0.9990 -0.0102
vn -0.0439 0.9990 -0.0034
vn -0.0159 0.9788 -0.2044
vn -0.0477 0.9788 -0.1991
vn -0.0782 0.9789 -0.1888
vn -0.1067 0.9789 -0.1740
vn -0.1325 0.9790 -0.1551
vn -0.1551 0.9790 -0.1325
vn -0.1740 0.9789 -0.1067
vn -0.1888 0.9789 -0.0782
vn -0.1991 0.9788 -0.0477
vn -0.2044 0.9788 -0.0159
vn -0.0462 0.8038 -0.5931
vn -0.0461 0.8038 -0.5931
vn -0.1384 0.8042 -0.5780
vn -0.2273 0.8047 -0.5485
vn -0.3101 0.8051 -0.5056
vn -0.3851 0.8053 -0.4507
vn -0.4507 0.8053 -0.3851
vn -0.5056 0.8051 -0.3101
vn -0.5485 0.8047 -0.2273
vn -0.5485 0.8047 -0.2272
vn -0.5780 0.8042 -0.1384
vn -0.5931 0.8038 -0.0461
vn -0.5931 0.8038 -0.0462
vn -0.0776 0.0043 -0.9970
vn -0.2329 0.0042 -0.9725
vn -0.2329 0.0043 -0.9725
vn -0.3828 0.0042 -0.9238
vn -0.5229 0.0042 -0.8524
vn -0.5229 0.0041 -0.8524
vn -0.6496 0.0041 -0.7603
vn -0.6496 0.0041 -0.7602
vn -0.7603 0.0041 -0.6496
vn -0.7602 0.0041 -0.6496
vn -0.8524 0.0042 -0.5229
vn -0.8524 0.0041 -0.5229
vn -0.9238 0.0042 -0.3828
vn -0.9725 0.0043 -0.2329
vn -0.9725 0.0042 -0.2329
vn -0.9970 0.0043 -0.0776
vn -0.0659 -0.5281 -0.8466
vn -0.1977 -0.5287 -0.8255
vn -0.1978 -0.5286 -0.8255
vn -0.3248 -0.5294 -0.7838
vn -0.3248 -0.5293 -0.7838
vn -0.4434 -0.5300 -0.7228
vn -0.4435 -0.5299 -0.7228
vn -0.5508 -0.5303 -0.6446
vn -0.5508 -0.5303 -0.6445
vn -0.6446 -0.5303 -0.5508
vn -0.6445 -0.5303 -0.5508
vn -0.7228 -0.5300 -0.4434
vn -0.7229 -0.5299 -0.4434
vn -0.7228 -0.5300 -0.4435
vn -0.7837 -0.5294 -0.3248
vn -0.7838 -0.5293 -0.3248
vn -0.7838 -0.5294 -0.3248
vn -0.8255 -0.5287 -0.1977
vn -0.8255 -0.5286 -0.1977
vn -0.8466 -0.5281 -0.0659
vn -0.0582 -0.6617 -0.7475
vn -0.0582 -0.6618 -0.7474
vn -0.0578 -0.6674 -0.7425
vn -0.1745 -0.6623 -0.7286
vn -0.1745 -0.6624 -0.7285
vn -0.1746 -0.6624 -0.7286
vn -0.1735 -0.6679 -0.7237
vn -0.2866 -0.6630 -0.6915
vn -0.2866 -0.6631 -0.6915
vn -0.2849 -0.6686 -0.6868
vn -0.3912 -0.6636 -0.6376
vn -0.3912 -0.6637 -0.6376
vn -0.3887 -0.6692 -0.6333
vn -0.4858 -0.6639 -0.5685
vn -0.4858 -0.6640 -0.5685
vn -0.4826 -0.6696 -0.5646
vn -0.5685 -0.6639 -0.4858
vn -0.5685 -0.6640 -0.4858
vn -0.5647 -0.6695 -0.4826
vn -0.6377 -0.6636 -0.3912
vn -0.6376 -0.6636 -0.3912
vn -0.6333 -0.6692 -0.3887
vn -0.6915 -0.6630 -0.2866
vn -0.6915 -0.6631 -0.2866
vn -0.6869 -0.6686 -0.2850
vn -0.7286 -0.6623 -0.1745
vn -0.7286 -0.6624 -0.1746
vn -0.7237 -0.6679 -0.1736
vn -0.7475 -0.6617 -0.0581
vn -0.7474 -0.6618 -0.0582
vn -0.7425 -0.6673 -0.0578
vn -0.0579 -0.6674 -0.7424
vn -0.1736 -0.6680 -0.7237
vn -0.2849 -0.6687 -0.6868
vn -0.2850 -0.6687 -0.6868
vn -0.3887 -0.6693 -0.6332
vn -0.5646 -0.6696 -0.4825
vn -0.5646 -0.6696 -0.4826
vn -0.6332 -0.6693 -0.3887
vn -0.6868 -0.6687 -0.2849
vn -0.6867 -0.6687 -0.2850
vn -0.7236 -0.6680 -0.1736
vn -0.7424 -0.6674 -0.0579
vn -0.0642 -0.5661 -0.8219
vn -0.0641 -0.5661 -0.8218
vn -0.0643 -0.5660 -0.8219
vn -0.1925 -0.5667 -0.8011
vn -0.1922 -0.5668 -0.8011
vn -0.1923 -0.5667 -0.8011
vn -0.1926 -0.5666 -0.8011
vn -0.3158 -0.5675 -0.7604
vn -0.3156 -0.5676 -0.7605
vn -0.3157 -0.5675 -0.7604
vn -0.3159 -0.5674 -0.7604
vn -0.4307 -0.5681 -0.7012
vn -0.4305 -0.5682 -0.7013
vn -0.4306 -0.5682 -0.7013
vn -0.4308 -0.5681 -0.7012
vn -0.5346 -0.5685 -0.6253
vn -0.5345 -0.5685 -0.6254
vn -0.6253 -0.5685 -0.5345
vn -0.6254 -0.5685 -0.5345
vn -0.6253 -0.5685 -0.5346
vn -0.7012 -0.5682 -0.4307
vn -0.7013 -0.5681 -0.4305
vn -0.7013 -0.5681 -0.4306
vn -0.7011 -0.5682 -0.4308
vn -0.7604 -0.5675 -0.3158
vn -0.7605 -0.5674 -0.3156
vn -0.7605 -0.5675 -0.3157
vn -0.7603 -0.5676 -0.3159
vn -0.8011 -0.5667 -0.1925
vn -0.8012 -0.5666 -0.1922
vn -0.8012 -0.5667 -0.1923
vn -0.8010 -0.5668 -0.1926
vn -0.8218 -0.5661 -0.0642
vn -0.8219 -0.5660 -0.0641
vn -0.8219 -0.5661 -0.0642
vn -0.8218 -0.5661 -0.0643
vn -0.0764 -0.2079 -0.9752
vn -0.0763 -0.2080 -0.9752
vn -0.0765 -0.2079 -0.9752
vn -0.2289 -0.2084 -0.9509
vn -0.2286 -0.2085 -0.9509
vn -0.2287 -0.2085 -0.9509
vn -0.2290 -0.2083 -0.9509
vn -0.3755 -0.2090 -0.9029
vn -0.3752 -0.2092 -0.9030
vn -0.3756 -0.2090 -0.9029
vn -0.3757 -0.2089 -0.9029
vn -0.5121 -0.2096 -0.8330
vn -0.5119 -0.2097 -0.8331
vn -0.5119 -0.2096 -0.8330
vn -0.5122 -0.2095 -0.8329
vn -0.6354 -0.2099 -0.7431
vn -0.6353 -0.2099 -0.7432
vn -0.6355 -0.2099 -0.7431
vn -0.7431 -0.2099 -0.6354
vn -0.7432 -0.2099 -0.6353
vn -0.7430 -0.2100 -0.6355
vn -0.8330 -0.2096 -0.5121
vn -0.8331 -0.2095 -0.5119
vn -0.8331 -0.2096 -0.5120
vn -0.8329 -0.2097 -0.5121
vn -0.9029 -0.2091 -0.3755
vn -0.9031 -0.2089 -0.3752
vn -0.9029 -0.2091 -0.3756
vn -0.9028 -0.2092 -0.3757
vn -0.9509 -0.2085 -0.2289
vn -0.9510 -0.2083 -0.2286
vn -0.9509 -0.2084 -0.2287
vn -0.9508 -0.2085 -0.2290
vn -0.9751 -0.2080 -0.0764
vn -0.9752 -0.2079 -0.0763
vn -0.9751 -0.2080 -0.0765
vn -0.0652 0.5523 -0.8311
vn -0.1952 0.5527 -0.8102
vn -0.1953 0.5527 -0.8101
vn -0.3201 0.5531 -0.7692
vn -0.3202 0.5532 -0.7691
vn -0.4363 0.5534 -0.7095
vn -0.4364 0.5535 -0.7094
vn -0.5413 0.5536 -0.6329
vn -0.6329 0.5536 -0.5413
vn -0.7095 0.5535 -0.4362
vn -0.7094 0.5534 -0.4364
vn -0.7691 0.5532 -0.3200
vn -0.7691 0.5531 -0.3202
vn -0.8102 0.5527 -0.1951
vn -0.8102 0.5527 -0.1953
vn -0.8311 0.5523 -0.0652
vn -0.0439 0.9990 0.0034
vn -0.0403 0.9991 0.0166
vn -0.0428 0.9990 0.0102
vn -0.0416 0.9990 0.0135
vn -0.0389 0.9990 0.0199
vn -0.0374 0.9990 0.0229
vn -0.0282 0.9991 0.0330
vn -0.0333 0.9990 0.0284
vn -0.0309 0.9990 0.0309
vn -0.0257 0.9990 0.0353
vn -0.0229 0.9990 0.0374
vn -0.0135 0.9990 0.0417
vn -0.0168 0.9990 0.0405
vn -0.0135 0.9990 0.0416
vn -0.0102 0.9990 0.0428
vn -0.0034 0.9990 0.0439
vn -0.2044 0.9788 0.0159
vn -0.1991 0.9788 0.0477
vn -0.1888 0.9789 0.0782
vn -0.1740 0.9789 0.1067
vn -0.1551 0.9790 0.1325
vn -0.1325 0.9790 0.1551
vn -0.1067 0.9789 0.1740
vn -0.0782 0.9789 0.1888
vn -0.0477 0.9788 0.1991
vn -0.0159 0.9788 0.2044
vn -0.5931 0.8038 0.0461
vn -0.5931 0.8038 0.0462
vn -0.5780 0.8042 0.1384
vn -0.5485 0.8047 0.2273
vn -0.5056 0.8051 0.3101
vn -0.4507 0.8053 0.3851
vn -0.3851 0.8053 0.4507
vn -0.3101 0.8051 0.5056
vn -0.2273 0.8047 0.5485
vn -0.2272 0.8047 0.5485
vn -0.1384 0.8042 0.5780
vn -0.0462 0.8038 0.5931
vn -0.0461 0.8038 0.5931
vn -0.9970 0.0043 0.0776
vn -0.9725 0.0042 0.2329
vn -0.9725 0.0043 0.2329
vn -0.9238 0.0042 0.3828
vn -0.8524 0.0042 0.5229
vn -0.8524 0.0041 0.5229
vn -0.7603 0.0041 0.6496
vn -0.6496 0.0041 0.7603
vn -0.5229 0.0042 0.8524
vn -0.5229 0.0041 0.8524
vn -0.3828 0.0042 0.9238
vn -0.2329 0.0043 0.9725
vn -0.2329 0.0042 0.9725
vn -0.0776 0.0043 0.9970
vn -0.8466 -0.5281 0.0659
vn -0.8255 -0.5287 0.1977
vn -0.8255 -0.5286 0.1978
vn -0.7838 -0.5294 0.3248
vn -0.7837 -0.5294 0.3248
vn -0.7838 -0.5293 0.3248
vn -0.7228 -0.5300 0.4434
vn -0.7228 -0.5299 0.4435
vn -0.6446 -0.5303 0.5508
vn -0.5508 -0.5303 0.6446
vn -0.5508 -0.5303 0.6445
vn -0.4434 -0.5300 0.7228
vn -0.4434 -0.5299 0.7229
vn -0.4435 -0.5300 0.7228
vn -0.3248 -0.5294 0.7838
vn -0.3248 -0.5294 0.7837
vn -0.1977 -0.5287 0.8255
vn -0.1977 -0.5286 0.8255
vn -0.0659 -0.5281 0.8466
vn -0.7474 -0.6618 0.0582
vn -0.7425 -0.6674 0.0578
vn -0.7286 -0.6623 0.1745
vn -0.7286 -0.6624 0.1745
vn -0.7286 -0.6624 0.1746
vn -0.7237 -0.6679 0.1735
vn -0.6915 -0.6630 0.2866
vn -0.6915 -0.6631 0.2866
vn -0.6868 -0.6686 0.2849
vn -0.6376 -0.6636 0.3913
vn -0.6376 -0.6637 0.3912
vn -0.6376 -0.6636 0.3912
vn -0.6333 -0.6692 0.3887
vn -0.5685 -0.6639 0.4858
vn -0.5685 -0.6640 0.4858
vn -0.5646 -0.6696 0.4826
vn -0.4858 -0.6639 0.5685
vn -0.4858 -0.6640 0.5685
vn -0.4826 -0.6695 0.5646
vn -0.3912 -0.6636 0.6377
vn -0.3912 -0.6636 0.6376
vn -0.3887 -0.6692 0.6333
vn -0.2866 -0.6630 0.6915
vn -0.2866 -0.6631 0.6915
vn -0.2850 -0.6686 0.6868
vn -0.1745 -0.6623 0.7286
vn -0.1746 -0.6624 0.7286
vn -0.1736 -0.6679 0.7237
vn -0.0581 -0.6617 0.7475
vn -0.0582 -0.6618 0.7474
vn -0.0578 -0.6673 0.7425
vn -0.7424 -0.6674 0.0579
vn -0.7237 -0.6680 0.1736
vn -0.6868 -0.6687 0.2849
vn -0.6868 -0.6687 0.2850
vn -0.6332 -0.6693 0.3887
vn -0.4825 -0.6696 0.5646
vn -0.4826 -0.6696 0.5646
vn -0.3887 -0.6693 0.6332
vn -0.2849 -0.6687 0.6868
vn -0.2850 -0.6687 0.6867
vn -0.1736 -0.6680 0.7236
vn -0.0579 -0.6674 0.7424
vn -0.8219 -0.5661 0.0642
vn -0.8218 -0.5661 0.0641
vn -0.8219 -0.5660 0.0643
vn -0.8011 -0.5667 0.1925
vn -0.8011 -0.5668 0.1922
vn -0.8011 -0.5667 0.1923
vn -0.8011 -0.5666 0.1926
vn -0.7604 -0.5675 0.3158
vn -0.7605 -0.5675 0.3156
vn -0.7604 -0.5675 0.3157
vn -0.7604 -0.5674 0.3159
vn -0.7012 -0.5681 0.4307
vn -0.7013 -0.5682 0.4305
vn -0.7013 -0.5682 0.4306
vn -0.7012 -0.5681 0.4308
vn -0.6253 -0.5685 0.5346
vn -0.6254 -0.5685 0.5345
vn -0.5345 -0.5685 0.6253
vn -0.5345 -0.5685 0.6254
vn -0.5346 -0.5685 0.6253
vn -0.4307 -0.5682 0.7012
vn -0.4305 -0.5681 0.7013
vn -0.4306 -0.5681 0.7013
vn -0.4308 -0.5682 0.7011
vn -0.3158 -0.5675 0.7604
vn -0.3156 -0.5674 0.7605
vn -0.3157 -0.5675 0.7605
vn -0.3159 -0.5676 0.7603
vn -0.1925 -0.5667 0.8011
vn -0.1922 -0.5666 0.8012
vn -0.1923 -0.5667 0.8012
vn -0.1926 -0.5668 0.8010
vn -0.0642 -0.5661 0.8218
vn -0.0641 -0.5660 0.8219
vn -0.0642 -0.5661 0.8219
vn -0.0643 -0.5661 0.8218
vn -0.9752 -0.2079 0.0764
vn -0.9752 -0.2080 0.0763
vn -0.9752 -0.2079 0.0765
vn -0.9509 -0.2084 0.2289
vn -0.9509 -0.2085 0.2286
vn -0.9509 -0.2085 0.2287
vn -0.9509 -0.2083 0.2290
vn -0.9029 -0.2090 0.3755
vn -0.9030 -0.2092 0.3752
vn -0.9030 -0.2091 0.3753
vn -0.9029 -0.2089 0.3757
vn -0.8330 -0.2096 0.5121
vn -0.8331 -0.2097 0.5119
vn -0.8330 -0.2096 0.5119
vn -0.8329 -0.2095 0.5122
vn -0.7431 -0.2099 0.6354
vn -0.7432 -0.2099 0.6353
vn -0.7431 -0.2099 0.6355
vn -0.6354 -0.2099 0.7431
vn -0.6353 -0.2099 0.7432
vn -0.6355 -0.2100 0.7430
vn -0.5121 -0.2096 0.8330
vn -0.5119 -0.2095 0.8331
vn -0.5120 -0.2096 0.8331
vn -0.5121 -0.2097 0.8329
vn -0.3755 -0.2091 0.9029
vn -0.3752 -0.2089 0.9031
vn -0.3756 -0.2091 0.9029
vn -0.3757 -0.2092 0.9028
vn -0.2289 -0.2085 0.9509
vn -0.2286 -0.2083 0.9510
vn -0.2287 -0.2084 0.9509
vn -0.2290 -0.2085 0.9508
vn -0.0764 -0.2080 0.9751
vn -0.0763 -0.2079 0.9752
vn -0.0765 -0.2080 0.9751
vn -0.8311 0.5523 0.0652
vn -0.8102 0.5527 0.1952
vn -0.8101 0.5527 0.1953
vn -0.7692 0.5531 0.3201
vn -0.7691 0.5532 0.3202
vn -0.7095 0.5534 0.4363
vn -0.7094 0.5535 0.4364
vn -0.6329 0.5536 0.5413
vn -0.5413 0.5536 0.6329
vn -0.4362 0.5535 0.7095
vn -0.4364 0.5534 0.7094
vn -0.3200 0.5532 0.7691
vn -0.3202 0.5531 0.7691
vn -0.1951 0.5527 0.8102
vn -0.1953 0.5527 0.8102
vn -0.0652 0.5523 0.8311
vn 0.0359 0.8889 0.4568
vn 0.0358 0.8889 0.4568
vn 0.1073 0.8891 0.4450
vn 0.1757 0.8893 0.4221
vn 0.1758 0.8893 0.4221
vn 0.2394 0.8895 0.3891
vn 0.2968 0.8896 0.3470
vn 0.3470 0.8896 0.2968
vn 0.3891 0.8895 0.2394
vn 0.4221 0.8893 0.1757
vn 0.4221 0.8893 0.1758
vn 0.4450 0.8891 0.1073
vn 0.4568 0.8889 0.0359
vn 0.0226 0.9574 0.2877
vn 0.0676 0.9575 0.2803
vn 0.1107 0.9576 0.2658
vn 0.1507 0.9577 0.2450
vn 0.1869 0.9578 0.2185
vn 0.2185 0.9578 0.1869
vn 0.2450 0.9577 0.1507
vn 0.2658 0.9576 0.1107
vn 0.2803 0.9575 0.0676
vn 0.2877 0.9574 0.0226
vn 0.0161 0.9786 0.2050
vn 0.0481 0.9787 0.1997
vn 0.0482 0.9787 0.1997
vn 0.0789 0.9787 0.1894
vn 0.1074 0.9788 0.1746
vn 0.1331 0.9788 0.1557
vn 0.1557 0.9788 0.1331
vn 0.1746 0.9788 0.1074
vn 0.1894 0.9787 0.0789
vn 0.1997 0.9787 0.0481
vn 0.1997 0.9787 0.0482
vn 0.2050 0.9786 0.0161
vn 0.0129 0.9863 0.1642
vn 0.0386 0.9864 0.1599
vn 0.0631 0.9864 0.1517
vn 0.0860 0.9864 0.1398
vn 0.1066 0.9865 0.1246
vn 0.1246 0.9865 0.1066
vn 0.1398 0.9864 0.0860
vn 0.1517 0.9864 0.0631
vn 0.1599 0.9864 0.0386
vn 0.1642 0.9863 0.0129
vn 0.0118 0.9888 0.1490
vn 0.0117 0.9888 0.1489
vn 0.0123 0.9878 0.1550
vn 0.0351 0.9888 0.1451
vn 0.0350 0.9888 0.1450
vn 0.0365 0.9879 0.1510
vn 0.0574 0.9888 0.1377
vn 0.0573 0.9888 0.1376
vn 0.0596 0.9879 0.1431
vn 0.0780 0.9888 0.1269
vn 0.0780 0.9889 0.1268
vn 0.0811 0.9879 0.1320
vn 0.0968 0.9888 0.1132
vn 0.0967 0.9889 0.1131
vn 0.1006 0.9879 0.1176
vn 0.1132 0.9889 0.0968
vn 0.1131 0.9889 0.0967
vn 0.1176 0.9879 0.1006
vn 0.1269 0.9888 0.0780
vn 0.1268 0.9889 0.0780
vn 0.1320 0.9879 0.0811
vn 0.1376 0.9888 0.0573
vn 0.1432 0.9879 0.0597
vn 0.1451 0.9888 0.0351
vn 0.1450 0.9888 0.0350
vn 0.1510 0.9879 0.0365
vn 0.1490 0.9888 0.0118
vn 0.1489 0.9888 0.0117
vn 0.1550 0.9878 0.0123
vn 0.0122 0.9879 0.1549
vn 0.0364 0.9879 0.1509
vn 0.0811 0.9879 0.1319
vn 0.1006 0.9880 0.1176
vn 0.1176 0.9880 0.1006
vn 0.1319 0.9879 0.0811
vn 0.1431 0.9879 0.0596
vn 0.1509 0.9879 0.0364
vn 0.1549 0.9879 0.0122
vn 0.0146 0.9824 0.1862
vn 0.0437 0.9824 0.1814
vn 0.0716 0.9825 0.1720
vn 0.0975 0.9825 0.1585
vn 0.1209 0.9825 0.1414
vn 0.1414 0.9825 0.1209
vn 0.1585 0.9825 0.0975
vn 0.1720 0.9825 0.0716
vn 0.1814 0.9824 0.0437
vn 0.1862 0.9824 0.0146
vn 0.0204 0.9653 0.2602
vn 0.0611 0.9654 0.2535
vn 0.1001 0.9655 0.2404
vn 0.1363 0.9656 0.2216
vn 0.1690 0.9656 0.1976
vn 0.1976 0.9656 0.1690
vn 0.2216 0.9656 0.1363
vn 0.2404 0.9655 0.1001
vn 0.2535 0.9654 0.0611
vn 0.2602 0.9653 0.0204
vn 0.2603 0.9653 0.0204
vn 0.0340 0.9005 0.4335
vn 0.1018 0.9007 0.4223
vn 0.1668 0.9009 0.4006
vn 0.2272 0.9011 0.3693
vn 0.2817 0.9012 0.3293
vn 0.3293 0.9012 0.2817
vn 0.3693 0.9011 0.2272
vn 0.4006 0.9009 0.1668
vn 0.4223 0.9007 0.1018
vn 0.4335 0.9005 0.0340
vn 0.0665 0.5273 0.8470
vn 0.0665 0.5273 0.8471
vn 0.1991 0.5278 0.8257
vn 0.3263 0.5283 0.7838
vn 0.3264 0.5283 0.7838
vn 0.4447 0.5287 0.7230
vn 0.5516 0.5289 0.6450
vn 0.6450 0.5289 0.5516
vn 0.7230 0.5287 0.4447
vn 0.7838 0.5283 0.3263
vn 0.8257 0.5278 0.1991
vn 0.8471 0.5273 0.0665
vn 0.4568 0.8889 -0.0359
vn 0.4450 0.8891 -0.1073
vn 0.4221 0.8893 -0.1757
vn 0.4221 0.8893 -0.1758
vn 0.3891 0.8895 -0.2394
vn 0.3470 0.8896 -0.2968
vn 0.2968 0.8896 -0.3470
vn 0.2394 0.8895 -0.3891
vn 0.1758 0.8893 -0.4221
vn 0.1757 0.8893 -0.4221
vn 0.1073 0.8891 -0.4450
vn 0.0359 0.8889 -0.4568
vn 0.2877 0.9574 -0.0226
vn 0.2803 0.9575 -0.0676
vn 0.2658 0.9576 -0.1107
vn 0.2450 0.9577 -0.1507
vn 0.2185 0.9578 -0.1869
vn 0.1869 0.9578 -0.2185
vn 0.1507 0.9577 -0.2450
vn 0.1107 0.9576 -0.2658
vn 0.0676 0.9575 -0.2803
vn 0.0226 0.9574 -0.2877
vn 0.2050 0.9786 -0.0161
vn 0.1997 0.9787 -0.0481
vn 0.1894 0.9787 -0.0789
vn 0.1746 0.9788 -0.1074
vn 0.1557 0.9788 -0.1331
vn 0.1331 0.9788 -0.1557
vn 0.1074 0.9788 -0.1746
vn 0.0789 0.9787 -0.1894
vn 0.0482 0.9787 -0.1997
vn 0.0481 0.9787 -0.1997
vn 0.0161 0.9786 -0.2050
vn 0.1642 0.9863 -0.0129
vn 0.1599 0.9864 -0.0386
vn 0.1517 0.9864 -0.0631
vn 0.1398 0.9864 -0.0860
vn 0.1246 0.9865 -0.1066
vn 0.1066 0.9865 -0.1246
vn 0.0860 0.9864 -0.1398
vn 0.0631 0.9864 -0.1517
vn 0.0386 0.9864 -0.1599
vn 0.0129 0.9863 -0.1642
vn 0.1490 0.9888 -0.0118
vn 0.1489 0.9888 -0.0117
vn 0.1550 0.9878 -0.0123
vn 0.1451 0.9888 -0.0351
vn 0.1450 0.9888 -0.0350
vn 0.1509 0.9879 -0.0365
vn 0.1377 0.9888 -0.0574
vn 0.1376 0.9888 -0.0573
vn 0.1431 0.9879 -0.0596
vn 0.1269 0.9888 -0.0780
vn 0.1268 0.9889 -0.0780
vn 0.1320 0.9879 -0.0811
vn 0.1132 0.9888 -0.0968
vn 0.1131 0.9889 -0.0967
vn 0.1177 0.9879 -0.1006
vn 0.0968 0.9889 -0.1132
vn 0.0967 0.9889 -0.1131
vn 0.1007 0.9879 -0.1177
vn 0.0780 0.9888 -0.1269
vn 0.0780 0.9889 -0.1268
vn 0.0811 0.9879 -0.1320
vn 0.0573 0.9888 -0.1376
vn 0.0596 0.9879 -0.1431
vn 0.0351 0.9888 -0.1451
vn 0.0350 0.9888 -0.1450
vn 0.0365 0.9879 -0.1510
vn 0.0118 0.9888 -0.1490
vn 0.0117 0.9888 -0.1489
vn 0.0123 0.9878 -0.1550
vn 0.1549 0.9879 -0.0122
vn 0.1509 0.9879 -0.0364
vn 0.1319 0.9879 -0.0811
vn 0.1176 0.9880 -0.1006
vn 0.1006 0.9880 -0.1176
vn 0.0811 0.9879 -0.1319
vn 0.0364 0.9879 -0.1509
vn 0.0122 0.9879 -0.1549
vn 0.1862 0.9824 -0.0146
vn 0.1814 0.9824 -0.0437
vn 0.1720 0.9825 -0.0716
vn 0.1585 0.9825 -0.0975
vn 0.1414 0.9825 -0.1209
vn 0.1209 0.9825 -0.1414
vn 0.0975 0.9825 -0.1585
vn 0.0716 0.9825 -0.1720
vn 0.0437 0.9824 -0.1814
vn 0.0146 0.9824 -0.1862
vn 0.2602 0.9653 -0.0204
vn 0.2603 0.9653 -0.0204
vn 0.2535 0.9654 -0.0611
vn 0.2404 0.9655 -0.1001
vn 0.2216 0.9656 -0.1363
vn 0.1976 0.9656 -0.1690
vn 0.1690 0.9656 -0.1976
vn 0.1363 0.9656 -0.2216
vn 0.1001 0.9655 -0.2404
vn 0.0611 0.9654 -0.2535
vn 0.0204 0.9653 -0.2602
vn 0.4335 0.9005 -0.0340
vn 0.4223 0.9007 -0.1018
vn 0.4006 0.9009 -0.1668
vn 0.3693 0.9011 -0.2272
vn 0.3293 0.9012 -0.2817
vn 0.2817 0.9012 -0.3293
vn 0.2272 0.9011 -0.3693
vn 0.1668 0.9009 -0.4006
vn 0.1018 0.9007 -0.4223
vn 0.0340 0.9005 -0.4335
vn 0.8471 0.5273 -0.0665
vn 0.8257 0.5278 -0.1991
vn 0.7838 0.5283 -0.3263
vn 0.7230 0.5287 -0.4447
vn 0.6450 0.5289 -0.5516
vn 0.5516 0.5289 -0.6450
vn 0.4447 0.5287 -0.7230
vn 0.3263 0.5283 -0.7838
vn 0.3264 0.5283 -0.7838
vn 0.1991 0.5278 -0.8257
vn 0.0665 0.5273 -0.8471
vn 0.0665 0.5273 -0.8470
vn -0.0359 0.8889 -0.4568
vn -0.0358 0.8889 -0.4568
vn -0.1073 0.8891 -0.4450
vn -0.1757 0.8893 -0.4221
vn -0.1758 0.8893 -0.4221
vn -0.2394 0.8895 -0.3891
vn -0.2968 0.8896 -0.3470
vn -0.3470 0.8896 -0.2968
vn -0.3891 0.8895 -0.2394
vn -0.4221 0.8893 -0.1757
vn -0.4221 0.8893 -0.1758
vn -0.4450 0.8891 -0.1073
vn -0.4568 0.8889 -0.0359
vn -0.0226 0.9574 -0.2877
vn -0.0676 0.9575 -0.2803
vn -0.1107 0.9576 -0.2658
vn -0.1507 0.9577 -0.2450
vn -0.1869 0.9578 -0.2185
vn -0.2185 0.9578 -0.1869
vn -0.2450 0.9577 -0.1507
vn -0.2658 0.9576 -0.1107
vn -0.2803 0.9575 -0.0676
vn -0.2877 0.9574 -0.0226
vn -0.0161 0.9786 -0.2050
vn -0.0481 0.9787 -0.1997
vn -0.0482 0.9787 -0.1997
vn -0.0789 0.9787 -0.1894
vn -0.1074 0.9788 -0.1746
vn -0.1331 0.9788 -0.1557
vn -0.1557 0.9788 -0.1331
vn -0.1746 0.9788 -0.1074
vn -0.1894 0.9787 -0.0789
vn -0.1997 0.9787 -0.0481
vn -0.1997 0.9787 -0.0482
vn -0.2050 0.9786 -0.0161
vn -0.0129 0.9863 -0.1642
vn -0.0386 0.9864 -0.1599
vn -0.0631 0.9864 -0.1517
vn -0.0860 0.9864 -0.1398
vn -0.1066 0.9865 -0.1246
vn -0.1246 0.9865 -0.1066
vn -0.1398 0.9864 -0.0860
vn -0.1517 0.9864 -0.0631
vn -0.1599 0.9864 -0.0386
vn -0.1642 0.9863 -0.0129
vn -0.0118 0.9888 -0.1490
vn -0.0117 0.9888 -0.1489
vn -0.0123 0.9878 -0.1550
vn -0.0351 0.9888 -0.1451
vn -0.0350 0.9888 -0.1450
vn -0.0365 0.9879 -0.1510
vn -0.0574 0.9888 -0.1377
vn -0.0573 0.9888 -0.1376
vn -0.0596 0.9879 -0.1431
vn -0.0780 0.9888 -0.1269
vn -0.0780 0.9889 -0.1268
vn -0.0811 0.9879 -0.1320
vn -0.0968 0.9888 -0.1132
vn -0.0967 0.9889 -0.1131
vn -0.1006 0.9879 -0.1176
vn -0.1132 0.9889 -0.0968
vn -0.1131 0.9889 -0.0967
vn -0.1176 0.9879 -0.1006
vn -0.1269 0.9888 -0.0780
vn -0.1268 0.9889 -0.0780
vn -0.1320 0.9879 -0.0811
vn -0.1376 0.9888 -0.0573
vn -0.1432 0.9879 -0.0597
vn -0.1451 0.9888 -0.0351
vn -0.1450 0.9888 -0.0350
vn -0.1510 0.9879 -0.0365
vn -0.1490 0.9888 -0.0118
vn -0.1489 0.9888 -0.0117
vn -0.1550 0.9878 -0.0123
vn -0.0122 0.9879 -0.1549
vn -0.0364 0.9879 -0.1509
vn -0.0811 0.9879 -0.1319
vn -0.1006 0.9880 -0.1176
vn -0.1176 0.9880 -0.1006
vn -0.1319 0.9879 -0.0811
vn -0.1431 0.9879 -0.0596
vn -0.1509 0.9879 -0.0364
vn -0.1549 0.9879 -0.0122
vn -0.0146 0.9824 -0.1862
vn -0.0437 0.9824 -0.1814
vn -0.0716 0.9825 -0.1720
vn -0.0975 0.9825 -0.1585
vn -0.1209 0.9825 -0.1414
vn -0.1414 0.9825 -0.1209
vn -0.1585 0.9825 -0.0975
vn -0.1720 0.9825 -0.0716
vn -0.1814 0.9824 -0.0437
vn -0.1862 0.9824 -0.0146
vn -0.0204 0.9653 -0.2602
vn -0.0611 0.9654 -0.2535
vn -0.1001 0.9655 -0.2404
vn -0.1363 0.9656 -0.2216
vn -0.1690 0.9656 -0.1976
vn -0.1976 0.9656 -0.1690
vn -0.2216 0.9656 -0.1363
vn -0.2404 0.9655 -0.1001
vn -0.2535 0.9654 -0.0611
vn -0.2602 0.9653 -0.0204
vn -0.2603 0.9653 -0.0204
vn -0.0340 0.9005 -0.4335
vn -0.1018 0.9007 -0.4223
vn -0.1668 0.9009 -0.4006
vn -0.2272 0.9011 -0.3693
vn -0.2817 0.9012 -0.3293
vn -0.3293 0.9012 -0.2817
vn -0.3693 0.9011 -0.2272
vn -0.4006 0.9009 -0.1668
vn -0.4223 0.9007 -0.1018
vn -0.4335 0.9005 -0.0340
vn -0.0665 0.5273 -0.8470
vn -0.0665 0.5273 -0.8471
vn -0.1991 0.5278 -0.8257
vn -0.3263 0.5283 -0.7838
vn -0.3264 0.5283 -0.7838
vn -0.4447 0.5287 -0.7230
vn -0.5516 0.5289 -0.6450
vn -0.6450 0.5289 -0.5516
vn -0.7230 0.5287 -0.4447
vn -0.7838 0.5283 -0.3263
vn -0.8257 0.5278 -0.1991
vn -0.8471 0.5273 -0.0665
vn -0.4568 0.8889 0.0359
vn -0.4450 0.8891 0.1073
vn -0.4221 0.8893 0.1757
vn -0.4221 0.8893 0.1758
vn -0.3891 0.8895 0.2394
vn -0.3470 0.8896 0.2968
vn -0.2968 0.8896 0.3470
vn -0.2394 0.8895 0.3891
vn -0.1758 0.8893 0.4221
vn -0.1757 0.8893 0.4221
vn -0.1073 0.8891 0.4450
vn -0.0359 0.8889 0.4568
vn -0.2877 0.9574 0.0226
vn -0.2803 0.9575 0.0676
vn -0.2658 0.9576 0.1107
vn -0.2450 0.9577 0.1507
vn -0.2185 0.9578 0.1869
vn -0.1869 0.9578 0.2185
vn -0.1507 0.9577 0.2450
vn -0.1107 0.9576 0.2658
vn -0.0676 0.9575 0.2803
vn -0.0226 0.9574 0.2877
vn -0.2050 0.9786 0.0161
vn -0.1997 0.9787 0.0481
vn -0.1894 0.9787 0.0789
vn -0.1746 0.9788 0.1074
vn -0.1557 0.9788 0.1331
vn -0.1331 0.9788 0.1557
vn -0.1074 0.9788 0.1746
vn -0.0789 0.9787 0.1894
vn -0.0482 0.9787 0.1997
vn -0.0481 0.9787 0.1997
vn -0.0161 0.9786 0.2050
vn -0.1642 0.9863 0.0129
vn -0.1599 0.9864 0.0386
vn -0.1517 0.9864 0.0631
vn -0.1398 0.9864 0.0860
vn -0.1246 0.9865 0.1066
vn -0.1066 0.9865 0.1246
vn -0.0860 0.9864 0.1398
vn -0.0631 0.9864 0.1517
vn -0.0386 0.9864 0.1599
vn -0.0129 0.9863 0.1642
vn -0.1490 0.9888 0.0118
vn -0.1489 0.9888 0.0117
vn -0.1550 0.9878 0.0123
vn -0.1451 0.9888 0.0351
vn -0.1450 0.9888 0.0350
vn -0.1509 0.9879 0.0365
vn -0.1377 0.9888 0.0574
vn -0.1376 0.9888 0.0573
vn -0.1431 0.9879 0.0596
vn -0.1269 0.9888 0.0780
vn -0.1268 0.9889 0.0780
vn -0.1320 0.9879 0.0811
vn -0.1132 0.9888 0.0968
vn -0.1131 0.9889 0.0967
vn -0.1177 0.9879 0.1006
vn -0.0968 0.9889 0.1132
vn -0.0967 0.9889 0.1131
vn -0.1007 0.9879 0.1177
vn -0.0780 0.9888 0.1269
vn -0.0780 0.9889 0.1268
vn -0.0811 0.9879 0.1320
vn -0.0573 0.9888 0.1376
vn -0.0596 0.9879 0.1431
vn -0.0351 0.9888 0.1451
vn -0.0350 0.9888 0.1450
vn -0.0365 0.9879 0.1510
vn -0.0118 0.9888 0.1490
vn -0.0117 0.9888 0.1489
vn -0.0123 0.9878 0.1550
vn -0.1549 0.9879 0.0122
vn -0.1509 0.9879 0.0364
vn -0.1319 0.9879 0.0811
vn -0.1176 0.9880 0.1006
vn -0.1006 0.9880 0.1176
vn -0.0811 0.9879 0.1319
vn -0.0364 0.9879 0.1509
vn -0.0122 0.9879 0.1549
vn -0.1862 0.9824 0.0146
vn -0.1814 0.9824 0.0437
vn -0.1720 0.9825 0.0716
vn -0.1585 0.9825 0.0975
vn -0.1414 0.9825 0.1209
vn -0.1209 0.9825 0.1414
vn -0.0975 0.9825 0.1585
vn -0.0716 0.9825 0.1720
vn -0.0437 0.9824 0.1814
vn -0.0146 0.9824 0.1862
vn -0.2602 0.9653 0.0204
vn -0.2603 0.9653 0.0204
vn -0.2535 0.9654 0.0611
vn -0.2404 0.9655 0.1001
vn -0.2216 0.9656 0.1363
vn -0.1976 0.9656 0.1690
vn -0.1690 0.9656 0.1976
vn -0.1363 0.9656 0.2216
vn -0.1001 0.9655 0.2404
vn -0.0611 0.9654 0.2535
vn -0.0204 0.9653 0.2602
vn -0.4335 0.9005 0.0340
vn -0.4223 0.9007 0.1018
vn -0.4006 0.9009 0.1668
vn -0.3693 0.9011 0.2272
vn -0.3293 0.9012 0.2817
vn -0.2817 0.9012 0.3293
vn -0.2272 0.9011 0.3693
vn -0.1668 0.9009 0.4006
vn -0.1018 0.9007 0.4223
vn -0.0340 0.9005 0.4335
vn -0.8471 0.5273 0.0665
vn -0.8257 0.5278 0.1991
vn -0.7838 0.5283 0.3263
vn -0.7230 0.5287 0.4447
vn -0.6450 0.5289 0.5516
vn -0.5516 0.5289 0.6450
vn -0.4447 0.5287 0.7230
vn -0.3263 0.5283 0.7838
vn -0.3264 0.5283 0.7838
vn -0.1991 0.5278 0.8257
vn -0.0665 0.5273 0.8471
vn -0.0665 0.5273 0.8470
vn -0.0017 -1.0000 0.0053
vn -0.0004 -1.0000 0.0056
vn -0.0009 -1.0000 0.0055
vn -0.0093 -0.9998 0.0154
vn -0.0026 -1.0000 0.0055
vn -0.0036 -1.0000 0.0043
vn -0.0129 -0.9998 0.0152
vn -0.0033 -1.0000 0.0051
vn -0.0043 -1.0000 0.0036
vn -0.0152 -0.9998 0.0129
vn -0.0051 -1.0000 0.0033
vn -0.0053 -1.0000 0.0017
vn -0.0048 -1.0000 0.0029
vn -0.0050 -1.0000 0.0025
vn -0.0055 -1.0000 0.0009
vn -0.0056 -1.0000 0.0004
vn -0.0016 -0.9998 0.0198
vn -0.0047 -0.9998 0.0192
vn -0.0076 -0.9998 0.0183
vn -0.0046 -0.9998 0.0192
vn -0.0103 -0.9998 0.0168
vn -0.0128 -0.9998 0.0150
vn -0.0150 -0.9998 0.0128
vn -0.0168 -0.9998 0.0103
vn -0.0183 -0.9998 0.0077
vn -0.0183 -0.9998 0.0076
vn -0.0192 -0.9998 0.0045
vn -0.0198 -0.9998 0.0016
vn -0.0192 -0.9998 0.0046
vn -0.0031 -0.9992 0.0394
vn -0.0093 -0.9992 0.0385
vn -0.0093 -0.9992 0.0384
vn -0.0151 -0.9992 0.0365
vn -0.0151 -0.9992 0.0363
vn -0.0206 -0.9992 0.0335
vn -0.0256 -0.9992 0.0299
vn -0.0299 -0.9992 0.0256
vn -0.0335 -0.9992 0.0206
vn -0.0334 -0.9992 0.0206
vn -0.0363 -0.9992 0.0151
vn -0.0365 -0.9992 0.0151
vn -0.0384 -0.9992 0.0093
vn -0.0385 -0.9992 0.0093
vn -0.0395 -0.9992 0.0031
vn -0.0394 -0.9992 0.0031
vn -0.0053 -0.9977 0.0677
vn -0.0159 -0.9977 0.0660
vn -0.0160 -0.9977 0.0660
vn -0.0260 -0.9977 0.0625
vn -0.0260 -0.9977 0.0624
vn -0.0354 -0.9977 0.0576
vn -0.0355 -0.9977 0.0576
vn -0.0439 -0.9977 0.0514
vn -0.0441 -0.9977 0.0514
vn -0.0514 -0.9977 0.0441
vn -0.0514 -0.9977 0.0440
vn -0.0576 -0.9977 0.0355
vn -0.0575 -0.9977 0.0355
vn -0.0624 -0.9977 0.0259
vn -0.0625 -0.9977 0.0260
vn -0.0660 -0.9977 0.0159
vn -0.0660 -0.9977 0.0160
vn -0.0677 -0.9977 0.0053
vn -0.0087 -0.9938 0.1107
vn -0.0260 -0.9938 0.1078
vn -0.0426 -0.9939 0.1022
vn -0.0580 -0.9939 0.0942
vn -0.0719 -0.9939 0.0840
vn -0.0840 -0.9939 0.0719
vn -0.0942 -0.9939 0.0580
vn -0.1022 -0.9939 0.0426
vn -0.1078 -0.9938 0.0260
vn -0.1107 -0.9938 0.0087
vn -0.0141 -0.9836 0.1799
vn -0.0422 -0.9836 0.1752
vn -0.0692 -0.9837 0.1662
vn -0.0942 -0.9837 0.1531
vn -0.1168 -0.9837 0.1366
vn -0.1366 -0.9837 0.1168
vn -0.1531 -0.9837 0.0942
vn -0.1662 -0.9837 0.0692
vn -0.1752 -0.9836 0.0422
vn -0.1799 -0.9836 0.0141
vn -0.0235 -0.9540 0.2990
vn -0.0702 -0.9541 0.2913
vn -0.1150 -0.9542 0.2763
vn -0.1567 -0.9543 0.2547
vn -0.1942 -0.9543 0.2271
vn -0.2271 -0.9543 0.1942
vn -0.2547 -0.9543 0.1567
vn -0.2763 -0.9542 0.1150
vn -0.2913 -0.9541 0.0702
vn -0.2990 -0.9540 0.0235
vn -0.0401 -0.8590 0.5103
vn -0.1199 -0.8593 0.4972
vn -0.1964 -0.8596 0.4717
vn -0.2675 -0.8598 0.4349
vn -0.3317 -0.8600 0.3878
vn -0.3317 -0.8600 0.3879
vn -0.3878 -0.8600 0.3317
vn -0.3879 -0.8600 0.3317
vn -0.4349 -0.8598 0.2675
vn -0.4717 -0.8596 0.1964
vn -0.4972 -0.8593 0.1199
vn -0.5103 -0.8590 0.0401
vn -0.0638 -0.5795 0.8125
vn -0.1909 -0.5800 0.7920
vn -0.1909 -0.5800 0.7919
vn -0.3130 -0.5805 0.7517
vn -0.4265 -0.5809 0.6933
vn -0.5290 -0.5811 0.6185
vn -0.6185 -0.5811 0.5290
vn -0.6933 -0.5809 0.4265
vn -0.7517 -0.5805 0.3130
vn -0.7919 -0.5800 0.1909
vn -0.7920 -0.5800 0.1909
vn -0.8125 -0.5795 0.0638
vn -0.0773 -0.1548 0.9849
vn -0.2315 -0.1550 0.9604
vn -0.3797 -0.1552 0.9120
vn -0.5176 -0.1554 0.8414
vn -0.6421 -0.1555 0.7507
vn -0.7507 -0.1555 0.6421
vn -0.8414 -0.1554 0.5176
vn -0.9120 -0.1552 0.3797
vn -0.9604 -0.1550 0.2315
vn -0.9849 -0.1548 0.0773
vn -0.0053 -1.0000 -0.0017
vn -0.0056 -1.0000 -0.0004
vn -0.0055 -1.0000 -0.0009
vn -0.0154 -0.9998 -0.0093
vn -0.0055 -1.0000 -0.0026
vn -0.0043 -1.0000 -0.0036
vn -0.0152 -0.9998 -0.0129
vn -0.0051 -1.0000 -0.0033
vn -0.0021 -1.0000 -0.0051
vn -0.0036 -1.0000 -0.0043
vn -0.0033 -1.0000 -0.0045
vn -0.0025 -1.0000 -0.0050
vn -0.0017 -1.0000 -0.0053
vn -0.0009 -1.0000 -0.0055
vn -0.0004 -1.0000 -0.0056
vn -0.0198 -0.9998 -0.0016
vn -0.0192 -0.9998 -0.0047
vn -0.0183 -0.9998 -0.0076
vn -0.0192 -0.9998 -0.0046
vn -0.0168 -0.9998 -0.0103
vn -0.0150 -0.9998 -0.0128
vn -0.0128 -0.9998 -0.0149
vn -0.0104 -0.9998 -0.0167
vn -0.0128 -0.9998 -0.0150
vn -0.0103 -0.9998 -0.0168
vn -0.0077 -0.9998 -0.0183
vn -0.0076 -0.9998 -0.0183
vn -0.0046 -0.9998 -0.0192
vn -0.0016 -0.9998 -0.0198
vn -0.0394 -0.9992 -0.0031
vn -0.0385 -0.9992 -0.0093
vn -0.0384 -0.9992 -0.0093
vn -0.0365 -0.9992 -0.0151
vn -0.0363 -0.9992 -0.0151
vn -0.0335 -0.9992 -0.0206
vn -0.0299 -0.9992 -0.0256
vn -0.0256 -0.9992 -0.0299
vn -0.0206 -0.9992 -0.0335
vn -0.0206 -0.9992 -0.0334
vn -0.0151 -0.9992 -0.0363
vn -0.0151 -0.9992 -0.0365
vn -0.0093 -0.9992 -0.0384
vn -0.0093 -0.9992 -0.0385
vn -0.0031 -0.9992 -0.0395
vn -0.0031 -0.9992 -0.0394
vn -0.0677 -0.9977 -0.0053
vn -0.0660 -0.9977 -0.0159
vn -0.0660 -0.9977 -0.0160
vn -0.0625 -0.9977 -0.0260
vn -0.0624 -0.9977 -0.0260
vn -0.0576 -0.9977 -0.0354
vn -0.0576 -0.9977 -0.0355
vn -0.0514 -0.9977 -0.0439
vn -0.0514 -0.9977 -0.0441
vn -0.0441 -0.9977 -0.0514
vn -0.0440 -0.9977 -0.0514
vn -0.0355 -0.9977 -0.0576
vn -0.0355 -0.9977 -0.0575
vn -0.0259 -0.9977 -0.0624
vn -0.0260 -0.9977 -0.0625
vn -0.0159 -0.9977 -0.0660
vn -0.0160 -0.9977 -0.0660
vn -0.0053 -0.9977 -0.0677
vn -0.1107 -0.9938 -0.0087
vn -0.1078 -0.9938 -0.0260
vn -0.1022 -0.9939 -0.0426
vn -0.0942 -0.9939 -0.0580
vn -0.0840 -0.9939 -0.0719
vn -0.0719 -0.9939 -0.0840
vn -0.0580 -0.9939 -0.0942
vn -0.0426 -0.9939 -0.1022
vn -0.0260 -0.9938 -0.1078
vn -0.0087 -0.9938 -0.1107
vn -0.1799 -0.9836 -0.0141
vn -0.1752 -0.9836 -0.0422
vn -0.1662 -0.9837 -0.0692
vn -0.1531 -0.9837 -0.0942
vn -0.1366 -0.9837 -0.1168
vn -0.1168 -0.9837 -0.1366
vn -0.0942 -0.9837 -0.1531
vn -0.0692 -0.9837 -0.1662
vn -0.0422 -0.9836 -0.1752
vn -0.0141 -0.9836 -0.1799
vn -0.2990 -0.9540 -0.0235
vn -0.2913 -0.9541 -0.0702
vn -0.2763 -0.9542 -0.1150
vn -0.2547 -0.9543 -0.1567
vn -0.2271 -0.9543 -0.1942
vn -0.1942 -0.9543 -0.2271
vn -0.1567 -0.9543 -0.2547
vn -0.1150 -0.9542 -0.2763
vn -0.0702 -0.9541 -0.2913
vn -0.0235 -0.9540 -0.2990
vn -0.5103 -0.8590 -0.0401
vn -0.4972 -0.8593 -0.1199
vn -0.4717 -0.8596 -0.1964
vn -0.4349 -0.8598 -0.2675
vn -0.3878 -0.8600 -0.3317
vn -0.3317 -0.8600 -0.3878
vn -0.2675 -0.8598 -0.4349
vn -0.1964 -0.8596 -0.4717
vn -0.1199 -0.8593 -0.4972
vn -0.0401 -0.8590 -0.5103
vn -0.8125 -0.5795 -0.0638
vn -0.7920 -0.5800 -0.1909
vn -0.7919 -0.5800 -0.1909
vn -0.7517 -0.5805 -0.3130
vn -0.6933 -0.5809 -0.4265
vn -0.6185 -0.5811 -0.5290
vn -0.5290 -0.5811 -0.6185
vn -0.4265 -0.5809 -0.6933
vn -0.3130 -0.5805 -0.7517
vn -0.1909 -0.5800 -0.7919
vn -0.1909 -0.5800 -0.7920
vn -0.0638 -0.5795 -0.8125
vn -0.9849 -0.1548 -0.0773
vn -0.9604 -0.1550 -0.2315
vn -0.9120 -0.1552 -0.3797
vn -0.8414 -0.1554 -0.5176
vn -0.7507 -0.1555 -0.6421
vn -0.6421 -0.1555 -0.7507
vn -0.5176 -0.1554 -0.8414
vn -0.3797 -0.1552 -0.9120
vn -0.2315 -0.1550 -0.9604
vn -0.0773 -0.1548 -0.9849
vn 0.0017 -1.0000 -0.0053
vn 0.0004 -1.0000 -0.0056
vn 0.0009 -1.0000 -0.0055
vn 0.0093 -0.9998 -0.0154
vn 0.0026 -1.0000 -0.0055
vn 0.0036 -1.0000 -0.0043
vn 0.0129 -0.9998 -0.0152
vn 0.0033 -1.0000 -0.0051
vn 0.0043 -1.0000 -0.0036
vn 0.0152 -0.9998 -0.0129
vn 0.0051 -1.0000 -0.0033
vn 0.0053 -1.0000 -0.0017
vn 0.0048 -1.0000 -0.0029
vn 0.0050 -1.0000 -0.0025
vn 0.0055 -1.0000 -0.0009
vn 0.0056 -1.0000 -0.0004
vn 0.0016 -0.9998 -0.0198
vn 0.0047 -0.9998 -0.0192
vn 0.0076 -0.9998 -0.0183
vn 0.0046 -0.9998 -0.0192
vn 0.0103 -0.9998 -0.0168
vn 0.0128 -0.9998 -0.0150
vn 0.0150 -0.9998 -0.0128
vn 0.0168 -0.9998 -0.0103
vn 0.0183 -0.9998 -0.0077
vn 0.0183 -0.9998 -0.0076
vn 0.0192 -0.9998 -0.0045
vn 0.0198 -0.9998 -0.0016
vn 0.0192 -0.9998 -0.0046
vn 0.0031 -0.9992 -0.0394
vn 0.0093 -0.9992 -0.0385
vn 0.0093 -0.9992 -0.0384
vn 0.0151 -0.9992 -0.0365
vn 0.0151 -0.9992 -0.0363
vn 0.0206 -0.9992 -0.0335
vn 0.0256 -0.9992 -0.0299
vn 0.0299 -0.9992 -0.0256
vn 0.0335 -0.9992 -0.0206
vn 0.0334 -0.9992 -0.0206
vn 0.0363 -0.9992 -0.0151
vn 0.0365 -0.9992 -0.0151
vn 0.0384 -0.9992 -0.0093
vn 0.0385 -0.9992 -0.0093
vn 0.0395 -0.9992 -0.0031
vn 0.0394 -0.9992 -0.0031
vn 0.0053 -0.9977 -0.0677
vn 0.0159 -0.9977 -0.0660
vn 0.0160 -0.9977 -0.0660
vn 0.0260 -0.9977 -0.0625
vn 0.0260 -0.9977 -0.0624
vn 0.0354 -0.9977 -0.0576
vn 0.0355 -0.9977 -0.0576
vn 0.0439 -0.9977 -0.0514
vn 0.0441 -0.9977 -0.0514
vn 0.0514 -0.9977 -0.0441
vn 0.0514 -0.9977 -0.0440
vn 0.0576 -0.9977 -0.0355
vn 0.0575 -0.9977 -0.0355
vn 0.0624 -0.9977 -0.0259
vn 0.0625 -0.9977 -0.0260
vn 0.0660 -0.9977 -0.0159
vn 0.0660 -0.9977 -0.0160
vn 0.0677 -0.9977 -0.0053
vn 0.0087 -0.9938 -0.1107
vn 0.0260 -0.9938 -0.1078
vn 0.0426 -0.9939 -0.1022
vn 0.0580 -0.9939 -0.0942
vn 0.0719 -0.9939 -0.0840
vn 0.0840 -0.9939 -0.0719
vn 0.0942 -0.9939 -0.0580
vn 0.1022 -0.9939 -0.0426
vn 0.1078 -0.9938 -0.0260
vn 0.1107 -0.9938 -0.0087
vn 0.0141 -0.9836 -0.1799
vn 0.0422 -0.9836 -0.1752
vn 0.0692 -0.9837 -0.1662
vn 0.0942 -0.9837 -0.1531
vn 0.1168 -0.9837 -0.1366
vn 0.1366 -0.9837 -0.1168
vn 0.1531 -0.9837 -0.0942
vn 0.1662 -0.9837 -0.0692
vn 0.1752 -0.9836 -0.0422
vn 0.1799 -0.9836 -0.0141
vn 0.0235 -0.9540 -0.2990
vn 0.0702 -0.9541 -0.2913
vn 0.1150 -0.9542 -0.2763
vn 0.1567 -0.9543 -0.2547
vn 0.1942 -0.9543 -0.2271
vn 0.2271 -0.9543 -0.1942
vn 0.2547 -0.9543 -0.1567
vn 0.2763 -0.9542 -0.1150
vn 0.2913 -0.9541 -0.0702
vn 0.2990 -0.9540 -0.0235
vn 0.0401 -0.8590 -0.5103
vn 0.1199 -0.8593 -0.4972
vn 0.1964 -0.8596 -0.4717
vn 0.2675 -0.8598 -0.4349
vn 0.3317 -0.8600 -0.3878
vn 0.3317 -0.8600 -0.3879
vn 0.3878 -0.8600 -0.3317
vn 0.3879 -0.8600 -0.3317
vn 0.4349 -0.8598 -0.2675
vn 0.4717 -0.8596 -0.1964
vn 0.4972 -0.8593 -0.1199
vn 0.5103 -0.8590 -0.0401
vn 0.0638 -0.5795 -0.8125
vn 0.1909 -0.5800 -0.7920
vn 0.1909 -0.5800 -0.7919
vn 0.3130 -0.5805 -0.7517
vn 0.4265 -0.5809 -0.6933
vn 0.5290 -0.5811 -0.6185
vn 0.6185 -0.5811 -0.5290
vn 0.6933 -0.5809 -0.4265
vn 0.7517 -0.5805 -0.3130
vn 0.7919 -0.5800 -0.1909
vn 0.7920 -0.5800 -0.1909
vn 0.8125 -0.5795 -0.0638
vn 0.0773 -0.1548 -0.9849
vn 0.2315 -0.1550 -0.9604
vn 0.3797 -0.1552 -0.9120
vn 0.5176 -0.1554 -0.8414
vn 0.6421 -0.1555 -0.7507
vn 0.7507 -0.1555 -0.6421
vn 0.8414 -0.1554 -0.5176
vn 0.9120 -0.1552 -0.3797
vn 0.9604 -0.1550 -0.2315
vn 0.9849 -0.1548 -0.0773
vn 0.0053 -1.0000 0.0017
vn 0.0056 -1.0000 0.0004
vn 0.0055 -1.0000 0.0009
vn 0.0154 -0.9998 0.0093
vn 0.0055 -1.0000 0.0026
vn 0.0043 -1.0000 0.0036
vn 0.0152 -0.9998 0.0129
vn 0.0051 -1.0000 0.0033
vn 0.0036 -1.0000 0.0043
vn 0.0129 -0.9998 0.0152
vn 0.0033 -1.0000 0.0051
vn 0.0017 -1.0000 0.0053
vn 0.0029 -1.0000 0.0048
vn 0.0025 -1.0000 0.0050
vn 0.0009 -1.0000 0.0055
vn 0.0004 -1.0000 0.0056
vn 0.0198 -0.9998 0.0016
vn 0.0192 -0.9998 0.0047
vn 0.0183 -0.9998 0.0076
vn 0.0192 -0.9998 0.0046
vn 0.0168 -0.9998 0.0103
vn 0.0150 -0.9998 0.0128
vn 0.0128 -0.9998 0.0150
vn 0.0103 -0.9998 0.0168
vn 0.0077 -0.9998 0.0183
vn 0.0076 -0.9998 0.0183
vn 0.0046 -0.9998 0.0192
vn 0.0016 -0.9998 0.0198
vn 0.0394 -0.9992 0.0031
vn 0.0385 -0.9992 0.0093
vn 0.0384 -0.9992 0.0093
vn 0.0365 -0.9992 0.0151
vn 0.0363 -0.9992 0.0151
vn 0.0335 -0.9992 0.0206
vn 0.0299 -0.9992 0.0256
vn 0.0256 -0.9992 0.0299
vn 0.0206 -0.9992 0.0335
vn 0.0206 -0.9992 0.0334
vn 0.0151 -0.9992 0.0363
vn 0.0151 -0.9992 0.0365
vn 0.0093 -0.9992 0.0384
vn 0.0093 -0.9992 0.0385
vn 0.0031 -0.9992 0.0395
vn 0.0031 -0.9992 0.0394
vn 0.0677 -0.9977 0.0053
vn 0.0660 -0.9977 0.0159
vn 0.0660 -0.9977 0.0160
vn 0.0625 -0.9977 0.0260
vn 0.0624 -0.9977 0.0260
vn 0.0576 -0.9977 0.0354
vn 0.0576 -0.9977 0.0355
vn 0.0514 -0.9977 0.0439
vn 0.0514 -0.9977 0.0441
vn 0.0441 -0.9977 0.0514
vn 0.0440 -0.9977 0.0514
vn 0.0355 -0.9977 0.0576
vn 0.0355 -0.9977 0.0575
vn 0.0259 -0.9977 0.0624
vn 0.0260 -0.9977 0.0625
vn 0.0159 -0.9977 0.0660
vn 0.0160 -0.9977 0.0660
vn 0.0053 -0.9977 0.0677
vn 0.1107 -0.9938 0.0087
vn 0.1078 -0.9938 0.0260
vn 0.1022 -0.9939 0.0426
vn 0.0942 -0.9939 0.0580
vn 0.0840 -0.9939 0.0719
vn 0.0719 -0.9939 0.0840
vn 0.0580 -0.9939 0.0942
vn 0.0426 -0.9939 0.1022
vn 0.0260 -0.9938 0.1078
vn 0.0087 -0.9938 0.1107
vn 0.1799 -0.9836 0.0141
vn 0.1752 -0.9836 0.0422
vn 0.1662 -0.9837 0.0692
vn 0.1531 -0.9837 0.0942
vn 0.1366 -0.9837 0.1168
vn 0.1168 -0.9837 0.1366
vn 0.0942 -0.9837 0.1531
vn 0.0692 -0.9837 0.1662
vn 0.0422 -0.9836 0.1752
vn 0.0141 -0.9836 0.1799
vn 0.2990 -0.9540 0.0235
vn 0.2913 -0.9541 0.0702
vn 0.2763 -0.9542 0.1150
vn 0.2547 -0.9543 0.1567
vn 0.2271 -0.9543 0.1942
vn 0.1942 -0.9543 0.2271
vn 0.1567 -0.9543 0.2547
vn 0.1150 -0.9542 0.2763
vn 0.0702 -0.9541 0.2913
vn 0.0235 -0.9540 0.2990
vn 0.5103 -0.8590 0.0401
vn 0.4972 -0.8593 0.1199
vn 0.4717 -0.8596 0.1964
vn 0.4349 -0.8598 0.2675
vn 0.3878 -0.8600 0.3317
vn 0.3317 -0.8600 0.3878
vn 0.2675 -0.8598 0.4349
vn 0.1964 -0.8596 0.4717
vn 0.1199 -0.8593 0.4972
vn 0.0401 -0.8590 0.5103
vn 0.8125 -0.5795 0.0638
vn 0.7920 -0.5800 0.1909
vn 0.7919 -0.5800 0.1909
vn 0.7517 -0.5805 0.3130
vn 0.6933 -0.5809 0.4265
vn 0.6185 -0.5811 0.5290
vn 0.5290 -0.5811 0.6185
vn 0.4265 -0.5809 0.6933
vn 0.3130 -0.5805 0.7517
vn 0.1909 -0.5800 0.7919
vn 0.1909 -0.5800 0.7920
vn 0.0638 -0.5795 0.8125
vn 0.9849 -0.1548 0.0773
vn 0.9604 -0.1550 0.2315
vn 0.9120 -0.1552 0.3797
vn 0.8414 -0.1554 0.5176
vn 0.7507 -0.1555 0.6421
vn 0.6421 -0.1555 0.7507
vn 0.5176 -0.1554 0.8414
vn 0.3797 -0.1552 0.9120
vn 0.2315 -0.1550 0.9604
vn 0.0773 -0.1548 0.9849
s 1
f 2909//1 2921//1 2939//1
f 2939//1 2931//1 2909//1
f 2869//2 2877//2 2921//2
f 2921//2 2909//2 2869//2
f 2819//3 2827//3 2877//3
f 2877//3 2869//3 2819//3
f 2737//4 2747//4 2827//4
f 2827//4 2819//4 2737//4
f 2669//5 2673//5 2747//5
f 2747//5 2737//5 2669//5
f 2567//6 2575//6 2673//6
f 2673//6 2669//6 2567//6
f 2476//7 2480//7 2575//7
f 2575//7 2567//7 2476//7
f 2358//8 2362//8 2480//8
f 2480//9 2476//9 2358//9
f 2158//10 2162//10 2362//10
f 2362//10 2358//10 2158//10
f 1715//11 1812//11 2162//11
f 2162//11 2158//11 1715//11
f 2901//12 2909//12 2931//12
f 2931//12 2917//12 2901//12
f 2863//13 2869//13 2909//13
f 2909//13 2901//13 2863//13
f 2813//14 2819//14 2869//15
f 2869//15 2863//15 2813//14
f 2729//16 2737//16 2819//17
f 2819//17 2813//17 2729//16
f 2663//18 2669//18 2737//18
f 2737//18 2729//18 2663//18
f 2561//19 2567//19 2669//19
f 2669//19 2663//19 2561//19
f 2468//20 2476//20 2567//21
f 2567//21 2561//21 2468//20
f 2350//22 2358//22 2476//23
f 2476//23 2468//23 2350//22
f 2152//24 2158//24 2358//24
f 2358//24 2350//24 2152//24
f 1717//25 1715//25 2158//25
f 2158//25 2152//25 1717//25
f 2903//26 2901//27 2917//26
f 2917//26 2923//26 2903//26
f 2865//28 2863//28 2901//29
f 2901//29 2903//29 2865//28
f 2815//30 2813//30 2863//31
f 2863//31 2865//31 2815//30
f 2733//32 2729//32 2813//33
f 2813//33 2815//33 2733//32
f 2665//34 2663//34 2729//34
f 2729//34 2733//34 2665//34
f 2564//35 2561//35 2663//35
f 2663//35 2665//35 2564//35
f 2473//36 2468//36 2561//36
f 2561//36 2564//36 2473//36
f 2354//37 2350//37 2468//38
f 2468//38 2473//38 2354//37
f 2155//39 2152//39 2350//39
f 2350//39 2354//39 2155//39
f 1927//40 1717//40 2152//40
f 2152//40 2155//40 1927//40
f 2911//41 2903//41 2923//42
f 2923//42 2935//43 2911//41
f 2875//44 2865//44 2903//44
f 2903//44 2911//44 2875//44
f 2823//45 2815//45 2865//45
f 2865//45 2875//45 2823//45
f 2741//46 2733//46 2815//46
f 2815//46 2823//46 2741//46
f 2671//47 2665//47 2733//48
f 2733//48 2741//48 2671//47
f 2571//49 2564//49 2665//50
f 2665//50 2671//50 2571//49
f 2478//51 2473//51 2564//51
f 2564//51 2571//51 2478//51
f 2360//52 2354//52 2473//52
f 2473//52 2478//52 2360//52
f 2160//53 2155//53 2354//53
f 2354//53 2360//53 2160//53
f 1718//54 1927//54 2155//55
f 2155//55 2160//55 1718//54
f 2929//56 2911//56 2935//56
f 2935//56 2947//56 2929//56
f 2881//57 2875//57 2911//57
f 2911//57 2929//57 2881//57
f 2829//58 2823//58 2875//58
f 2875//58 2881//58 2829//58
f 2751//59 2741//59 2823//60
f 2823//60 2829//60 2751//59
f 2677//61 2671//61 2741//62
f 2741//62 2751//62 2677//61
f 2577//63 2571//63 2671//64
f 2671//64 2677//64 2577//63
f 2482//65 2478//65 2571//65
f 2571//65 2577//65 2482//65
f 2364//66 2360//66 2478//66
f 2478//66 2482//66 2364//66
f 2164//67 2160//67 2360//68
f 2360//68 2364//68 2164//67
f 1842//69 1718//69 2160//69
f 2160//69 2164//69 1842//69
f 2945//70 2929//70 2947//70
f 2947//70 2959//70 2945//70
f 2897//71 2881//71 2929//71
f 2929//71 2945//71 2897//71
f 2835//72 2829//72 2881//72
f 2881//72 2897//72 2835//72
f 2761//73 2751//74 2829//73
f 2829//73 2835//73 2761//73
f 2679//75 2677//75 2751//75
f 2751//75 2761//75 2679//75
f 2579//76 2577//76 2677//76
f 2677//76 2679//76 2579//76
f 2486//77 2482//77 2577//77
f 2577//77 2579//77 2486//77
f 2368//78 2364//78 2482//78
f 2482//78 2486//78 2368//78
f 2172//79 2164//79 2364//79
f 2364//79 2368//79 2172//79
f 1725//80 1842//80 2164//80
f 2164//80 2172//80 1725//80
f 2965//81 2945//81 2959//81
f 2959//81 2981//81 2965//81
f 2907//82 2897//82 2945//82
f 2945//82 2965//82 2907//82
f 2845//83 2835//83 2897//83
f 2897//83 2907//83 2845//83
f 2769//84 2761//84 2835//84
f 2835//84 2845//84 2769//84
f 2685//85 2679//85 2761//86
f 2761//86 2769//86 2685//85
f 2587//87 2579//87 2679//87
f 2679//87 2685//87 2587//87
f 2491//88 2486//88 2579//89
f 2579//89 2587//89 2491//88
f 2370//90 2368//90 2486//90
f 2486//90 2491//90 2370//90
f 2174//91 2172//91 2368//92
f 2368//92 2370//92 2174//91
f 1834//93 1725//93 2172//93
f 2172//93 2174//93 1834//93
f 2982//94 2965//94 2981//94
f 2981//94 2988//94 2982//94
f 2933//95 2907//95 2965//96
f 2965//96 2982//96 2933//95
f 2855//97 2845//97 2907//97
f 2907//97 2933//97 2855//97
f 2779//98 2769//98 2845//98
f 2845//98 2855//98 2779//98
f 2691//99 2685//99 2769//99
f 2769//99 2779//99 2691//99
f 2595//100 2587//100 2685//100
f 2685//100 2691//100 2595//100
f 2500//101 2491//101 2587//101
f 2587//101 2595//101 2500//101
f 2374//102 2370//102 2491//102
f 2491//102 2500//102 2374//102
f 2178//103 2174//103 2370//103
f 2370//103 2374//104 2178//103
f 1716//105 1834//105 2174//105
f 2174//105 2178//105 1716//105
f 2990//106 2982//106 2988//106
f 2988//106 3002//106 2990//106
f 2949//107 2933//107 2982//108
f 2982//108 2990//108 2949//107
f 2871//109 2855//109 2933//110
f 2933//110 2949//110 2871//109
f 2791//111 2779//111 2855//111
f 2855//111 2871//111 2791//111
f 2699//112 2691//112 2779//112
f 2779//112 2791//112 2699//112
f 2601//113 2595//113 2691//113
f 2691//113 2699//113 2601//113
f 2506//114 2500//114 2595//114
f 2595//114 2601//114 2506//114
f 2378//115 2374//115 2500//116
f 2500//116 2506//116 2378//115
f 2180//117 2178//117 2374//117
f 2374//117 2378//117 2180//117
f 1714//118 1716//118 2178//118
f 2178//118 2180//118 1714//118
f 3008//119 2990//119 3002//119
f 3002//119 3024//119 3008//119
f 2973//120 2949//120 2990//120
f 2990//120 3008//120 2973//120
f 2889//121 2871//121 2949//121
f 2949//121 2973//121 2889//121
f 2805//122 2791//122 2871//122
f 2871//122 2889//122 2805//122
f 2711//123 2699//123 2791//123
f 2791//123 2805//123 2711//123
f 2611//124 2601//124 2699//124
f 2699//124 2711//124 2611//124
f 2521//125 2506//125 2601//125
f 2601//125 2611//125 2521//125
f 2387//126 2378//126 2506//126
f 2506//126 2521//126 2387//126
f 2191//127 2180//127 2378//127
f 2378//127 2387//127 2191//127
f 1810//128 1714//128 2180//128
f 2180//128 2191//128 1810//128
f 1464//129 1460//129 1813//129
f 1813//129 1821//129 1464//129
f 1264//130 1260//130 1460//130
f 1460//130 1464//130 1264//130
f 1146//131 1142//131 1260//131
f 1260//131 1264//131 1146//131
f 1055//132 1047//132 1142//132
f 1142//132 1146//132 1055//132
f 953//133 949//133 1047//133
f 1047//133 1055//133 953//133
f 885//134 875//134 949//134
f 949//134 953//134 885//134
f 803//135 795//135 875//135
f 875//135 885//135 803//135
f 753//136 745//136 795//136
f 795//137 803//137 753//137
f 713//138 701//138 745//138
f 745//138 753//138 713//138
f 691//139 683//139 701//139
f 701//139 713//139 691//139
f 1470//140 1464//140 1821//140
f 1821//140 1829//140 1470//140
f 1272//141 1264//141 1464//141
f 1464//141 1470//141 1272//141
f 1154//142 1146//142 1264//143
f 1264//143 1272//143 1154//142
f 1061//144 1055//144 1146//145
f 1146//145 1154//145 1061//144
f 959//146 953//146 1055//147
f 1055//147 1061//147 959//146
f 893//148 885//148 953//149
f 953//149 959//149 893//148
f 809//150 803//150 885//151
f 885//151 893//151 809//150
f 759//152 753//152 803//153
f 803//153 809//153 759//152
f 721//154 713//154 753//154
f 753//154 759//154 721//154
f 705//155 691//155 713//155
f 713//155 721//155 705//155
f 1469//156 1470//156 1829//156
f 1829//156 1835//156 1469//156
f 1268//157 1272//157 1470//157
f 1470//157 1469//157 1268//157
f 1151//158 1154//158 1272//159
f 1272//159 1268//159 1151//158
f 1060//160 1061//160 1154//160
f 1154//160 1151//161 1060//160
f 957//162 959//162 1061//162
f 1061//162 1060//162 957//162
f 889//163 893//163 959//163
f 959//163 957//163 889//163
f 807//164 809//164 893//165
f 893//165 889//165 807//164
f 757//166 759//166 809//167
f 809//167 807//167 757//166
f 719//168 721//168 759//169
f 759//169 757//169 719//168
f 699//170 705//170 721//170
f 721//170 719//170 699//170
f 1462//171 1469//171 1835//172
f 1835//172 1839//172 1462//171
f 1262//173 1268//173 1469//173
f 1469//173 1462//173 1262//173
f 1144//174 1151//174 1268//174
f 1268//174 1262//174 1144//174
f 1051//175 1060//175 1151//175
f 1151//175 1144//176 1051//175
f 951//177 957//177 1060//178
f 1060//178 1051//178 951//177
f 881//179 889//179 957//180
f 957//180 951//180 881//179
f 799//181 807//181 889//181
f 889//181 881//181 799//181
f 747//182 757//182 807//182
f 807//182 799//182 747//182
f 711//183 719//183 757//183
f 757//183 747//183 711//183
f 687//184 699//184 719//185
f 719//185 711//185 687//184
f 1458//186 1462//186 1839//186
f 1839//186 1843//186 1458//186
f 1258//187 1262//187 1462//187
f 1462//187 1458//187 1258//187
f 1140//188 1144//188 1262//188
f 1262//188 1258//188 1140//188
f 1045//189 1051//189 1144//189
f 1144//189 1140//189 1045//189
f 945//190 951//190 1051//191
f 1051//191 1045//191 945//190
f 871//192 881//192 951//193
f 951//193 945//193 871//192
f 793//194 799//194 881//195
f 881//195 871//195 793//194
f 741//196 747//196 799//196
f 799//196 793//196 741//196
f 693//197 711//197 747//197
f 747//197 741//197 693//197
f 675//198 687//198 711//198
f 711//198 693//198 675//198
f 1450//199 1458//199 1843//199
f 1843//199 1838//199 1450//199
f 1254//200 1258//200 1458//200
f 1458//200 1450//200 1254//200
f 1136//201 1140//201 1258//201
f 1258//201 1254//201 1136//201
f 1043//202 1045//203 1140//204
f 1140//204 1136//204 1043//202
f 943//205 945//205 1045//205
f 1045//205 1043//205 943//205
f 861//206 871//206 945//207
f 945//207 943//207 861//206
f 787//208 793//208 871//208
f 871//208 861//208 787//208
f 725//209 741//209 793//209
f 793//209 787//209 725//209
f 677//210 693//210 741//210
f 741//210 725//210 677//210
f 663//211 675//211 693//211
f 693//211 677//211 663//211
f 1448//212 1450//212 1838//212
f 1838//212 1834//212 1448//212
f 1252//213 1254//213 1450//213
f 1450//213 1448//213 1252//213
f 1133//214 1136//214 1254//214
f 1254//214 1252//214 1133//214
f 1035//215 1043//215 1136//215
f 1136//215 1133//215 1035//215
f 937//216 943//216 1043//217
f 1043//217 1035//217 937//216
f 853//218 861//218 943//219
f 943//219 937//219 853//218
f 777//220 787//220 861//220
f 861//220 853//220 777//220
f 715//221 725//221 787//221
f 787//221 777//221 715//221
f 657//222 677//222 725//222
f 725//222 715//222 657//222
f 642//223 663//223 677//223
f 677//223 657//223 642//223
f 1444//224 1448//224 1834//224
f 1834//224 1828//224 1444//224
f 1248//225 1252//225 1448//226
f 1448//226 1444//226 1248//225
f 1122//227 1133//227 1252//227
f 1252//227 1248//227 1122//227
f 1027//228 1035//228 1133//228
f 1133//228 1122//228 1027//228
f 931//229 937//229 1035//229
f 1035//229 1027//229 931//229
f 843//230 853//230 937//230
f 937//230 931//230 843//230
f 767//231 777//231 853//231
f 853//231 843//231 767//231
f 689//232 715//232 777//232
f 777//232 767//232 689//232
f 640//233 657//233 715//234
f 715//234 689//234 640//233
f 634//235 642//235 657//235
f 657//235 640//235 634//235
f 1442//236 1444//236 1828//236
f 1828//236 1820//236 1442//236
f 1244//237 1248//237 1444//237
f 1444//237 1442//237 1244//237
f 1116//238 1122//238 1248//239
f 1248//239 1244//239 1116//238
f 1021//240 1027//240 1122//241
f 1122//241 1116//241 1021//240
f 923//242 931//242 1027//242
f 1027//242 1021//242 923//242
f 831//243 843//243 931//243
f 931//243 923//243 831//243
f 751//244 767//244 843//245
f 843//245 831//245 751//244
f 673//246 689//246 767//247
f 767//247 751//247 673//246
f 632//248 640//248 689//248
f 689//248 673//248 632//248
f 620//249 634//249 640//249
f 640//249 632//249 620//249
f 1429//250 1442//250 1820//250
f 1820//250 1811//250 1429//250
f 1233//251 1244//251 1442//251
f 1442//251 1429//251 1233//251
f 1106//252 1116//252 1244//252
f 1244//252 1233//252 1106//252
f 1011//253 1021//253 1116//253
f 1116//253 1106//253 1011//253
f 911//254 923//254 1021//254
f 1021//254 1011//254 911//254
f 817//255 831//255 923//255
f 923//255 911//255 817//255
f 733//256 751//256 831//256
f 831//256 817//256 733//256
f 649//257 673//257 751//257
f 751//257 733//257 649//257
f 614//258 632//258 673//258
f 673//258 649//258 614//258
f 597//259 620//259 632//259
f 632//259 614//259 597//259
f 714//260 702//260 684//260
f 684//260 692//260 714//260
f 754//261 746//261 702//261
f 702//261 714//261 754//261
f 804//262 796//262 746//262
f 746//262 754//262 804//262
f 886//263 876//263 796//263
f 796//263 804//263 886//263
f 954//264 950//264 876//264
f 876//264 886//264 954//264
f 1056//265 1048//265 950//265
f 950//265 954//265 1056//265
f 1147//266 1143//266 1048//266
f 1048//266 1056//266 1147//266
f 1265//267 1261//267 1143//267
f 1143//268 1147//268 1265//268
f 1465//269 1461//269 1261//269
f 1261//269 1265//269 1465//269
f 1915//270 1817//270 1461//270
f 1461//270 1465//270 1915//270
f 722//271 714//271 692//271
f 692//271 706//271 722//271
f 760//272 754//272 714//272
f 714//272 722//272 760//272
f 810//273 804//273 754//274
f 754//274 760//274 810//273
f 894//275 886//275 804//276
f 804//276 810//276 894//275
f 960//277 954//277 886//277
f 886//277 894//277 960//277
f 1062//278 1056//278 954//278
f 954//278 960//278 1062//278
f 1155//279 1147//279 1056//280
f 1056//280 1062//280 1155//279
f 1273//281 1265//281 1147//282
f 1147//282 1155//282 1273//281
f 1471//283 1465//283 1265//283
f 1265//283 1273//283 1471//283
f 1917//284 1915//284 1465//284
f 1465//284 1471//284 1917//284
f 720//285 722//286 706//285
f 706//285 700//285 720//285
f 758//287 760//287 722//288
f 722//288 720//288 758//287
f 808//289 810//289 760//290
f 760//290 758//290 808//289
f 890//291 894//291 810//292
f 810//292 808//292 890//291
f 958//293 960//293 894//293
f 894//293 890//293 958//293
f 1059//294 1062//294 960//294
f 960//294 958//294 1059//294
f 1150//295 1155//295 1062//295
f 1062//295 1059//295 1150//295
f 1269//296 1273//296 1155//297
f 1155//297 1150//297 1269//296
f 1468//298 1471//298 1273//298
f 1273//298 1269//298 1468//298
f 1697//299 1917//299 1471//299
f 1471//299 1468//299 1697//299
f 712//300 720//300 700//301
f 700//301 688//302 712//300
f 748//303 758//303 720//303
f 720//303 712//303 748//303
f 800//304 808//304 758//304
f 758//304 748//304 800//304
f 882//305 890//305 808//305
f 808//305 800//305 882//305
f 952//306 958//306 890//307
f 890//307 882//307 952//306
f 1052//308 1059//308 958//309
f 958//309 952//309 1052//308
f 1145//310 1150//310 1059//310
f 1059//310 1052//310 1145//310
f 1263//311 1269//311 1150//311
f 1150//311 1145//311 1263//311
f 1463//312 1468//312 1269//312
f 1269//312 1263//312 1463//312
f 1919//313 1697//313 1468//314
f 1468//314 1463//314 1919//313
f 694//315 712//315 688//315
f 688//315 676//315 694//315
f 742//316 748//316 712//316
f 712//316 694//316 742//316
f 794//317 800//317 748//317
f 748//317 742//317 794//317
f 872//318 882//318 800//319
f 800//319 794//319 872//318
f 946//320 952//320 882//321
f 882//321 872//321 946//320
f 1046//322 1052//322 952//323
f 952//323 946//323 1046//322
f 1141//324 1145//324 1052//324
f 1052//324 1046//324 1141//324
f 1259//325 1263//325 1145//325
f 1145//325 1141//325 1259//325
f 1459//326 1463//326 1263//327
f 1263//327 1259//327 1459//326
f 1845//328 1919//328 1463//328
f 1463//328 1459//328 1845//328
f 678//329 694//329 676//329
f 676//329 664//329 678//329
f 726//330 742//330 694//330
f 694//330 678//330 726//330
f 788//331 794//331 742//331
f 742//331 726//331 788//331
f 862//332 872//333 794//332
f 794//332 788//332 862//332
f 944//334 946//334 872//334
f 872//334 862//334 944//334
f 1044//335 1046//335 946//335
f 946//335 944//335 1044//335
f 1137//336 1141//336 1046//336
f 1046//336 1044//336 1137//336
f 1255//337 1259//337 1141//337
f 1141//337 1137//337 1255//337
f 1451//338 1459//338 1259//338
f 1259//338 1255//338 1451//338
f 1898//339 1845//339 1459//339
f 1459//339 1451//339 1898//339
f 658//340 678//340 664//340
f 664//340 642//340 658//340
f 716//341 726//341 678//341
f 678//341 658//341 716//341
f 778//342 788//342 726//342
f 726//342 716//342 778//342
f 854//343 862//343 788//343
f 788//343 778//343 854//343
f 938//344 944//344 862//345
f 862//345 854//345 938//344
f 1036//346 1044//346 944//346
f 944//346 938//346 1036//346
f 1132//347 1137//347 1044//348
f 1044//348 1036//348 1132//347
f 1253//349 1255//349 1137//349
f 1137//349 1132//349 1253//349
f 1449//350 1451//350 1255//351
f 1255//351 1253//351 1449//350
f 1837//352 1898//352 1451//352
f 1451//352 1449//352 1837//352
f 641//353 658//353 642//353
f 642//353 635//353 641//353
f 690//354 716//354 658//355
f 658//355 641//355 690//354
f 768//356 778//356 716//356
f 716//356 690//356 768//356
f 844//357 854//357 778//357
f 778//357 768//357 844//357
f 932//358 938//358 854//358
f 854//358 844//358 932//358
f 1028//359 1036//359 938//359
f 938//359 932//359 1028//359
f 1123//360 1132//360 1036//360
f 1036//360 1028//360 1123//360
f 1249//361 1253//361 1132//361
f 1132//361 1123//361 1249//361
f 1445//362 1449//362 1253//362
f 1253//362 1249//363 1445//362
f 1918//364 1837//364 1449//364
f 1449//364 1445//364 1918//364
f 633//365 641//365 635//365
f 635//365 621//365 633//365
f 674//366 690//366 641//367
f 641//367 633//367 674//366
f 752//368 768//368 690//369
f 690//369 674//369 752//368
f 832//370 844//370 768//370
f 768//370 752//370 832//370
f 924//371 932//371 844//371
f 844//371 832//371 924//371
f 1022//372 1028//372 932//372
f 932//372 924//372 1022//372
f 1117//373 1123//373 1028//373
f 1028//373 1022//373 1117//373
f 1245//374 1249//374 1123//375
f 1123//375 1117//375 1245//374
f 1443//376 1445//376 1249//376
f 1249//376 1245//376 1443//376
f 1916//377 1918//377 1445//377
f 1445//377 1443//377 1916//377
f 616//378 633//378 621//378
f 621//378 600//378 616//378
f 654//379 674//379 633//379
f 633//379 616//379 654//379
f 737//380 752//380 674//380
f 674//380 654//380 737//380
f 822//381 832//381 752//381
f 752//381 737//381 822//381
f 914//382 924//382 832//382
f 832//382 822//382 914//382
f 1014//383 1022//383 924//383
f 924//383 914//383 1014//383
f 1104//384 1117//384 1022//384
f 1022//384 1014//384 1104//384
f 1237//385 1245//385 1117//385
f 1117//385 1104//385 1237//385
f 1433//386 1443//386 1245//386
f 1245//386 1237//386 1433//386
f 1819//387 1916//387 1443//387
f 1443//387 1433//387 1819//387
f 2159//388 2163//388 1816//388
f 1816//388 1822//388 2159//388
f 2359//389 2363//389 2163//389
f 2163//389 2159//389 2359//389
f 2477//390 2481//390 2363//390
f 2363//390 2359//390 2477//390
f 2568//391 2576//391 2481//391
f 2481//391 2477//391 2568//391
f 2670//392 2674//392 2576//392
f 2576//392 2568//392 2670//392
f 2738//393 2748//393 2674//393
f 2674//393 2670//393 2738//393
f 2820//394 2828//394 2748//394
f 2748//394 2738//394 2820//394
f 2870//395 2878//395 2828//395
f 2828//396 2820//396 2870//396
f 2910//397 2922//397 2878//397
f 2878//397 2870//397 2910//397
f 2932//398 2940//398 2922//398
f 2922//398 2910//398 2932//398
f 2153//399 2159//399 1822//399
f 1822//399 1830//399 2153//399
f 2351//400 2359//400 2159//400
f 2159//400 2153//400 2351//400
f 2469//401 2477//401 2359//402
f 2359//402 2351//402 2469//401
f 2562//403 2568//403 2477//404
f 2477//404 2469//404 2562//403
f 2664//405 2670//405 2568//406
f 2568//406 2562//406 2664//405
f 2730//407 2738//407 2670//408
f 2670//408 2664//408 2730//407
f 2814//409 2820//409 2738//410
f 2738//410 2730//410 2814//409
f 2864//411 2870//411 2820//412
f 2820//412 2814//412 2864//411
f 2902//413 2910//413 2870//413
f 2870//413 2864//413 2902//413
f 2918//414 2932//414 2910//414
f 2910//414 2902//414 2918//414
f 2154//415 2153//415 1830//415
f 1830//415 1836//415 2154//415
f 2355//416 2351//416 2153//416
f 2153//416 2154//416 2355//416
f 2472//417 2469//417 2351//418
f 2351//418 2355//418 2472//417
f 2563//419 2562//419 2469//419
f 2469//419 2472//420 2563//419
f 2666//421 2664//421 2562//421
f 2562//421 2563//421 2666//421
f 2734//422 2730//422 2664//422
f 2664//422 2666//422 2734//422
f 2816//423 2814//423 2730//424
f 2730//424 2734//424 2816//423
f 2866//425 2864//425 2814//426
f 2814//426 2816//426 2866//425
f 2904//427 2902//427 2864//428
f 2864//428 2866//428 2904//427
f 2924//429 2918//429 2902//429
f 2902//429 2904//429 2924//429
f 2161//430 2154//430 1836//431
f 1836//431 1840//431 2161//430
f 2361//432 2355//432 2154//432
f 2154//432 2161//432 2361//432
f 2479//433 2472//433 2355//433
f 2355//433 2361//433 2479//433
f 2572//434 2563//434 2472//434
f 2472//434 2479//435 2572//434
f 2672//436 2666//436 2563//437
f 2563//437 2572//437 2672//436
f 2742//438 2734//438 2666//439
f 2666//439 2672//439 2742//438
f 2824//440 2816//440 2734//440
f 2734//440 2742//440 2824//440
f 2876//441 2866//441 2816//441
f 2816//441 2824//441 2876//441
f 2912//442 2904//442 2866//442
f 2866//442 2876//442 2912//442
f 2936//443 2924//443 2904//444
f 2904//444 2912//444 2936//443
f 2165//445 2161//445 1840//445
f 1840//445 1844//445 2165//445
f 2365//446 2361//446 2161//446
f 2161//446 2165//446 2365//446
f 2483//447 2479//447 2361//447
f 2361//447 2365//447 2483//447
f 2578//448 2572//448 2479//448
f 2479//448 2483//448 2578//448
f 2678//449 2672//449 2572//450
f 2572//450 2578//450 2678//449
f 2752//451 2742//451 2672//452
f 2672//452 2678//452 2752//451
f 2830//453 2824//453 2742//454
f 2742//454 2752//454 2830//453
f 2882//455 2876//455 2824//455
f 2824//455 2830//455 2882//455
f 2930//456 2912//456 2876//456
f 2876//456 2882//456 2930//456
f 2948//457 2936//457 2912//457
f 2912//457 2930//457 2948//457
f 2173//458 2165//458 1844//458
f 1844//458 1841//458 2173//458
f 2369//459 2365//459 2165//459
f 2165//459 2173//459 2369//459
f 2487//460 2483//460 2365//460
f 2365//460 2369//460 2487//460
f 2580//461 2578//462 2483//463
f 2483//463 2487//463 2580//461
f 2680//464 2678//464 2578//464
f 2578//464 2580//464 2680//464
f 2762//465 2752//465 2678//466
f 2678//466 2680//466 2762//465
f 2836//467 2830//467 2752//467
f 2752//467 2762//467 2836//467
f 2898//468 2882//468 2830//468
f 2830//468 2836//468 2898//468
f 2946//469 2930//469 2882//469
f 2882//469 2898//469 2946//469
f 2960//470 2948//470 2930//470
f 2930//470 2946//470 2960//470
f 2175//471 2173//471 1841//471
f 1841//471 1837//471 2175//471
f 2371//472 2369//472 2173//472
f 2173//472 2175//472 2371//472
f 2490//473 2487//473 2369//473
f 2369//473 2371//473 2490//473
f 2588//474 2580//474 2487//474
f 2487//474 2490//474 2588//474
f 2686//475 2680//475 2580//476
f 2580//476 2588//476 2686//475
f 2770//477 2762//477 2680//478
f 2680//478 2686//478 2770//477
f 2846//479 2836//479 2762//479
f 2762//479 2770//479 2846//479
f 2908//480 2898//480 2836//480
f 2836//480 2846//480 2908//480
f 2966//481 2946//481 2898//481
f 2898//481 2908//481 2966//481
f 2981//482 2960//482 2946//482
f 2946//482 2966//482 2981//482
f 2179//483 2175//483 1837//483
f 1837//483 1831//483 2179//483
f 2375//484 2371//484 2175//485
f 2175//485 2179//485 2375//484
f 2501//486 2490//486 2371//486
f 2371//486 2375//486 2501//486
f 2596//487 2588//487 2490//487
f 2490//487 2501//487 2596//487
f 2692//488 2686//488 2588//488
f 2588//488 2596//488 2692//488
f 2780//489 2770//489 2686//489
f 2686//489 2692//489 2780//489
f 2856//490 2846//490 2770//490
f 2770//490 2780//490 2856//490
f 2934//491 2908//491 2846//491
f 2846//491 2856//491 2934//491
f 2983//492 2966//492 2908//493
f 2908//493 2934//493 2983//492
f 2989//494 2981//494 2966//494
f 2966//494 2983//494 2989//494
f 2181//495 2179//495 1831//495
f 1831//495 1823//495 2181//495
f 2379//496 2375//496 2179//496
f 2179//496 2181//496 2379//496
f 2507//497 2501//497 2375//498
f 2375//498 2379//498 2507//497
f 2602//499 2596//499 2501//500
f 2501//500 2507//500 2602//499
f 2700//501 2692//501 2596//501
f 2596//501 2602//501 2700//501
f 2792//502 2780//502 2692//502
f 2692//502 2700//502 2792//502
f 2872//503 2856//503 2780//504
f 2780//504 2792//504 2872//503
f 2950//505 2934//505 2856//506
f 2856//506 2872//506 2950//505
f 2991//507 2983//507 2934//507
f 2934//507 2950//507 2991//507
f 3003//508 2989//508 2983//508
f 2983//508 2991//508 3003//508
f 2194//509 2181//509 1823//509
f 1823//509 1818//509 2194//509
f 2391//510 2379//510 2181//510
f 2181//510 2194//510 2391//510
f 2518//511 2507//511 2379//511
f 2379//511 2391//511 2518//511
f 2614//512 2602//512 2507//512
f 2507//512 2518//512 2614//512
f 2712//513 2700//513 2602//513
f 2602//513 2614//513 2712//513
f 2806//514 2792//514 2700//514
f 2700//514 2712//514 2806//514
f 2890//515 2872//515 2792//515
f 2792//515 2806//515 2890//515
f 2974//516 2950//516 2872//516
f 2872//516 2890//516 2974//516
f 3009//517 2991//517 2950//517
f 2950//517 2974//517 3009//517
f 3025//518 3003//518 2991//518
f 2991//518 3009//518 3025//518
f 3040//519 3008//520 3024//520
f 3024//520 3048//521 3040//519
f 3018//522 2973//523 3008//523
f 3008//523 3040//524 3018//522
f 2943//525 2889//526 2973//526
f 2973//526 3018//527 2943//525
f 2841//528 2805//529 2889//529
f 2889//529 2943//530 2841//528
f 2731//531 2711//532 2805//532
f 2805//532 2841//533 2731//531
f 2645//534 2611//535 2711//535
f 2711//535 2731//536 2645//534
f 2529//537 2521//538 2611//538
f 2611//538 2645//539 2529//537
f 2402//540 2387//541 2521//541
f 2521//541 2529//542 2402//540
f 2208//543 2191//544 2387//544
f 2387//544 2402//545 2208//543
f 1806//546 1810//547 2191//547
f 2191//547 2208//548 1806//546
f 3072//549 3040//519 3048//521
f 3048//521 3078//550 3072//549
f 3044//551 3018//522 3040//524
f 3040//524 3072//552 3044//551
f 2994//553 2943//525 3018//527
f 3018//527 3044//554 2994//553
f 2883//555 2841//528 2943//530
f 2943//530 2994//556 2883//555
f 2773//557 2731//531 2841//533
f 2841//533 2883//558 2773//557
f 2659//559 2645//534 2731//536
f 2731//536 2773//560 2659//559
f 2539//561 2529//537 2645//539
f 2645//539 2659//562 2539//561
f 2410//563 2402//540 2529//542
f 2529//542 2539//564 2410//563
f 2222//565 2208//543 2402//545
f 2402//545 2410//566 2222//565
f 1694//567 1806//546 2208//548
f 2208//548 2222//568 1694//567
f 3092//569 3072//549 3078//550
f 3078//550 3116//569 3092//569
f 3074//570 3044//551 3072//552
f 3072//552 3092//570 3074//570
f 3030//571 2994//553 3044//554
f 3044//554 3074//572 3030//571
f 2937//573 2883//555 2994//556
f 2994//556 3030//573 2937//573
f 2810//574 2773//557 2883//558
f 2883//558 2937//574 2810//574
f 2683//575 2659//559 2773//560
f 2773//560 2810//575 2683//575
f 2554//576 2539//561 2659//562
f 2659//562 2683//576 2554//576
f 2420//577 2410//563 2539//564
f 2539//564 2554//577 2420//577
f 2238//578 2222//565 2410//566
f 2410//566 2420//578 2238//578
f 1930//579 1694//567 2222//568
f 2222//568 2238//579 1930//579
f 3132//580 3092//580 3116//580
f 3116//580 3142//580 3132//580
f 3090//581 3074//581 3092//581
f 3092//581 3132//581 3090//581
f 3054//582 3030//582 3074//582
f 3074//582 3090//582 3054//582
f 2984//583 2937//583 3030//583
f 3030//583 3054//583 2984//583
f 2837//584 2810//584 2937//584
f 2937//584 2984//584 2837//584
f 2705//585 2683//586 2810//585
f 2810//585 2837//585 2705//585
f 2574//587 2554//587 2683//587
f 2683//587 2705//587 2574//587
f 2430//588 2420//588 2554//588
f 2554//588 2574//588 2430//588
f 2247//589 2238//589 2420//589
f 2420//589 2430//589 2247//589
f 1913//590 1930//590 2238//590
f 2238//590 2247//590 1913//590
f 3150//591 3132//591 3142//591
f 3142//591 3156//591 3150//591
f 3128//592 3090//592 3132//592
f 3132//592 3150//592 3128//592
f 3076//593 3054//593 3090//593
f 3090//593 3128//593 3076//593
f 3014//594 2984//594 3054//594
f 3054//594 3076//594 3014//594
f 2861//595 2837//595 2984//595
f 2984//595 3014//596 2861//595
f 2723//597 2705//597 2837//597
f 2837//597 2861//598 2723//597
f 2585//599 2574//599 2705//599
f 2705//599 2723//599 2585//599
f 2438//600 2430//600 2574//600
f 2574//600 2585//600 2438//600
f 2253//601 2247//601 2430//601
f 2430//601 2438//601 2253//601
f 1711//602 1913//602 2247//602
f 2247//602 2253//602 1711//602
f 3162//603 3150//603 3156//603
f 3156//603 3172//603 3162//603
f 3148//604 3128//604 3150//604
f 3150//604 3162//604 3148//604
f 3088//605 3076//605 3128//605
f 3128//605 3148//605 3088//605
f 3036//606 3014//606 3076//606
f 3076//606 3088//606 3036//606
f 2893//607 2861//607 3014//607
f 3014//607 3036//607 2893//607
f 2743//608 2723//608 2861//608
f 2861//608 2893//608 2743//608
f 2599//609 2585//609 2723//609
f 2723//609 2743//609 2599//609
f 2450//610 2438//610 2585//610
f 2585//610 2599//610 2450//610
f 2267//611 2253//611 2438//611
f 2438//611 2450//611 2267//611
f 1794//612 1711//612 2253//612
f 2253//612 2267//612 1794//612
f 3178//613 3162//613 3172//613
f 3172//613 3184//613 3178//613
f 3154//614 3148//614 3162//614
f 3162//614 3178//614 3154//614
f 3118//615 3088//615 3148//615
f 3148//615 3154//615 3118//615
f 3046//616 3036//616 3088//616
f 3088//616 3118//616 3046//616
f 2915//617 2893//617 3036//617
f 3036//617 3046//617 2915//617
f 2763//618 2743//618 2893//618
f 2893//618 2915//618 2763//618
f 2615//619 2599//619 2743//619
f 2743//619 2763//619 2615//619
f 2452//620 2450//620 2599//620
f 2599//620 2615//620 2452//620
f 2277//621 2267//621 2450//621
f 2450//621 2452//621 2277//621
f 1710//622 1794//622 2267//622
f 2267//622 2277//622 1710//622
f 3188//623 3178//623 3184//623
f 3184//623 3200//623 3188//623
f 3164//624 3154//624 3178//624
f 3178//624 3188//624 3164//624
f 3130//625 3118//625 3154//625
f 3154//625 3164//625 3130//625
f 3058//626 3046//626 3118//626
f 3118//626 3130//626 3058//626
f 2941//627 2915//627 3046//627
f 3046//627 3058//627 2941//627
f 2775//628 2763//628 2915//628
f 2915//628 2941//628 2775//628
f 2627//629 2615//629 2763//629
f 2763//629 2775//629 2627//629
f 2458//630 2452//630 2615//630
f 2615//630 2627//630 2458//630
f 2287//631 2277//631 2452//631
f 2452//631 2458//631 2287//631
f 1910//632 1710//632 2277//632
f 2277//632 2287//632 1910//632
f 3198//633 3188//633 3200//633
f 3200//633 3209//633 3198//633
f 3170//634 3164//634 3188//634
f 3188//634 3198//634 3170//634
f 3136//635 3130//635 3164//635
f 3164//635 3170//635 3136//635
f 3064//636 3058//636 3130//636
f 3130//636 3136//636 3064//636
f 2955//637 2941//637 3058//637
f 3058//637 3064//637 2955//637
f 2781//638 2775//638 2941//638
f 2941//638 2955//638 2781//638
f 2636//639 2627//639 2775//639
f 2775//639 2781//639 2636//639
f 2462//640 2458//640 2627//640
f 2627//640 2636//640 2462//640
f 2295//641 2287//641 2458//641
f 2458//641 2462//641 2295//641
f 1909//642 1910//642 2287//642
f 2287//642 2295//642 1909//642
f 3202//643 3198//643 3209//644
f 3209//644 3213//644 3202//643
f 3174//645 3170//645 3198//645
f 3198//645 3202//645 3174//645
f 3138//646 3136//646 3170//646
f 3170//646 3174//646 3138//646
f 3066//647 3064//647 3136//647
f 3136//647 3138//647 3066//647
f 2961//648 2955//648 3064//648
f 3064//648 3066//648 2961//648
f 2783//649 2781//649 2955//649
f 2955//649 2961//649 2783//649
f 2642//650 2636//650 2781//650
f 2781//650 2783//650 2642//650
f 2464//651 2462//651 2636//651
f 2636//652 2642//652 2464//652
f 2297//653 2295//653 2462//653
f 2462//653 2464//653 2297//653
f 1784//654 1909//654 2295//654
f 2295//654 2297//655 1784//654
f 1414//656 1429//657 1811//657
f 1811//657 1807//658 1414//656
f 1220//659 1233//660 1429//660
f 1429//660 1414//661 1220//659
f 1093//662 1106//663 1233//663
f 1233//663 1220//664 1093//662
f 977//665 1011//666 1106//666
f 1106//666 1093//667 977//665
f 891//668 911//669 1011//669
f 1011//669 977//670 891//668
f 781//671 817//672 911//672
f 911//672 891//673 781//671
f 679//674 733//675 817//675
f 817//675 781//676 679//674
f 604//677 649//678 733//678
f 733//678 679//679 604//677
f 571//680 614//681 649//681
f 649//681 604//682 571//680
f 561//683 597//684 614//684
f 614//684 571//685 561//683
f 1400//686 1414//656 1807//658
f 1807//658 1804//687 1400//686
f 1212//688 1220//659 1414//661
f 1414//661 1400//689 1212//688
f 1083//690 1093//662 1220//664
f 1220//664 1212//691 1083//690
f 963//692 977//665 1093//667
f 1093//667 1083//693 963//692
f 849//694 891//668 977//670
f 977//670 963//695 849//694
f 739//696 781//671 891//673
f 891//673 849//697 739//696
f 628//698 679//674 781//676
f 781//676 739//699 628//698
f 565//700 604//677 679//679
f 679//679 628//701 565//700
f 530//702 571//680 604//682
f 604//682 565//703 530//702
f 524//704 561//683 571//685
f 571//685 530//705 524//704
f 1386//706 1400//686 1804//687
f 1804//687 1802//706 1386//706
f 1202//689 1212//688 1400//689
f 1400//689 1386//689 1202//689
f 1070//707 1083//690 1212//691
f 1212//691 1202//708 1070//707
f 939//709 963//692 1083//693
f 1083//693 1070//709 939//709
f 814//710 849//694 963//695
f 963//695 939//710 814//710
f 685//711 739//696 849//697
f 849//697 814//711 685//711
f 585//712 628//698 739//699
f 739//699 685//712 585//712
f 528//713 565//700 628//701
f 628//701 585//713 528//713
f 510//714 530//702 565//703
f 565//703 528//714 510//714
f 508//715 524//704 530//705
f 530//705 510//715 508//715
f 1375//716 1386//716 1802//716
f 1802//716 1800//716 1375//716
f 1192//717 1202//717 1386//717
f 1386//717 1375//717 1192//717
f 1050//718 1070//718 1202//718
f 1202//718 1192//718 1050//718
f 917//719 939//719 1070//719
f 1070//719 1050//719 917//719
f 785//720 814//720 939//720
f 939//720 917//720 785//720
f 638//721 685//722 814//721
f 814//721 785//721 638//721
f 553//723 585//723 685//723
f 685//723 638//723 553//723
f 512//724 528//724 585//724
f 585//724 553//724 512//724
f 492//725 510//725 528//725
f 528//725 512//725 492//725
f 482//726 508//726 510//726
f 510//726 492//726 482//726
f 1369//727 1375//727 1800//727
f 1800//727 1798//727 1369//727
f 1184//728 1192//728 1375//728
f 1375//728 1369//728 1184//728
f 1037//729 1050//729 1192//729
f 1192//729 1184//729 1037//729
f 899//730 917//730 1050//730
f 1050//730 1037//730 899//730
f 761//731 785//731 917//731
f 917//731 899//732 761//731
f 608//733 638//733 785//733
f 785//733 761//733 608//733
f 526//734 553//734 638//734
f 638//734 608//734 526//734
f 496//735 512//735 553//735
f 553//735 526//735 496//735
f 454//736 492//736 512//736
f 512//736 496//736 454//736
f 448//737 482//737 492//737
f 492//737 454//737 448//737
f 1355//738 1369//738 1798//738
f 1798//738 1795//738 1355//738
f 1172//739 1184//739 1369//739
f 1369//739 1355//739 1172//739
f 1023//740 1037//740 1184//740
f 1184//740 1172//740 1023//740
f 879//741 899//741 1037//741
f 1037//741 1023//741 879//741
f 729//742 761//742 899//742
f 899//742 879//742 729//742
f 579//743 608//743 761//743
f 761//743 729//743 579//743
f 514//744 526//744 608//744
f 608//744 579//744 514//744
f 457//745 496//745 526//745
f 526//745 514//745 457//745
f 442//746 454//746 496//746
f 496//746 457//746 442//746
f 432//747 448//747 454//747
f 454//747 442//747 432//747
f 1345//748 1355//748 1795//748
f 1795//748 1792//748 1345//748
f 1170//749 1172//749 1355//749
f 1355//749 1345//749 1170//749
f 1007//750 1023//750 1172//750
f 1172//750 1170//751 1007//750
f 859//752 879//752 1023//752
f 1023//752 1007//752 859//752
f 707//753 729//753 879//753
f 879//753 859//753 707//753
f 563//754 579//754 729//754
f 729//754 707//754 563//754
f 506//755 514//755 579//755
f 579//755 563//755 506//755
f 450//756 457//756 514//756
f 514//756 506//756 450//756
f 420//757 442//757 457//757
f 457//757 450//757 420//757
f 412//758 432//758 442//758
f 442//758 420//758 412//758
f 1335//759 1345//759 1792//759
f 1792//759 1790//759 1335//759
f 1164//760 1170//760 1345//760
f 1345//760 1335//760 1164//760
f 995//761 1007//761 1170//761
f 1170//761 1164//761 995//761
f 847//762 859//762 1007//762
f 1007//762 995//762 847//762
f 681//763 707//763 859//763
f 859//763 847//763 681//763
f 547//764 563//764 707//764
f 707//764 681//764 547//764
f 494//765 506//765 563//765
f 563//765 547//765 494//765
f 440//766 450//766 506//766
f 506//766 494//766 440//766
f 410//767 420//767 450//767
f 450//767 440//767 410//767
f 398//768 412//768 420//768
f 420//768 410//768 398//768
f 1327//769 1335//769 1790//769
f 1790//769 1788//769 1327//769
f 1160//770 1164//770 1335//770
f 1335//770 1327//770 1160//770
f 988//771 995//771 1164//771
f 1164//771 1160//771 988//771
f 841//772 847//772 995//772
f 995//772 988//772 841//772
f 667//773 681//773 847//773
f 847//773 841//773 667//773
f 538//774 547//774 681//774
f 681//774 667//774 538//774
f 488//775 494//775 547//775
f 547//775 538//775 488//775
f 434//776 440//776 494//776
f 494//776 488//776 434//776
f 400//777 410//777 440//777
f 440//777 434//777 400//777
f 381//778 398//778 410//778
f 410//778 400//778 381//778
f 1324//779 1327//779 1788//779
f 1788//779 1785//780 1324//779
f 1156//781 1160//781 1327//781
f 1327//781 1324//781 1156//781
f 979//782 988//782 1160//782
f 1160//782 1156//782 979//782
f 837//783 841//783 988//783
f 988//783 979//783 837//783
f 659//784 667//784 841//784
f 841//784 837//784 659//784
f 534//785 538//785 667//785
f 667//785 659//785 534//785
f 484//786 488//786 538//786
f 538//786 534//786 484//786
f 428//787 434//787 488//787
f 488//787 484//787 428//787
f 395//788 400//788 434//788
f 434//788 428//788 395//788
f 374//789 381//789 400//790
f 400//790 395//790 374//789
f 572//791 616//792 600//792
f 600//792 562//793 572//791
f 605//794 654//795 616//795
f 616//795 572//796 605//794
f 680//797 737//798 654//798
f 654//798 605//799 680//797
f 782//800 822//801 737//801
f 737//801 680//802 782//800
f 892//803 914//804 822//804
f 822//804 782//805 892//803
f 978//806 1014//807 914//807
f 914//807 892//808 978//806
f 1094//809 1104//810 1014//810
f 1014//810 978//811 1094//809
f 1221//812 1237//813 1104//813
f 1104//813 1094//814 1221//812
f 1415//815 1433//816 1237//816
f 1237//816 1221//817 1415//815
f 1809//818 1819//819 1433//819
f 1433//819 1415//820 1809//818
f 531//821 572//791 562//793
f 562//793 525//822 531//821
f 566//823 605//794 572//796
f 572//796 531//824 566//823
f 629//825 680//797 605//799
f 605//799 566//826 629//825
f 740//827 782//800 680//802
f 680//802 629//828 740//827
f 850//829 892//803 782//805
f 782//805 740//830 850//829
f 964//831 978//806 892//808
f 892//808 850//832 964//831
f 1084//833 1094//809 978//811
f 978//811 964//834 1084//833
f 1213//835 1221//812 1094//814
f 1094//814 1084//836 1213//835
f 1401//837 1415//815 1221//817
f 1221//817 1213//838 1401//837
f 1931//839 1809//818 1415//820
f 1415//820 1401//840 1931//839
f 511//841 531//821 525//822
f 525//822 509//841 511//841
f 529//842 566//823 531//824
f 531//824 511//842 529//842
f 586//843 629//825 566//826
f 566//826 529//844 586//843
f 686//845 740//827 629//828
f 629//828 586//845 686//845
f 813//846 850//829 740//830
f 740//830 686//846 813//846
f 940//847 964//831 850//832
f 850//832 813//847 940//847
f 1069//848 1084//833 964//834
f 964//834 940//848 1069//848
f 1203//849 1213//835 1084//836
f 1084//836 1069//849 1203//849
f 1385//850 1401//837 1213//838
f 1213//838 1203//850 1385//850
f 1693//851 1931//839 1401//840
f 1401//840 1385//851 1693//851
f 493//852 511//852 509//852
f 509//852 483//852 493//852
f 513//853 529//853 511//853
f 511//853 493//853 513//853
f 554//854 586//854 529//854
f 529//854 513//854 554//854
f 639//855 686//855 586//855
f 586//855 554//855 639//855
f 786//856 813//856 686//856
f 686//856 639//856 786//856
f 918//857 940//858 813//857
f 813//857 786//857 918//857
f 1049//859 1069//859 940//859
f 940//859 918//859 1049//859
f 1193//860 1203//860 1069//860
f 1069//860 1049//860 1193//860
f 1376//861 1385//861 1203//861
f 1203//861 1193//861 1376//861
f 1712//862 1693//862 1385//862
f 1385//862 1376//862 1712//862
f 455//863 493//863 483//863
f 483//863 449//863 455//863
f 497//864 513//864 493//864
f 493//864 455//864 497//864
f 527//865 554//865 513//865
f 513//865 497//865 527//865
f 609//866 639//866 554//866
f 554//866 527//866 609//866
f 762//867 786//867 639//867
f 639//867 609//868 762//867
f 900//869 918//869 786//869
f 786//869 762//870 900//869
f 1038//871 1049//871 918//871
f 918//871 900//871 1038//871
f 1185//872 1193//872 1049//872
f 1049//872 1038//872 1185//872
f 1370//873 1376//873 1193//873
f 1193//873 1185//873 1370//873
f 1912//874 1712//874 1376//874
f 1376//874 1370//874 1912//874
f 443//875 455//875 449//875
f 449//875 433//875 443//875
f 458//876 497//876 455//876
f 455//876 443//876 458//876
f 515//877 527//877 497//877
f 497//877 458//877 515//877
f 580//878 609//878 527//878
f 527//878 515//878 580//878
f 730//879 762//879 609//879
f 609//879 580//879 730//879
f 880//880 900//880 762//880
f 762//880 730//880 880//880
f 1024//881 1038//881 900//881
f 900//881 880//881 1024//881
f 1173//882 1185//882 1038//882
f 1038//882 1024//882 1173//882
f 1356//883 1370//883 1185//883
f 1185//883 1173//883 1356//883
f 1797//884 1912//884 1370//884
f 1370//884 1356//884 1797//884
f 421//885 443//885 433//885
f 433//885 413//885 421//885
f 451//886 458//886 443//886
f 443//886 421//886 451//886
f 507//887 515//887 458//887
f 458//887 451//887 507//887
f 564//888 580//888 515//888
f 515//888 507//888 564//888
f 708//889 730//889 580//889
f 580//889 564//889 708//889
f 860//890 880//890 730//890
f 730//890 708//890 860//890
f 1008//891 1024//891 880//891
f 880//891 860//891 1008//891
f 1171//892 1173//892 1024//892
f 1024//892 1008//892 1171//892
f 1346//893 1356//893 1173//893
f 1173//893 1171//893 1346//893
f 1911//894 1797//894 1356//894
f 1356//894 1346//894 1911//894
f 411//895 421//895 413//895
f 413//895 399//895 411//895
f 441//896 451//896 421//896
f 421//896 411//896 441//896
f 495//897 507//897 451//897
f 451//897 441//897 495//897
f 548//898 564//898 507//898
f 507//898 495//898 548//898
f 682//899 708//899 564//899
f 564//899 548//899 682//899
f 848//900 860//900 708//900
f 708//900 682//900 848//900
f 996//901 1008//901 860//901
f 860//901 848//901 996//901
f 1165//902 1171//902 1008//902
f 1008//902 996//902 1165//902
f 1336//903 1346//903 1171//903
f 1171//903 1165//903 1336//903
f 1709//904 1911//904 1346//904
f 1346//904 1336//904 1709//904
f 401//905 411//905 399//905
f 399//905 382//905 401//905
f 435//906 441//906 411//906
f 411//906 401//906 435//906
f 489//907 495//907 441//907
f 441//907 435//907 489//907
f 539//908 548//908 495//908
f 495//908 489//908 539//908
f 668//909 682//909 548//909
f 548//909 539//909 668//909
f 842//910 848//910 682//910
f 682//910 668//910 842//910
f 987//911 996//911 848//911
f 848//911 842//911 987//911
f 1161//912 1165//912 996//912
f 996//912 987//912 1161//912
f 1328//913 1336//913 1165//913
f 1165//913 1161//913 1328//913
f 1708//914 1709//914 1336//914
f 1336//914 1328//914 1708//914
f 397//915 401//915 382//916
f 382//916 376//916 397//915
f 431//917 435//917 401//917
f 401//917 397//917 431//917
f 487//918 489//918 435//918
f 435//918 431//918 487//918
f 537//919 539//919 489//919
f 489//919 487//919 537//919
f 662//920 668//920 539//920
f 539//920 537//920 662//920
f 840//921 842//921 668//921
f 668//921 662//921 840//921
f 981//922 987//922 842//922
f 842//922 840//922 981//922
f 1159//923 1161//923 987//923
f 987//924 981//924 1159//924
f 1326//925 1328//925 1161//925
f 1161//925 1159//925 1326//925
f 1787//926 1708//926 1328//926
f 1328//926 1326//927 1787//926
f 2209//928 2194//929 1818//929
f 1818//929 1808//930 2209//928
f 2403//931 2391//932 2194//932
f 2194//932 2209//933 2403//931
f 2530//934 2518//935 2391//935
f 2391//935 2403//936 2530//934
f 2646//937 2614//938 2518//938
f 2518//938 2530//939 2646//937
f 2732//940 2712//941 2614//941
f 2614//941 2646//942 2732//940
f 2842//943 2806//944 2712//944
f 2712//944 2732//945 2842//943
f 2944//946 2890//947 2806//947
f 2806//947 2842//948 2944//946
f 3019//949 2974//950 2890//950
f 2890//950 2944//951 3019//949
f 3041//952 3009//953 2974//953
f 2974//953 3019//954 3041//952
f 3049//955 3025//956 3009//956
f 3009//956 3041//957 3049//955
f 2223//958 2209//928 1808//930
f 1808//930 1805//959 2223//958
f 2411//960 2403//931 2209//933
f 2209//933 2223//961 2411//960
f 2540//962 2530//934 2403//936
f 2403//936 2411//963 2540//962
f 2660//964 2646//937 2530//939
f 2530//939 2540//965 2660//964
f 2774//966 2732//940 2646//942
f 2646//942 2660//967 2774//966
f 2884//968 2842//943 2732//945
f 2732//945 2774//969 2884//968
f 2995//970 2944//946 2842//948
f 2842//948 2884//971 2995//970
f 3045//972 3019//949 2944//951
f 2944//951 2995//973 3045//972
f 3073//974 3041//952 3019//954
f 3019//954 3045//975 3073//974
f 3079//976 3049//955 3041//957
f 3041//957 3073//977 3079//976
f 2237//978 2223//958 1805//959
f 1805//959 1803//978 2237//978
f 2421//961 2411//960 2223//961
f 2223//961 2237//961 2421//961
f 2553//979 2540//962 2411//963
f 2411//963 2421//980 2553//979
f 2684//981 2660//964 2540//965
f 2540//965 2553//981 2684//981
f 2809//982 2774//966 2660//967
f 2660//967 2684//982 2809//982
f 2938//983 2884//968 2774//969
f 2774//969 2809//983 2938//983
f 3031//984 2995//970 2884//971
f 2884//971 2938//984 3031//984
f 3075//985 3045//972 2995//973
f 2995//973 3031//985 3075//985
f 3093//986 3073//974 3045//975
f 3045//975 3075//986 3093//986
f 3117//987 3079//976 3073//977
f 3073//977 3093//987 3117//987
f 2248//988 2237//988 1803//988
f 1803//988 1801//988 2248//988
f 2431//989 2421//989 2237//989
f 2237//989 2248//989 2431//989
f 2573//990 2553//990 2421//990
f 2421//990 2431//990 2573//990
f 2706//991 2684//991 2553//991
f 2553//991 2573//991 2706//991
f 2838//992 2809//992 2684//992
f 2684//992 2706//992 2838//992
f 2985//993 2938//994 2809//993
f 2809//993 2838//993 2985//993
f 3055//995 3031//995 2938//995
f 2938//995 2985//995 3055//995
f 3091//996 3075//996 3031//996
f 3031//996 3055//996 3091//996
f 3133//997 3093//997 3075//997
f 3075//997 3091//997 3133//997
f 3143//998 3117//998 3093//998
f 3093//998 3133//998 3143//998
f 2254//999 2248//999 1801//999
f 1801//999 1799//999 2254//999
f 2439//1000 2431//1000 2248//1000
f 2248//1000 2254//1000 2439//1000
f 2586//1001 2573//1001 2431//1001
f 2431//1001 2439//1001 2586//1001
f 2724//1002 2706//1002 2573//1002
f 2573//1002 2586//1002 2724//1002
f 2862//1003 2838//1003 2706//1003
f 2706//1003 2724//1004 2862//1003
f 3015//1005 2985//1005 2838//1005
f 2838//1005 2862//1005 3015//1005
f 3077//1006 3055//1006 2985//1006
f 2985//1006 3015//1006 3077//1006
f 3129//1007 3091//1007 3055//1007
f 3055//1007 3077//1007 3129//1007
f 3151//1008 3133//1008 3091//1008
f 3091//1008 3129//1008 3151//1008
f 3157//1009 3143//1009 3133//1009
f 3133//1009 3151//1009 3157//1009
f 2268//1010 2254//1010 1799//1010
f 1799//1010 1796//1010 2268//1010
f 2451//1011 2439//1011 2254//1011
f 2254//1011 2268//1011 2451//1011
f 2600//1012 2586//1012 2439//1012
f 2439//1012 2451//1012 2600//1012
f 2744//1013 2724//1013 2586//1013
f 2586//1013 2600//1013 2744//1013
f 2894//1014 2862//1014 2724//1014
f 2724//1014 2744//1014 2894//1014
f 3037//1015 3015//1015 2862//1015
f 2862//1015 2894//1015 3037//1015
f 3089//1016 3077//1016 3015//1016
f 3015//1016 3037//1016 3089//1016
f 3149//1017 3129//1017 3077//1017
f 3077//1017 3089//1017 3149//1017
f 3163//1018 3151//1018 3129//1018
f 3129//1018 3149//1018 3163//1018
f 3173//1019 3157//1019 3151//1019
f 3151//1019 3163//1019 3173//1019
f 2278//1020 2268//1020 1796//1020
f 1796//1020 1793//1020 2278//1020
f 2453//1021 2451//1021 2268//1021
f 2268//1021 2278//1021 2453//1021
f 2616//1022 2600//1022 2451//1022
f 2451//1022 2453//1023 2616//1022
f 2764//1024 2744//1024 2600//1024
f 2600//1024 2616//1024 2764//1024
f 2916//1025 2894//1025 2744//1025
f 2744//1025 2764//1025 2916//1025
f 3047//1026 3037//1026 2894//1026
f 2894//1026 2916//1026 3047//1026
f 3119//1027 3089//1027 3037//1027
f 3037//1027 3047//1027 3119//1027
f 3155//1028 3149//1028 3089//1028
f 3089//1028 3119//1028 3155//1028
f 3179//1029 3163//1029 3149//1029
f 3149//1029 3155//1029 3179//1029
f 3185//1030 3173//1030 3163//1030
f 3163//1030 3179//1030 3185//1030
f 2288//1031 2278//1031 1793//1031
f 1793//1031 1791//1031 2288//1031
f 2459//1032 2453//1032 2278//1032
f 2278//1032 2288//1032 2459//1032
f 2628//1033 2616//1033 2453//1033
f 2453//1033 2459//1033 2628//1033
f 2776//1034 2764//1034 2616//1034
f 2616//1034 2628//1034 2776//1034
f 2942//1035 2916//1035 2764//1035
f 2764//1035 2776//1035 2942//1035
f 3059//1036 3047//1036 2916//1036
f 2916//1036 2942//1036 3059//1036
f 3131//1037 3119//1037 3047//1037
f 3047//1037 3059//1037 3131//1037
f 3165//1038 3155//1038 3119//1038
f 3119//1038 3131//1038 3165//1038
f 3189//1039 3179//1039 3155//1039
f 3155//1039 3165//1039 3189//1039
f 3201//1040 3185//1040 3179//1040
f 3179//1040 3189//1040 3201//1040
f 2296//1041 2288//1041 1791//1041
f 1791//1041 1789//1041 2296//1041
f 2463//1042 2459//1042 2288//1042
f 2288//1042 2296//1042 2463//1042
f 2635//1043 2628//1043 2459//1043
f 2459//1043 2463//1043 2635//1043
f 2782//1044 2776//1044 2628//1044
f 2628//1044 2635//1044 2782//1044
f 2956//1045 2942//1045 2776//1045
f 2776//1045 2782//1045 2956//1045
f 3065//1046 3059//1046 2942//1046
f 2942//1046 2956//1046 3065//1046
f 3137//1047 3131//1047 3059//1047
f 3059//1047 3065//1047 3137//1047
f 3171//1048 3165//1048 3131//1048
f 3131//1048 3137//1048 3171//1048
f 3199//1049 3189//1049 3165//1049
f 3165//1049 3171//1049 3199//1049
f 3210//1050 3201//1050 3189//1050
f 3189//1050 3199//1050 3210//1050
f 2299//1051 2296//1051 1789//1051
f 1789//1051 1786//1052 2299//1051
f 2467//1053 2463//1053 2296//1053
f 2296//1053 2299//1053 2467//1053
f 2644//1054 2635//1054 2463//1054
f 2463//1054 2467//1054 2644//1054
f 2786//1055 2782//1055 2635//1055
f 2635//1055 2644//1055 2786//1055
f 2964//1056 2956//1056 2782//1056
f 2782//1056 2786//1056 2964//1056
f 3069//1057 3065//1057 2956//1057
f 2956//1057 2964//1057 3069//1057
f 3141//1058 3137//1058 3065//1058
f 3065//1058 3069//1058 3141//1058
f 3177//1059 3171//1059 3137//1059
f 3137//1059 3141//1059 3177//1059
f 3204//1060 3199//1060 3171//1060
f 3171//1060 3177//1060 3204//1060
f 3214//1061 3210//1061 3199//1062
f 3199//1062 3204//1062 3214//1061
f 3194//1063 3202//1063 3213//1063
f 3213//1063 3207//1063 3194//1063
f 3166//1064 3175//1064 3202//1064
f 3202//1064 3194//1064 3166//1064
f 3134//1065 3139//1065 3175//1065
f 3175//1065 3166//1065 3134//1065
f 3060//1066 3067//1066 3139//1066
f 3139//1066 3134//1066 3060//1066
f 2953//1067 2962//1067 3067//1067
f 3067//1067 3060//1067 2953//1067
f 2777//1068 2784//1068 2962//1068
f 2962//1068 2953//1068 2777//1068
f 2629//1069 2643//1069 2784//1069
f 2784//1069 2777//1069 2629//1069
f 2460//1070 2465//1070 2643//1070
f 2643//1070 2629//1070 2460//1070
f 2293//1071 2298//1071 2465//1071
f 2465//1071 2460//1071 2293//1071
f 1696//1072 1785//1072 2298//1072
f 2298//1072 2293//1072 1696//1072
f 3180//1073 3194//1073 3207//1073
f 3207//1073 3190//1073 3180//1073
f 3158//1074 3166//1074 3194//1074
f 3194//1074 3180//1074 3158//1074
f 3124//1075 3134//1075 3166//1075
f 3166//1075 3158//1075 3124//1075
f 3050//1076 3060//1076 3134//1076
f 3134//1076 3124//1076 3050//1076
f 2927//1077 2953//1077 3060//1077
f 3060//1077 3050//1077 2927//1077
f 2767//1078 2777//1078 2953//1078
f 2953//1078 2927//1078 2767//1078
f 2619//1079 2629//1079 2777//1079
f 2777//1079 2767//1079 2619//1079
f 2454//1080 2460//1080 2629//1080
f 2629//1080 2619//1080 2454//1080
f 2283//1081 2293//1081 2460//1081
f 2460//1081 2454//1081 2283//1081
f 1695//1082 1696//1082 2293//1082
f 2293//1082 2283//1082 1695//1082
f 3160//1083 3180//1083 3190//1083
f 3190//1083 3168//1083 3160//1083
f 3144//1084 3158//1084 3180//1084
f 3180//1084 3160//1084 3144//1084
f 3086//1085 3124//1085 3158//1085
f 3158//1085 3144//1085 3086//1085
f 3032//1086 3050//1086 3124//1086
f 3124//1086 3086//1086 3032//1086
f 2891//1087 2927//1087 3050//1087
f 3050//1087 3032//1087 2891//1087
f 2739//1088 2767//1088 2927//1088
f 2927//1088 2891//1088 2739//1088
f 2597//1089 2619//1089 2767//1089
f 2767//1089 2739//1089 2597//1089
f 2448//1090 2454//1090 2619//1090
f 2619//1090 2597//1090 2448//1090
f 2265//1091 2283//1091 2454//1091
f 2454//1091 2448//1091 2265//1091
f 1707//1092 1695//1092 2283//1092
f 2283//1092 2265//1092 1707//1092
f 3146//1093 3160//1093 3168//1093
f 3168//1093 3152//1093 3146//1093
f 3122//1094 3144//1094 3160//1094
f 3160//1094 3146//1094 3122//1094
f 3070//1095 3086//1095 3144//1095
f 3144//1095 3122//1095 3070//1095
f 2998//1096 3032//1097 3086//1096
f 3086//1096 3070//1096 2998//1096
f 2853//1098 2891//1098 3032//1098
f 3032//1098 2998//1098 2853//1098
f 2717//1099 2739//1099 2891//1099
f 2891//1099 2853//1099 2717//1099
f 2582//1100 2597//1100 2739//1100
f 2739//1100 2717//1101 2582//1100
f 2434//1102 2448//1102 2597//1102
f 2597//1102 2582//1102 2434//1102
f 2251//1103 2265//1103 2448//1103
f 2448//1103 2434//1103 2251//1103
f 1907//1104 1707//1104 2265//1104
f 2265//1104 2251//1104 1907//1104
f 3120//1105 3146//1105 3152//1105
f 3152//1105 3126//1105 3120//1105
f 3082//1106 3122//1106 3146//1106
f 3146//1106 3120//1106 3082//1106
f 3042//1107 3070//1107 3122//1107
f 3122//1107 3082//1107 3042//1107
f 2957//1108 2998//1108 3070//1108
f 3070//1108 3042//1108 2957//1108
f 2825//1109 2853//1109 2998//1109
f 2998//1109 2957//1109 2825//1109
f 2693//1110 2717//1110 2853//1110
f 2853//1110 2825//1110 2693//1110
f 2556//1111 2582//1111 2717//1111
f 2717//1111 2693//1111 2556//1111
f 2424//1112 2434//1112 2582//1112
f 2582//1112 2556//1112 2424//1112
f 2239//1113 2251//1113 2434//1113
f 2434//1113 2424//1113 2239//1113
f 1906//1114 1907//1114 2251//1114
f 2251//1114 2239//1114 1906//1114
f 3080//1115 3120//1115 3126//1115
f 3126//1115 3084//1115 3080//1115
f 3056//1116 3082//1116 3120//1116
f 3120//1116 3080//1116 3056//1116
f 3012//1117 3042//1117 3082//1117
f 3082//1117 3056//1117 3012//1117
f 2899//1118 2957//1118 3042//1118
f 3042//1118 3012//1118 2899//1118
f 2789//1119 2825//1119 2957//1119
f 2957//1119 2899//1119 2789//1119
f 2675//1120 2693//1120 2825//1120
f 2825//1120 2789//1120 2675//1120
f 2545//1121 2556//1121 2693//1121
f 2693//1121 2675//1121 2545//1121
f 2416//1122 2424//1122 2556//1122
f 2556//1122 2545//1122 2416//1122
f 2228//1123 2239//1123 2424//1123
f 2424//1123 2416//1123 2228//1123
f 1770//1124 1906//1124 2239//1124
f 2239//1124 2228//1124 1770//1124
f 3053//1125 3080//1126 3084//1126
f 3084//1126 3062//1127 3053//1125
f 3028//1128 3056//1128 3080//1128
f 3080//1128 3053//1129 3028//1128
f 2978//1130 3012//1130 3056//1130
f 3056//1130 3028//1131 2978//1130
f 2860//1132 2899//1132 3012//1132
f 3012//1132 2978//1133 2860//1132
f 2754//1134 2789//1134 2899//1134
f 2899//1134 2860//1135 2754//1134
f 2652//1136 2675//1137 2789//1137
f 2789//1137 2754//1138 2652//1136
f 2534//1139 2545//1139 2675//1139
f 2675//1139 2652//1140 2534//1139
f 2406//1141 2416//1141 2545//1141
f 2545//1141 2534//1142 2406//1141
f 2217//1143 2228//1144 2416//1144
f 2416//1144 2406//1145 2217//1143
f 1929//1146 1770//1147 2228//1147
f 2228//1147 2217//1148 1929//1146
f 3035//1149 3053//1125 3062//1127
f 3062//1127 3039//1149 3035//1149
f 2997//1150 3028//1128 3053//1129
f 3053//1129 3035//1151 2997//1150
f 2920//1131 2978//1130 3028//1131
f 3028//1131 2997//1131 2920//1131
f 2832//1152 2860//1132 2978//1133
f 2978//1133 2920//1153 2832//1152
f 2728//1154 2754//1134 2860//1135
f 2860//1135 2832//1154 2728//1154
f 2634//1138 2652//1136 2754//1138
f 2754//1138 2728//1138 2634//1138
f 2528//1155 2534//1139 2652//1140
f 2652//1140 2634//1156 2528//1155
f 2396//1157 2406//1141 2534//1142
f 2534//1142 2528//1157 2396//1157
f 2202//1158 2217//1143 2406//1145
f 2406//1145 2396//1145 2202//1158
f 1765//1159 1929//1146 2217//1148
f 2217//1148 2202//1159 1765//1159
f 3017//1160 3035//1160 3039//1160
f 3039//1160 3027//1160 3017//1160
f 2980//1161 2997//1161 3035//1162
f 3035//1162 3017//1162 2980//1161
f 2896//1163 2920//1163 2997//1163
f 2997//1163 2980//1163 2896//1163
f 2812//1164 2832//1164 2920//1164
f 2920//1164 2896//1164 2812//1164
f 2715//1165 2728//1165 2832//1165
f 2832//1165 2812//1165 2715//1165
f 2618//1166 2634//1166 2728//1166
f 2728//1166 2715//1166 2618//1166
f 2523//1167 2528//1167 2634//1167
f 2634//1167 2618//1167 2523//1167
f 2392//1168 2396//1168 2528//1168
f 2528//1168 2523//1168 2392//1168
f 2196//1169 2202//1169 2396//1170
f 2396//1170 2392//1170 2196//1169
f 1724//1171 1765//1171 2202//1171
f 2202//1171 2196//1171 1724//1171
f 3007//1172 3017//1172 3027//1172
f 3027//1172 3023//1172 3007//1172
f 2969//1173 2980//1173 3017//1173
f 3017//1173 3007//1173 2969//1173
f 2887//1174 2896//1174 2980//1174
f 2980//1174 2969//1174 2887//1174
f 2802//1175 2812//1175 2896//1175
f 2896//1175 2887//1175 2802//1175
f 2709//1176 2715//1176 2812//1176
f 2812//1176 2802//1176 2709//1176
f 2609//1177 2618//1177 2715//1177
f 2715//1177 2709//1177 2609//1177
f 2519//1178 2523//1178 2618//1178
f 2618//1178 2609//1178 2519//1178
f 2386//1179 2392//1179 2523//1179
f 2523//1179 2519//1179 2386//1179
f 2190//1180 2196//1180 2392//1180
f 2392//1180 2386//1180 2190//1180
f 1759//1181 1724//1181 2196//1181
f 2196//1181 2190//1181 1759//1181
f 1329//1182 1324//1182 1785//1182
f 1785//1182 1782//1182 1329//1182
f 1162//1183 1157//1183 1324//1183
f 1324//1183 1329//1183 1162//1183
f 993//1184 982//1184 1157//1184
f 1157//1184 1162//1184 993//1184
f 845//1185 838//1185 982//1185
f 982//1185 993//1185 845//1185
f 669//1186 660//1186 838//1186
f 838//1186 845//1186 669//1186
f 542//1187 535//1187 660//1187
f 660//1187 669//1187 542//1187
f 490//1188 485//1188 535//1188
f 535//1188 542//1188 490//1188
f 438//1189 429//1189 485//1189
f 485//1189 490//1189 438//1189
f 404//1190 396//1190 429//1190
f 429//1190 438//1190 404//1190
f 387//1191 376//1191 396//1191
f 396//1191 404//1191 387//1191
f 1339//1192 1329//1192 1782//1192
f 1782//1192 1780//1192 1339//1192
f 1168//1193 1162//1193 1329//1193
f 1329//1193 1339//1193 1168//1193
f 1003//1194 993//1194 1162//1194
f 1162//1194 1168//1194 1003//1194
f 855//1195 845//1195 993//1195
f 993//1195 1003//1195 855//1195
f 695//1196 669//1196 845//1196
f 845//1196 855//1196 695//1196
f 559//1197 542//1197 669//1197
f 669//1197 695//1197 559//1197
f 500//1198 490//1198 542//1198
f 542//1198 559//1198 500//1198
f 446//1199 438//1199 490//1199
f 490//1199 500//1199 446//1199
f 416//1200 404//1200 438//1200
f 438//1200 446//1200 416//1200
f 408//1201 387//1201 404//1201
f 404//1201 416//1201 408//1201
f 1357//1202 1339//1202 1780//1202
f 1780//1202 1778//1202 1357//1202
f 1174//1203 1168//1203 1339//1203
f 1339//1203 1357//1203 1174//1203
f 1025//1204 1003//1204 1168//1204
f 1168//1204 1174//1204 1025//1204
f 883//1205 855//1205 1003//1205
f 1003//1205 1025//1205 883//1205
f 731//1206 695//1206 855//1206
f 855//1206 883//1206 731//1206
f 583//1207 559//1207 695//1207
f 695//1207 731//1207 583//1207
f 516//1208 500//1208 559//1208
f 559//1208 583//1208 516//1208
f 467//1209 446//1209 500//1209
f 500//1209 516//1209 467//1209
f 444//1210 416//1210 446//1210
f 446//1210 467//1210 444//1210
f 436//1211 408//1211 416//1211
f 416//1211 444//1211 436//1211
f 1371//1212 1357//1212 1778//1212
f 1778//1212 1776//1212 1371//1212
f 1188//1213 1174//1213 1357//1213
f 1357//1213 1371//1213 1188//1213
f 1042//1214 1025//1214 1174//1214
f 1174//1214 1188//1214 1042//1214
f 905//1215 883//1215 1025//1216
f 1025//1216 1042//1216 905//1215
f 769//1217 731//1217 883//1217
f 883//1217 905//1217 769//1217
f 624//1218 583//1218 731//1218
f 731//1218 769//1218 624//1218
f 532//1219 516//1219 583//1219
f 583//1219 624//1219 532//1219
f 502//1220 467//1220 516//1220
f 516//1220 532//1220 502//1220
f 459//1221 444//1221 467//1221
f 467//1221 502//1221 459//1221
f 452//1222 436//1222 444//1222
f 444//1222 459//1222 452//1222
f 1383//1223 1371//1223 1776//1223
f 1776//1223 1774//1223 1383//1223
f 1198//1224 1188//1224 1371//1224
f 1371//1224 1383//1224 1198//1224
f 1068//1225 1042//1225 1188//1225
f 1188//1225 1198//1225 1068//1225
f 929//1226 905//1226 1042//1226
f 1042//1226 1068//1226 929//1226
f 797//1227 769//1227 905//1227
f 905//1227 929//1227 797//1227
f 665//1228 624//1228 769//1228
f 769//1228 797//1228 665//1228
f 569//1229 532//1229 624//1229
f 624//1229 665//1229 569//1229
f 520//1230 502//1230 532//1230
f 532//1230 569//1230 520//1230
f 504//1231 459//1231 502//1231
f 502//1231 520//1231 504//1231
f 498//1232 452//1232 459//1232
f 459//1232 504//1232 498//1232
f 1394//1233 1383//1233 1774//1233
f 1774//1233 1771//1233 1394//1233
f 1206//1234 1198//1234 1383//1234
f 1383//1234 1394//1234 1206//1234
f 1077//1235 1068//1235 1198//1235
f 1198//1235 1206//1235 1077//1235
f 947//1236 929//1236 1068//1236
f 1068//1236 1077//1236 947//1236
f 833//1237 797//1237 929//1237
f 929//1237 947//1237 833//1237
f 723//1238 665//1238 797//1238
f 797//1238 833//1238 723//1238
f 610//1239 569//1239 665//1239
f 665//1239 723//1239 610//1239
f 549//1240 520//1240 569//1240
f 569//1240 610//1240 549//1240
f 522//1241 504//1241 520//1241
f 520//1241 549//1241 522//1241
f 518//1242 498//1242 504//1242
f 504//1242 522//1242 518//1242
f 1407//1243 1394//1244 1771//1244
f 1771//1244 1768//1245 1407//1243
f 1216//1246 1206//1246 1394//1246
f 1394//1246 1407//1247 1216//1246
f 1090//1248 1077//1249 1206//1249
f 1206//1249 1216//1250 1090//1248
f 972//1251 947//1252 1077//1252
f 1077//1252 1090//1253 972//1251
f 870//1254 833//1254 947//1254
f 947//1254 972//1255 870//1254
f 764//1256 723//1257 833//1257
f 833//1257 870//1258 764//1256
f 646//1259 610//1259 723//1259
f 723//1259 764//1260 646//1259
f 587//1261 549//1261 610//1261
f 610//1261 646//1262 587//1261
f 556//1263 522//1264 549//1264
f 549//1264 587//1265 556//1263
f 540//1266 518//1267 522//1267
f 522//1267 556//1268 540//1266
f 1420//1269 1407//1243 1768//1245
f 1768//1245 1764//1269 1420//1269
f 1226//1270 1216//1246 1407//1247
f 1407//1247 1420//1271 1226//1270
f 1096//1250 1090//1248 1216//1250
f 1216//1250 1226//1250 1096//1250
f 990//1272 972//1251 1090//1253
f 1090//1253 1096//1272 990//1272
f 896//1255 870//1254 972//1255
f 972//1255 990//1255 896//1255
f 792//1273 764//1256 870//1258
f 870//1258 896//1273 792//1273
f 704//1274 646//1259 764//1260
f 764//1260 792//1274 704//1274
f 627//1275 587//1261 646//1262
f 646//1262 704//1275 627//1275
f 582//1276 556//1263 587//1265
f 587//1265 627//1265 582//1276
f 574//1277 540//1266 556//1268
f 556//1268 582//1277 574//1277
f 1426//1278 1420//1278 1764//1278
f 1764//1278 1762//1278 1426//1278
f 1230//1279 1226//1279 1420//1280
f 1420//1280 1426//1280 1230//1279
f 1101//1281 1096//1281 1226//1281
f 1226//1281 1230//1281 1101//1281
f 1006//1282 990//1282 1096//1282
f 1096//1282 1101//1282 1006//1282
f 907//1283 896//1283 990//1283
f 990//1283 1006//1283 907//1283
f 812//1284 792//1284 896//1284
f 896//1284 907//1284 812//1284
f 728//1285 704//1285 792//1285
f 792//1285 812//1285 728//1285
f 644//1286 627//1286 704//1286
f 704//1286 728//1286 644//1286
f 607//1287 582//1287 627//1288
f 627//1288 644//1288 607//1287
f 592//1289 574//1289 582//1289
f 582//1289 607//1289 592//1289
f 1430//1290 1426//1290 1762//1290
f 1762//1290 1758//1290 1430//1290
f 1234//1291 1230//1291 1426//1291
f 1426//1291 1430//1291 1234//1291
f 1107//1292 1101//1292 1230//1292
f 1230//1292 1234//1292 1107//1292
f 1012//1293 1006//1293 1101//1293
f 1101//1293 1107//1293 1012//1293
f 912//1294 907//1294 1006//1294
f 1006//1294 1012//1294 912//1294
f 819//1295 812//1295 907//1295
f 907//1295 912//1295 819//1295
f 738//1296 728//1296 812//1296
f 812//1296 819//1296 738//1296
f 651//1297 644//1297 728//1297
f 728//1297 738//1297 651//1297
f 618//1298 607//1298 644//1298
f 644//1298 651//1298 618//1298
f 601//1299 592//1299 607//1299
f 607//1299 618//1299 601//1299
f 405//1300 397//1300 376//1300
f 376//1300 388//1300 405//1300
f 439//1301 430//1301 397//1301
f 397//1301 405//1301 439//1301
f 491//1302 486//1302 430//1302
f 430//1302 439//1302 491//1302
f 543//1303 536//1303 486//1303
f 486//1303 491//1303 543//1303
f 670//1304 661//1304 536//1304
f 536//1304 543//1304 670//1304
f 846//1305 839//1305 661//1305
f 661//1305 670//1305 846//1305
f 994//1306 980//1306 839//1306
f 839//1306 846//1306 994//1306
f 1163//1307 1158//1307 980//1307
f 980//1307 994//1307 1163//1307
f 1330//1308 1325//1308 1158//1308
f 1158//1308 1163//1308 1330//1308
f 1926//1309 1786//1309 1325//1309
f 1325//1309 1330//1309 1926//1309
f 417//1310 405//1310 388//1310
f 388//1310 409//1310 417//1310
f 447//1311 439//1311 405//1311
f 405//1311 417//1311 447//1311
f 501//1312 491//1312 439//1312
f 439//1312 447//1312 501//1312
f 560//1313 543//1313 491//1313
f 491//1313 501//1313 560//1313
f 696//1314 670//1314 543//1314
f 543//1314 560//1314 696//1314
f 856//1315 846//1315 670//1315
f 670//1315 696//1315 856//1315
f 1004//1316 994//1316 846//1316
f 846//1316 856//1316 1004//1316
f 1169//1317 1163//1317 994//1317
f 994//1317 1004//1317 1169//1317
f 1340//1318 1330//1318 1163//1318
f 1163//1318 1169//1318 1340//1318
f 1925//1319 1926//1319 1330//1319
f 1330//1319 1340//1319 1925//1319
f 445//1320 417//1320 409//1320
f 409//1320 437//1320 445//1320
f 468//1321 447//1321 417//1321
f 417//1321 445//1321 468//1321
f 517//1322 501//1322 447//1322
f 447//1322 468//1322 517//1322
f 584//1323 560//1323 501//1323
f 501//1323 517//1323 584//1323
f 732//1324 696//1324 560//1324
f 560//1324 584//1324 732//1324
f 884//1325 856//1325 696//1325
f 696//1325 732//1325 884//1325
f 1026//1326 1004//1326 856//1326
f 856//1326 884//1326 1026//1326
f 1175//1327 1169//1327 1004//1327
f 1004//1327 1026//1327 1175//1327
f 1358//1328 1340//1328 1169//1328
f 1169//1328 1175//1328 1358//1328
f 1908//1329 1925//1329 1340//1329
f 1340//1329 1358//1329 1908//1329
f 460//1330 445//1330 437//1330
f 437//1330 453//1330 460//1330
f 503//1331 468//1331 445//1331
f 445//1331 460//1331 503//1331
f 533//1332 517//1332 468//1332
f 468//1332 503//1332 533//1332
f 625//1333 584//1334 517//1333
f 517//1333 533//1333 625//1333
f 770//1335 732//1335 584//1335
f 584//1335 625//1335 770//1335
f 906//1336 884//1336 732//1336
f 732//1336 770//1336 906//1336
f 1041//1337 1026//1337 884//1337
f 884//1337 906//1338 1041//1337
f 1189//1339 1175//1339 1026//1339
f 1026//1339 1041//1339 1189//1339
f 1372//1340 1358//1340 1175//1340
f 1175//1340 1189//1340 1372//1340
f 1706//1341 1908//1341 1358//1341
f 1358//1341 1372//1341 1706//1341
f 505//1342 460//1342 453//1342
f 453//1342 499//1342 505//1342
f 521//1343 503//1343 460//1343
f 460//1343 505//1343 521//1343
f 570//1344 533//1344 503//1344
f 503//1344 521//1344 570//1344
f 666//1345 625//1345 533//1345
f 533//1345 570//1345 666//1345
f 798//1346 770//1346 625//1346
f 625//1346 666//1346 798//1346
f 930//1347 906//1347 770//1347
f 770//1347 798//1347 930//1347
f 1067//1348 1041//1348 906//1348
f 906//1348 930//1348 1067//1348
f 1199//1349 1189//1349 1041//1349
f 1041//1349 1067//1349 1199//1349
f 1384//1350 1372//1350 1189//1350
f 1189//1350 1199//1350 1384//1350
f 1705//1351 1706//1351 1372//1351
f 1372//1351 1384//1351 1705//1351
f 523//1352 505//1352 499//1352
f 499//1352 519//1352 523//1352
f 550//1353 521//1353 505//1353
f 505//1353 523//1353 550//1353
f 611//1354 570//1354 521//1354
f 521//1354 550//1354 611//1354
f 724//1355 666//1355 570//1355
f 570//1355 611//1355 724//1355
f 834//1356 798//1356 666//1356
f 666//1356 724//1356 834//1356
f 948//1357 930//1357 798//1357
f 798//1357 834//1357 948//1357
f 1078//1358 1067//1358 930//1358
f 930//1358 948//1358 1078//1358
f 1207//1359 1199//1359 1067//1359
f 1067//1359 1078//1359 1207//1359
f 1395//1360 1384//1360 1199//1360
f 1199//1360 1207//1360 1395//1360
f 1773//1361 1705//1361 1384//1361
f 1384//1361 1395//1361 1773//1361
f 555//1362 523//1363 519//1363
f 519//1363 541//1364 555//1362
f 588//1365 550//1365 523//1365
f 523//1365 555//1366 588//1365
f 645//1367 611//1367 550//1367
f 550//1367 588//1368 645//1367
f 763//1369 724//1369 611//1369
f 611//1369 645//1370 763//1369
f 869//1371 834//1371 724//1371
f 724//1371 763//1372 869//1371
f 971//1373 948//1374 834//1374
f 834//1374 869//1375 971//1373
f 1089//1376 1078//1376 948//1376
f 948//1376 971//1377 1089//1376
f 1217//1378 1207//1378 1078//1378
f 1078//1378 1089//1379 1217//1378
f 1406//1380 1395//1381 1207//1381
f 1207//1381 1217//1382 1406//1380
f 1692//1383 1773//1384 1395//1384
f 1395//1384 1406//1385 1692//1383
f 581//1386 555//1362 541//1364
f 541//1364 573//1386 581//1386
f 626//1387 588//1365 555//1366
f 555//1366 581//1388 626//1387
f 703//1368 645//1367 588//1368
f 588//1368 626//1368 703//1368
f 791//1389 763//1369 645//1370
f 645//1370 703//1390 791//1389
f 895//1391 869//1371 763//1372
f 763//1372 791//1391 895//1391
f 989//1375 971//1373 869//1375
f 869//1375 895//1375 989//1375
f 1095//1392 1089//1376 971//1377
f 971//1377 989//1393 1095//1392
f 1227//1394 1217//1378 1089//1379
f 1089//1379 1095//1394 1227//1394
f 1421//1395 1406//1380 1217//1382
f 1217//1382 1227//1382 1421//1395
f 1766//1396 1692//1383 1406//1385
f 1406//1385 1421//1396 1766//1396
f 606//1397 581//1397 573//1397
f 573//1397 591//1397 606//1397
f 643//1398 626//1398 581//1399
f 581//1399 606//1399 643//1398
f 727//1400 703//1400 626//1400
f 626//1400 643//1400 727//1400
f 811//1401 791//1401 703//1401
f 703//1401 727//1401 811//1401
f 908//1402 895//1402 791//1402
f 791//1402 811//1402 908//1402
f 1005//1403 989//1403 895//1403
f 895//1403 908//1403 1005//1403
f 1100//1404 1095//1404 989//1404
f 989//1404 1005//1404 1100//1404
f 1231//1405 1227//1405 1095//1405
f 1095//1405 1100//1405 1231//1405
f 1427//1406 1421//1406 1227//1407
f 1227//1407 1231//1407 1427//1406
f 1897//1408 1766//1408 1421//1408
f 1421//1408 1427//1408 1897//1408
f 615//1409 606//1409 591//1409
f 591//1409 598//1409 615//1409
f 653//1410 643//1410 606//1410
f 606//1410 615//1410 653//1410
f 735//1411 727//1411 643//1411
f 643//1411 653//1411 735//1411
f 820//1412 811//1412 727//1412
f 727//1412 735//1412 820//1412
f 913//1413 908//1413 811//1413
f 811//1413 820//1413 913//1413
f 1013//1414 1005//1414 908//1414
f 908//1414 913//1414 1013//1414
f 1103//1415 1100//1415 1005//1415
f 1005//1415 1013//1415 1103//1415
f 1236//1416 1231//1416 1100//1416
f 1100//1416 1103//1416 1236//1416
f 1432//1417 1427//1417 1231//1417
f 1231//1417 1236//1417 1432//1417
f 1760//1418 1897//1418 1427//1418
f 1427//1418 1432//1418 1760//1418
f 2294//1419 2299//1419 1786//1419
f 1786//1419 1783//1419 2294//1419
f 2461//1420 2466//1420 2299//1420
f 2299//1420 2294//1420 2461//1420
f 2630//1421 2641//1421 2466//1421
f 2466//1421 2461//1421 2630//1421
f 2778//1422 2785//1422 2641//1422
f 2641//1422 2630//1422 2778//1422
f 2954//1423 2963//1423 2785//1423
f 2785//1423 2778//1423 2954//1423
f 3061//1424 3068//1424 2963//1424
f 2963//1424 2954//1424 3061//1424
f 3135//1425 3140//1425 3068//1425
f 3068//1425 3061//1425 3135//1425
f 3167//1426 3176//1426 3140//1426
f 3140//1426 3135//1426 3167//1426
f 3195//1427 3203//1427 3176//1427
f 3176//1427 3167//1427 3195//1427
f 3208//1428 3213//1428 3203//1428
f 3203//1428 3195//1428 3208//1428
f 2284//1429 2294//1429 1783//1429
f 1783//1429 1781//1429 2284//1429
f 2455//1430 2461//1430 2294//1430
f 2294//1430 2284//1430 2455//1430
f 2620//1431 2630//1431 2461//1431
f 2461//1431 2455//1431 2620//1431
f 2768//1432 2778//1432 2630//1432
f 2630//1432 2620//1432 2768//1432
f 2928//1433 2954//1433 2778//1433
f 2778//1433 2768//1433 2928//1433
f 3051//1434 3061//1434 2954//1434
f 2954//1434 2928//1434 3051//1434
f 3125//1435 3135//1435 3061//1435
f 3061//1435 3051//1435 3125//1435
f 3159//1436 3167//1436 3135//1436
f 3135//1436 3125//1436 3159//1436
f 3181//1437 3195//1437 3167//1437
f 3167//1437 3159//1437 3181//1437
f 3191//1438 3208//1438 3195//1438
f 3195//1438 3181//1438 3191//1438
f 2266//1439 2284//1439 1781//1439
f 1781//1439 1779//1439 2266//1439
f 2449//1440 2455//1440 2284//1440
f 2284//1440 2266//1440 2449//1440
f 2598//1441 2620//1441 2455//1441
f 2455//1441 2449//1441 2598//1441
f 2740//1442 2768//1442 2620//1442
f 2620//1442 2598//1442 2740//1442
f 2892//1443 2928//1443 2768//1443
f 2768//1443 2740//1443 2892//1443
f 3033//1444 3051//1444 2928//1444
f 2928//1444 2892//1444 3033//1444
f 3087//1445 3125//1445 3051//1445
f 3051//1445 3033//1445 3087//1445
f 3145//1446 3159//1446 3125//1446
f 3125//1446 3087//1446 3145//1446
f 3161//1447 3181//1447 3159//1447
f 3159//1447 3145//1447 3161//1447
f 3169//1448 3191//1448 3181//1448
f 3181//1448 3161//1448 3169//1448
f 2252//1449 2266//1449 1779//1449
f 1779//1449 1777//1449 2252//1449
f 2435//1450 2449//1450 2266//1450
f 2266//1450 2252//1450 2435//1450
f 2581//1451 2598//1451 2449//1451
f 2449//1451 2435//1451 2581//1451
f 2718//1452 2740//1452 2598//1453
f 2598//1453 2581//1453 2718//1452
f 2854//1454 2892//1454 2740//1454
f 2740//1454 2718//1454 2854//1454
f 2999//1455 3033//1455 2892//1455
f 2892//1455 2854//1455 2999//1455
f 3071//1456 3087//1456 3033//1456
f 3033//1456 2999//1456 3071//1456
f 3123//1457 3145//1457 3087//1457
f 3087//1457 3071//1457 3123//1457
f 3147//1458 3161//1458 3145//1458
f 3145//1458 3123//1458 3147//1458
f 3153//1459 3169//1459 3161//1459
f 3161//1459 3147//1459 3153//1459
f 2240//1460 2252//1460 1777//1460
f 1777//1460 1775//1460 2240//1460
f 2425//1461 2435//1461 2252//1461
f 2252//1461 2240//1461 2425//1461
f 2555//1462 2581//1462 2435//1462
f 2435//1462 2425//1462 2555//1462
f 2694//1463 2718//1463 2581//1463
f 2581//1463 2555//1463 2694//1463
f 2826//1464 2854//1464 2718//1464
f 2718//1464 2694//1464 2826//1464
f 2958//1465 2999//1465 2854//1465
f 2854//1465 2826//1465 2958//1465
f 3043//1466 3071//1466 2999//1466
f 2999//1466 2958//1466 3043//1466
f 3083//1467 3123//1467 3071//1467
f 3071//1467 3043//1467 3083//1467
f 3121//1468 3147//1468 3123//1468
f 3123//1468 3083//1468 3121//1468
f 3127//1469 3153//1469 3147//1469
f 3147//1469 3121//1469 3127//1469
f 2229//1470 2240//1470 1775//1470
f 1775//1470 1772//1470 2229//1470
f 2417//1471 2425//1471 2240//1471
f 2240//1471 2229//1471 2417//1471
f 2546//1472 2555//1472 2425//1472
f 2425//1472 2417//1472 2546//1472
f 2676//1473 2694//1473 2555//1473
f 2555//1473 2546//1473 2676//1473
f 2790//1474 2826//1474 2694//1474
f 2694//1474 2676//1474 2790//1474
f 2900//1475 2958//1475 2826//1475
f 2826//1475 2790//1475 2900//1475
f 3013//1476 3043//1476 2958//1476
f 2958//1476 2900//1476 3013//1476
f 3057//1477 3083//1477 3043//1477
f 3043//1477 3013//1477 3057//1477
f 3081//1478 3121//1478 3083//1478
f 3083//1478 3057//1478 3081//1478
f 3085//1479 3127//1479 3121//1479
f 3121//1479 3081//1479 3085//1479
f 2216//1480 2229//1481 1772//1481
f 1772//1481 1769//1482 2216//1480
f 2407//1483 2417//1483 2229//1483
f 2229//1483 2216//1484 2407//1483
f 2533//1485 2546//1486 2417//1486
f 2417//1486 2407//1487 2533//1485
f 2651//1488 2676//1489 2546//1489
f 2546//1489 2533//1490 2651//1488
f 2753//1491 2790//1491 2676//1491
f 2676//1491 2651//1492 2753//1491
f 2859//1493 2900//1494 2790//1494
f 2790//1494 2753//1495 2859//1493
f 2977//1496 3013//1496 2900//1496
f 2900//1496 2859//1497 2977//1496
f 3029//1498 3057//1498 3013//1498
f 3013//1498 2977//1499 3029//1498
f 3052//1500 3081//1501 3057//1501
f 3057//1501 3029//1502 3052//1500
f 3063//1503 3085//1504 3081//1504
f 3081//1504 3052//1505 3063//1503
f 2203//1506 2216//1480 1769//1482
f 1769//1482 1767//1506 2203//1506
f 2397//1507 2407//1483 2216//1484
f 2216//1484 2203//1508 2397//1507
f 2527//1487 2533//1485 2407//1487
f 2407//1487 2397//1487 2527//1487
f 2633//1509 2651//1488 2533//1490
f 2533//1490 2527//1509 2633//1509
f 2727//1492 2753//1491 2651//1492
f 2651//1492 2633//1492 2727//1492
f 2831//1510 2859//1493 2753//1495
f 2753//1495 2727//1510 2831//1510
f 2919//1511 2977//1496 2859//1497
f 2859//1497 2831//1511 2919//1511
f 2996//1512 3029//1498 2977//1499
f 2977//1499 2919//1512 2996//1512
f 3034//1513 3052//1500 3029//1502
f 3029//1502 2996//1502 3034//1513
f 3038//1514 3063//1503 3052//1505
f 3052//1505 3034//1514 3038//1514
f 2197//1515 2203//1515 1767//1515
f 1767//1515 1763//1515 2197//1515
f 2393//1516 2397//1516 2203//1517
f 2203//1517 2197//1517 2393//1516
f 2522//1518 2527//1518 2397//1518
f 2397//1518 2393//1518 2522//1518
f 2617//1519 2633//1519 2527//1519
f 2527//1519 2522//1519 2617//1519
f 2716//1520 2727//1520 2633//1520
f 2633//1520 2617//1520 2716//1520
f 2811//1521 2831//1521 2727//1521
f 2727//1521 2716//1521 2811//1521
f 2895//1522 2919//1522 2831//1522
f 2831//1522 2811//1522 2895//1522
f 2979//1523 2996//1523 2919//1523
f 2919//1523 2895//1523 2979//1523
f 3016//1524 3034//1524 2996//1525
f 2996//1525 2979//1525 3016//1524
f 3026//1526 3038//1526 3034//1526
f 3034//1526 3016//1526 3026//1526
f 2193//1527 2197//1527 1763//1527
f 1763//1527 1761//1527 2193//1527
f 2389//1528 2393//1528 2197//1528
f 2197//1528 2193//1528 2389//1528
f 2516//1529 2522//1529 2393//1529
f 2393//1529 2389//1529 2516//1529
f 2610//1530 2617//1530 2522//1530
f 2522//1530 2516//1530 2610//1530
f 2710//1531 2716//1531 2617//1531
f 2617//1531 2610//1531 2710//1531
f 2803//1532 2811//1532 2716//1532
f 2716//1532 2710//1532 2803//1532
f 2885//1533 2895//1533 2811//1533
f 2811//1533 2803//1533 2885//1533
f 2971//1534 2979//1534 2895//1534
f 2895//1534 2885//1534 2971//1534
f 3005//1535 3016//1535 2979//1535
f 2979//1535 2971//1535 3005//1535
f 3022//1536 3026//1536 3016//1536
f 3016//1536 3005//1536 3022//1536
f 461//1537 545//1537 544//1537
f 544//1537 456//1538 461//1539
f 463//1540 551//1540 545//1540
f 545//1541 461//1542 463//1543
f 465//1544 557//1544 551//1544
f 551//1545 463//1546 465//1547
f 469//1548 567//1548 557//1548
f 557//1549 465//1550 469//1551
f 471//1552 575//1552 567//1552
f 567//1553 469//1554 471//1555
f 473//1556 577//1556 575//1556
f 575//1557 471//1558 473//1559
f 475//1560 589//1560 577//1560
f 577//1561 473//1562 475//1563
f 477//1564 593//1564 589//1564
f 589//1565 475//1566 477//1567
f 479//1568 595//1568 593//1568
f 593//1569 477//1570 479//1571
f 481//1572 599//1572 595//1572
f 595//1572 479//1572 481//1572
f 389//1538 461//1539 456//1538
f 456//1538 392//1573 389//1538
f 386//1574 463//1543 461//1542
f 461//1542 389//1575 386//1574
f 379//1576 465//1547 463//1546
f 463//1546 386//1577 379//1576
f 373//1578 469//1551 465//1550
f 465//1550 379//1579 373//1578
f 371//1580 471//1555 469//1554
f 469//1554 373//1581 371//1580
f 369//1582 473//1559 471//1558
f 471//1558 371//1583 369//1582
f 366//1584 475//1563 473//1562
f 473//1562 369//1585 366//1584
f 364//1586 477//1567 475//1566
f 475//1566 366//1587 364//1586
f 362//1588 479//1571 477//1570
f 477//1570 364//1589 362//1588
f 361//1590 481//1591 479//1591
f 479//1591 362//1592 361//1590
f 335//1593 389//1594 392//1595
f 392//1595 337//1596 335//1593
f 333//1597 386//1598 389//1599
f 389//1599 335//1600 333//1597
f 331//1601 379//1602 386//1603
f 386//1603 333//1604 331//1601
f 329//1605 373//1606 379//1607
f 379//1607 331//1608 329//1605
f 328//1609 371//1580 373//1581
f 373//1581 329//1610 328//1609
f 325//1611 369//1582 371//1583
f 371//1583 328//1612 325//1611
f 323//1613 366//1614 369//1615
f 369//1615 325//1616 323//1613
f 321//1617 364//1618 366//1619
f 366//1619 323//1620 321//1617
f 319//1621 362//1622 364//1623
f 364//1623 321//1624 319//1621
f 316//1625 361//1626 362//1627
f 362//1627 319//1628 316//1625
f 298//1629 335//1630 337//1631
f 337//1631 302//1632 298//1629
f 290//1633 333//1634 335//1635
f 335//1635 298//1636 290//1633
f 288//1637 331//1638 333//1639
f 333//1639 290//1640 288//1637
f 286//1641 329//1642 331//1643
f 331//1643 288//1644 286//1641
f 281//1645 328//1609 329//1610
f 329//1610 286//1646 281//1645
f 275//1647 325//1611 328//1612
f 328//1612 281//1648 275//1647
f 265//1649 323//1650 325//1651
f 325//1651 275//1652 265//1649
f 259//1653 321//1654 323//1655
f 323//1655 265//1656 259//1653
f 255//1657 319//1658 321//1659
f 321//1659 259//1660 255//1657
f 249//1661 316//1662 319//1663
f 319//1663 255//1664 249//1661
f 269//1665 298//1666 302//1667
f 302//1667 271//1668 269//1665
f 261//1669 290//1670 298//1671
f 298//1671 269//1672 261//1669
f 251//1673 288//1673 290//1673
f 290//1674 261//1674 251//1674
f 238//1675 286//1675 288//1675
f 288//1676 251//1676 238//1676
f 230//1677 281//1678 286//1679
f 286//1679 238//1680 230//1677
f 218//1681 275//1682 281//1683
f 281//1683 230//1684 218//1681
f 208//1685 265//1685 275//1685
f 275//1686 218//1686 208//1686
f 196//1687 259//1687 265//1687
f 265//1688 208//1688 196//1688
f 186//1689 255//1690 259//1691
f 259//1691 196//1692 186//1689
f 181//1693 249//1694 255//1695
f 255//1695 186//1696 181//1693
f 228//1697 269//1698 271//1699
f 271//1699 234//1700 228//1697
f 222//1701 261//1701 269//1701
f 269//1702 228//1702 222//1702
f 212//1703 251//1703 261//1703
f 261//1704 222//1704 212//1704
f 200//1705 238//1705 251//1705
f 251//1706 212//1706 200//1706
f 177//1707 230//1707 238//1707
f 238//1708 200//1708 177//1708
f 160//1709 218//1710 230//1711
f 230//1711 177//1712 160//1709
f 134//1713 208//1713 218//1713
f 218//1714 160//1714 134//1714
f 112//1715 196//1715 208//1715
f 208//1716 134//1716 112//1716
f 102//1717 186//1718 196//1719
f 196//1719 112//1720 102//1717
f 96//1721 181//1722 186//1723
f 186//1723 102//1724 96//1721
f 198//1725 228//1726 234//1727
f 234//1727 205//1728 198//1725
f 182//1729 222//1729 228//1729
f 228//1730 198//1730 182//1730
f 168//1731 212//1731 222//1731
f 222//1732 182//1732 168//1732
f 146//1733 200//1733 212//1733
f 212//1734 168//1734 146//1734
f 118//1735 177//1735 200//1735
f 200//1736 146//1736 118//1736
f 92//1737 160//1737 177//1737
f 177//1738 118//1738 92//1738
f 74//1739 134//1739 160//1739
f 160//1740 92//1740 74//1740
f 63//1741 112//1741 134//1741
f 134//1742 74//1742 63//1742
f 53//1743 102//1743 112//1743
f 112//1744 63//1744 53//1744
f 50//1745 96//1746 102//1747
f 102//1747 53//1748 50//1745
f 167//1749 198//1750 205//1751
f 205//1751 170//1752 167//1749
f 154//1753 182//1753 198//1753
f 198//1754 167//1754 154//1754
f 126//1755 168//1755 182//1755
f 182//1756 154//1756 126//1756
f 100//1757 146//1757 168//1757
f 168//1758 126//1758 100//1758
f 83//1759 118//1759 146//1759
f 146//1760 100//1760 83//1760
f 61//1761 92//1761 118//1761
f 118//1762 83//1762 61//1762
f 46//1763 74//1763 92//1763
f 92//1764 61//1764 46//1764
f 32//1765 63//1765 74//1765
f 74//1766 46//1766 32//1766
f 25//1767 53//1767 63//1767
f 63//1768 32//1768 25//1768
f 21//1769 50//1770 53//1771
f 53//1771 25//1772 21//1769
f 143//1773 167//1774 170//1775
f 170//1775 150//1776 143//1773
f 124//1777 154//1777 167//1777
f 167//1778 143//1778 124//1778
f 104//1779 126//1779 154//1779
f 154//1780 124//1780 104//1780
f 84//1781 100//1781 126//1781
f 126//1782 104//1782 84//1782
f 65//1783 83//1784 100//1785
f 100//1785 84//1786 65//1783
f 44//1787 61//1788 83//1789
f 83//1789 65//1790 44//1787
f 30//1791 46//1791 61//1791
f 61//1792 44//1792 30//1792
f 17//1793 32//1793 46//1793
f 46//1794 30//1794 17//1794
f 9//1795 25//1795 32//1795
f 32//1796 17//1796 9//1796
f 5//1797 21//1798 25//1799
f 25//1799 9//1800 5//1797
f 132//1801 143//1802 150//1803
f 150//1803 140//1804 132//1801
f 116//1805 124//1806 143//1807
f 143//1807 132//1808 116//1805
f 94//1809 104//1809 124//1809
f 124//1810 116//1810 94//1810
f 76//1811 84//1812 104//1813
f 104//1813 94//1814 76//1811
f 55//1815 65//1816 84//1817
f 84//1817 76//1818 55//1815
f 40//1819 44//1820 65//1821
f 65//1821 55//1822 40//1819
f 22//1823 30//1824 44//1825
f 44//1825 40//1826 22//1823
f 11//1827 17//1828 30//1829
f 30//1829 22//1830 11//1827
f 2//1831 9//1832 17//1833
f 17//1833 11//1834 2//1831
f 1//1835 5//1836 9//1837
f 9//1837 2//1838 1//1835
f 480//1839 596//1839 599//1839
f 599//1839 481//1840 480//1841
f 478//1842 594//1842 596//1842
f 596//1843 480//1844 478//1845
f 476//1846 590//1846 594//1846
f 594//1847 478//1848 476//1849
f 474//1850 578//1850 590//1850
f 590//1851 476//1852 474//1853
f 472//1854 576//1854 578//1854
f 578//1855 474//1856 472//1857
f 470//1858 568//1858 576//1858
f 576//1859 472//1860 470//1861
f 466//1862 558//1862 568//1862
f 568//1863 470//1864 466//1865
f 464//1866 552//1866 558//1866
f 558//1867 466//1868 464//1869
f 462//1870 546//1870 552//1870
f 552//1871 464//1872 462//1873
f 456//1874 544//1874 546//1874
f 546//1874 462//1874 456//1874
f 363//1875 480//1841 481//1840
f 481//1840 360//1875 363//1875
f 365//1876 478//1845 480//1844
f 480//1844 363//1877 365//1876
f 367//1878 476//1849 478//1848
f 478//1848 365//1879 367//1878
f 368//1880 474//1853 476//1852
f 476//1852 367//1881 368//1880
f 370//1882 472//1857 474//1856
f 474//1856 368//1883 370//1882
f 372//1884 470//1861 472//1860
f 472//1860 370//1885 372//1884
f 380//1886 466//1865 470//1864
f 470//1864 372//1887 380//1886
f 385//1888 464//1869 466//1868
f 466//1868 380//1889 385//1888
f 390//1890 462//1873 464//1872
f 464//1872 385//1891 390//1890
f 391//1892 456//1893 462//1894
f 462//1894 390//1895 391//1892
f 320//1896 363//1897 360//1898
f 360//1898 316//1898 320//1896
f 322//1899 365//1900 363//1901
f 363//1901 320//1902 322//1899
f 324//1903 367//1904 365//1905
f 365//1905 322//1906 324//1903
f 326//1907 368//1908 367//1909
f 367//1909 324//1910 326//1907
f 327//1911 370//1882 368//1883
f 368//1883 326//1912 327//1911
f 330//1913 372//1884 370//1885
f 370//1885 327//1914 330//1913
f 332//1915 380//1886 372//1887
f 372//1916 330//1916 332//1916
f 334//1917 385//1918 380//1919
f 380//1919 332//1920 334//1917
f 336//1921 390//1922 385//1923
f 385//1923 334//1924 336//1921
f 337//1925 391//1926 390//1927
f 390//1927 336//1928 337//1925
f 256//1929 320//1930 316//1931
f 316//1931 250//1932 256//1929
f 260//1933 322//1934 320//1935
f 320//1935 256//1936 260//1933
f 266//1937 324//1938 322//1939
f 322//1939 260//1940 266//1937
f 276//1941 326//1942 324//1943
f 324//1943 266//1944 276//1941
f 282//1945 327//1911 326//1912
f 326//1912 276//1946 282//1945
f 287//1947 330//1913 327//1914
f 327//1914 282//1948 287//1947
f 289//1949 332//1950 330//1951
f 330//1951 287//1952 289//1949
f 291//1953 334//1954 332//1955
f 332//1955 289//1956 291//1953
f 299//1957 336//1958 334//1959
f 334//1959 291//1960 299//1957
f 303//1961 337//1962 336//1963
f 336//1963 299//1964 303//1961
f 187//1965 256//1966 250//1967
f 250//1967 181//1968 187//1965
f 197//1969 260//1970 256//1971
f 256//1971 187//1972 197//1969
f 209//1973 266//1974 260//1975
f 260//1975 197//1976 209//1973
f 219//1977 276//1978 266//1979
f 266//1979 209//1980 219//1977
f 231//1981 282//1982 276//1983
f 276//1983 219//1984 231//1981
f 239//1985 287//1986 282//1987
f 282//1987 231//1988 239//1985
f 252//1989 289//1989 287//1989
f 287//1990 239//1990 252//1990
f 262//1991 291//1991 289//1991
f 289//1992 252//1992 262//1992
f 270//1993 299//1994 291//1995
f 291//1995 262//1996 270//1993
f 272//1997 303//1998 299//1999
f 299//1999 270//2000 272//1997
f 103//2001 187//2002 181//2003
f 181//2003 97//2004 103//2001
f 113//2005 197//2006 187//2007
f 187//2007 103//2008 113//2005
f 135//2009 209//2009 197//2009
f 197//2010 113//2010 135//2010
f 161//2011 219//2011 209//2011
f 209//2012 135//2012 161//2012
f 178//2013 231//2014 219//2015
f 219//2015 161//2016 178//2013
f 201//2017 239//2018 231//2019
f 231//2019 178//2020 201//2017
f 213//2021 252//2021 239//2021
f 239//2022 201//2022 213//2022
f 223//2023 262//2023 252//2023
f 252//2024 213//2024 223//2024
f 229//2025 270//2025 262//2025
f 262//2026 223//2026 229//2026
f 235//2027 272//2028 270//2029
f 270//2029 229//2030 235//2027
f 54//2031 103//2032 97//2033
f 97//2033 50//2034 54//2031
f 64//2035 113//2035 103//2035
f 103//2036 54//2036 64//2036
f 75//2037 135//2037 113//2037
f 113//2038 64//2038 75//2038
f 93//2039 161//2039 135//2039
f 135//2040 75//2040 93//2040
f 119//2041 178//2042 161//2043
f 161//2043 93//2044 119//2041
f 147//2045 201//2046 178//2047
f 178//2047 119//2048 147//2045
f 169//2049 213//2049 201//2049
f 201//2050 147//2050 169//2050
f 183//2051 223//2051 213//2051
f 213//2052 169//2052 183//2052
f 199//2053 229//2053 223//2053
f 223//2054 183//2054 199//2054
f 205//2055 235//2056 229//2057
f 229//2057 199//2058 205//2055
f 24//2059 54//2060 50//2061
f 50//2061 21//2062 24//2059
f 33//2063 64//2063 54//2063
f 54//2064 24//2064 33//2064
f 47//2065 75//2065 64//2065
f 64//2066 33//2066 47//2066
f 62//2067 93//2067 75//2067
f 75//2068 47//2068 62//2068
f 82//2069 119//2070 93//2071
f 93//2071 62//2072 82//2069
f 101//2073 147//2074 119//2075
f 119//2075 82//2076 101//2073
f 127//2077 169//2077 147//2077
f 147//2078 101//2078 127//2078
f 155//2079 183//2079 169//2079
f 169//2080 127//2080 155//2080
f 166//2081 199//2081 183//2081
f 183//2082 155//2082 166//2082
f 171//2083 205//2084 199//2085
f 199//2085 166//2086 171//2083
f 10//2087 24//2088 21//2089
f 21//2089 6//2090 10//2087
f 18//2091 33//2091 24//2091
f 24//2092 10//2092 18//2092
f 31//2093 47//2093 33//2093
f 33//2094 18//2094 31//2094
f 45//2095 62//2095 47//2095
f 47//2096 31//2096 45//2096
f 66//2097 82//2098 62//2099
f 62//2099 45//2100 66//2097
f 85//2101 101//2102 82//2103
f 82//2103 66//2104 85//2101
f 105//2105 127//2105 101//2105
f 101//2106 85//2106 105//2106
f 125//2107 155//2107 127//2107
f 127//2108 105//2108 125//2108
f 144//2109 166//2109 155//2109
f 155//2110 125//2110 144//2110
f 151//2111 171//2112 166//2113
f 166//2113 144//2114 151//2111
f 3//2115 10//2116 6//2117
f 6//2117 1//2118 3//2115
f 12//2119 18//2120 10//2121
f 10//2121 3//2122 12//2119
f 23//2123 31//2124 18//2125
f 18//2125 12//2126 23//2123
f 41//2127 45//2128 31//2129
f 31//2129 23//2130 41//2127
f 56//2131 66//2132 45//2133
f 45//2133 41//2134 56//2131
f 77//2135 85//2136 66//2137
f 66//2137 56//2138 77//2135
f 95//2139 105//2140 85//2141
f 85//2141 77//2142 95//2139
f 117//2143 125//2143 105//2143
f 105//2144 95//2144 117//2144
f 133//2145 144//2146 125//2147
f 125//2147 117//2148 133//2145
f 140//2149 151//2150 144//2151
f 144//2151 133//2152 140//2149
f 138//2153 132//2154 140//2155
f 140//2155 145//2156 138//2153
f 122//2157 116//2158 132//2159
f 132//2159 138//2160 122//2157
f 98//2161 94//2162 116//2163
f 116//2163 122//2164 98//2161
f 80//2165 76//2166 94//2167
f 94//2167 98//2168 80//2165
f 60//2169 55//2170 76//2171
f 76//2171 80//2172 60//2169
f 42//2173 40//2174 55//2175
f 55//2175 60//2176 42//2173
f 28//2177 22//2178 40//2179
f 40//2179 42//2180 28//2177
f 13//2181 11//2182 22//2183
f 22//2183 28//2184 13//2181
f 7//2185 2//2186 11//2187
f 11//2187 13//2188 7//2185
f 4//2189 1//2190 2//2189
f 2//2189 7//2189 4//2189
f 152//2191 138//2192 145//2191
f 145//2191 158//2193 152//2191
f 136//2194 122//2195 138//2196
f 138//2196 152//2197 136//2194
f 108//2198 98//2199 122//2200
f 122//2200 136//2201 108//2198
f 89//2202 80//2203 98//2204
f 98//2204 108//2205 89//2202
f 70//2206 60//2207 80//2208
f 80//2208 89//2209 70//2206
f 52//2210 42//2211 60//2212
f 60//2212 70//2213 52//2210
f 38//2214 28//2215 42//2216
f 42//2216 52//2217 38//2214
f 26//2218 13//2219 28//2220
f 28//2220 38//2221 26//2218
f 19//2222 7//2223 13//2224
f 13//2224 26//2225 19//2222
f 15//2226 4//2227 7//2228
f 7//2228 19//2229 15//2226
f 173//2230 152//2231 158//2232
f 158//2232 176//2233 173//2230
f 162//2234 136//2235 152//2236
f 152//2236 173//2237 162//2234
f 142//2238 108//2238 136//2238
f 136//2239 162//2239 142//2239
f 111//2240 89//2241 108//2242
f 108//2242 142//2243 111//2240
f 91//2244 70//2245 89//2246
f 89//2246 111//2247 91//2244
f 73//2248 52//2249 70//2250
f 70//2250 91//2251 73//2248
f 58//2252 38//2253 52//2254
f 52//2254 73//2255 58//2252
f 48//2256 26//2257 38//2258
f 38//2258 58//2259 48//2256
f 37//2260 19//2261 26//2262
f 26//2262 48//2263 37//2260
f 35//2264 15//2265 19//2266
f 19//2266 37//2267 35//2264
f 194//2268 173//2269 176//2270
f 176//2270 202//2271 194//2268
f 184//2272 162//2272 173//2272
f 173//2273 194//2273 184//2273
f 174//2274 142//2274 162//2274
f 162//2275 184//2275 174//2275
f 156//2276 111//2276 142//2276
f 142//2277 174//2277 156//2277
f 128//2278 91//2279 111//2280
f 111//2280 156//2281 128//2278
f 106//2282 73//2283 91//2284
f 91//2284 128//2285 106//2282
f 86//2286 58//2286 73//2286
f 73//2287 106//2287 86//2287
f 78//2288 48//2288 58//2288
f 58//2289 86//2289 78//2289
f 68//2290 37//2291 48//2292
f 48//2292 78//2293 68//2290
f 67//2294 35//2295 37//2296
f 37//2296 68//2297 67//2294
f 221//2298 194//2299 202//2300
f 202//2300 225//2301 221//2298
f 216//2302 184//2302 194//2302
f 194//2303 221//2303 216//2303
f 206//2304 174//2304 184//2304
f 184//2305 216//2305 206//2305
f 192//2306 156//2306 174//2306
f 174//2307 206//2307 192//2307
f 180//2308 128//2308 156//2308
f 156//2309 192//2309 180//2309
f 164//2310 106//2310 128//2310
f 128//2311 180//2311 164//2311
f 148//2312 86//2312 106//2312
f 106//2313 164//2313 148//2313
f 130//2314 78//2314 86//2314
f 86//2315 148//2315 130//2315
f 121//2316 68//2316 78//2316
f 78//2317 130//2317 121//2317
f 115//2318 67//2319 68//2320
f 68//2320 121//2321 115//2318
f 244//2322 221//2323 225//2324
f 225//2324 247//2325 244//2322
f 240//2326 216//2326 221//2326
f 221//2327 244//2327 240//2327
f 236//2328 206//2328 216//2328
f 216//2329 240//2329 236//2329
f 233//2330 192//2330 206//2330
f 206//2331 236//2331 233//2331
f 227//2332 180//2332 192//2332
f 192//2333 233//2333 227//2333
f 215//2334 164//2334 180//2334
f 180//2335 227//2335 215//2335
f 210//2336 148//2336 164//2336
f 164//2337 215//2337 210//2337
f 203//2338 130//2338 148//2338
f 148//2339 210//2339 203//2339
f 191//2340 121//2340 130//2340
f 130//2341 203//2341 191//2341
f 188//2342 115//2343 121//2344
f 121//2344 191//2345 188//2342
f 284//2346 244//2347 247//2348
f 247//2348 285//2349 284//2346
f 279//2350 240//2350 244//2350
f 244//2351 284//2351 279//2351
f 277//2352 236//2352 240//2352
f 240//2353 279//2353 277//2353
f 273//2354 233//2354 236//2354
f 236//2355 277//2355 273//2355
f 267//2356 227//2356 233//2356
f 233//2357 273//2357 267//2357
f 263//2358 215//2358 227//2358
f 227//2359 267//2359 263//2359
f 258//2360 210//2360 215//2360
f 215//2361 263//2361 258//2361
f 253//2362 203//2362 210//2362
f 210//2363 258//2363 253//2363
f 245//2364 191//2364 203//2364
f 203//2365 253//2365 245//2365
f 242//2366 188//2367 191//2368
f 191//2368 245//2369 242//2366
f 315//2370 284//2371 285//2372
f 285//2372 318//2373 315//2370
f 312//2374 279//2374 284//2374
f 284//2375 315//2375 312//2375
f 311//2376 277//2376 279//2376
f 279//2377 312//2377 311//2377
f 309//2378 273//2378 277//2378
f 277//2379 311//2379 309//2379
f 307//2380 267//2380 273//2380
f 273//2381 309//2381 307//2381
f 305//2382 263//2382 267//2382
f 267//2383 307//2383 305//2383
f 301//2384 258//2384 263//2384
f 263//2385 305//2385 301//2385
f 297//2386 253//2386 258//2386
f 258//2387 301//2387 297//2387
f 295//2388 245//2388 253//2388
f 253//2389 297//2389 295//2389
f 293//2390 242//2391 245//2392
f 245//2392 295//2393 293//2390
f 341//2394 315//2395 318//2396
f 318//2396 339//2397 341//2394
f 343//2398 312//2398 315//2398
f 315//2399 341//2399 343//2399
f 345//2400 311//2400 312//2400
f 312//2401 343//2401 345//2401
f 347//2402 309//2402 311//2402
f 311//2403 345//2403 347//2403
f 349//2404 307//2404 309//2404
f 309//2405 347//2405 349//2405
f 351//2406 305//2406 307//2406
f 307//2407 349//2407 351//2407
f 353//2408 301//2408 305//2408
f 305//2409 351//2409 353//2409
f 355//2410 297//2410 301//2410
f 301//2411 353//2411 355//2411
f 357//2412 295//2412 297//2412
f 297//2413 355//2413 357//2413
f 359//2414 293//2415 295//2416
f 295//2416 357//2417 359//2414
f 378//2418 341//2418 339//2418
f 339//2419 376//2419 378//2419
f 384//2420 343//2420 341//2420
f 341//2421 378//2421 384//2421
f 394//2422 345//2422 343//2422
f 343//2423 384//2423 394//2423
f 403//2424 347//2424 345//2424
f 345//2425 394//2425 403//2425
f 406//2426 349//2426 347//2426
f 347//2427 403//2427 406//2427
f 415//2428 351//2428 349//2428
f 349//2429 406//2429 415//2429
f 419//2430 353//2430 351//2430
f 351//2431 415//2431 419//2431
f 423//2432 355//2432 353//2432
f 353//2433 419//2433 423//2433
f 425//2434 357//2434 355//2434
f 355//2435 423//2435 425//2435
f 427//2436 359//2437 357//2438
f 357//2438 425//2439 427//2436
f 8//2440 3//2441 1//2440
f 1//2440 4//2440 8//2440
f 14//2442 12//2443 3//2444
f 3//2444 8//2445 14//2442
f 29//2446 23//2447 12//2448
f 12//2448 14//2449 29//2446
f 43//2450 41//2451 23//2452
f 23//2452 29//2453 43//2450
f 59//2454 56//2455 41//2456
f 41//2456 43//2457 59//2454
f 81//2458 77//2459 56//2460
f 56//2460 59//2461 81//2458
f 99//2462 95//2462 77//2463
f 77//2463 81//2464 99//2462
f 123//2465 117//2466 95//2467
f 95//2467 99//2468 123//2465
f 139//2469 133//2470 117//2471
f 117//2471 123//2472 139//2469
f 145//2473 140//2474 133//2475
f 133//2475 139//2476 145//2473
f 20//2477 8//2478 4//2479
f 4//2479 16//2479 20//2477
f 27//2480 14//2481 8//2482
f 8//2482 20//2483 27//2480
f 39//2484 29//2485 14//2486
f 14//2486 27//2487 39//2484
f 51//2488 43//2489 29//2490
f 29//2490 39//2491 51//2488
f 71//2492 59//2493 43//2494
f 43//2494 51//2495 71//2492
f 88//2496 81//2497 59//2498
f 59//2498 71//2499 88//2496
f 109//2500 99//2501 81//2502
f 81//2502 88//2503 109//2500
f 137//2504 123//2505 99//2506
f 99//2506 109//2507 137//2504
f 153//2508 139//2509 123//2510
f 123//2510 137//2511 153//2508
f 159//2512 145//2513 139//2512
f 139//2512 153//2514 159//2512
f 36//2515 20//2516 16//2517
f 16//2517 34//2518 36//2515
f 49//2519 27//2520 20//2521
f 20//2521 36//2522 49//2519
f 57//2523 39//2524 27//2525
f 27//2525 49//2526 57//2523
f 72//2527 51//2528 39//2529
f 39//2529 57//2530 72//2527
f 90//2531 71//2532 51//2533
f 51//2533 72//2534 90//2531
f 110//2535 88//2536 71//2537
f 71//2537 90//2538 110//2535
f 141//2539 109//2540 88//2541
f 88//2541 110//2542 141//2539
f 163//2543 137//2543 109//2543
f 109//2544 141//2544 163//2544
f 172//2545 153//2546 137//2547
f 137//2547 163//2548 172//2545
f 176//2549 159//2550 153//2551
f 153//2551 172//2552 176//2549
f 69//2553 36//2554 34//2555
f 34//2555 67//2556 69//2553
f 79//2557 49//2558 36//2559
f 36//2559 69//2560 79//2557
f 87//2561 57//2561 49//2561
f 49//2562 79//2562 87//2562
f 107//2563 72//2563 57//2563
f 57//2564 87//2564 107//2564
f 129//2565 90//2566 72//2567
f 72//2567 107//2568 129//2565
f 157//2569 110//2570 90//2571
f 90//2571 129//2572 157//2569
f 175//2573 141//2573 110//2573
f 110//2574 157//2574 175//2574
f 185//2575 163//2575 141//2575
f 141//2576 175//2576 185//2576
f 195//2577 172//2577 163//2577
f 163//2578 185//2578 195//2578
f 202//2579 176//2580 172//2581
f 172//2581 195//2582 202//2579
f 120//2583 69//2584 67//2585
f 67//2585 114//2586 120//2583
f 131//2587 79//2587 69//2587
f 69//2588 120//2588 131//2588
f 149//2589 87//2589 79//2589
f 79//2590 131//2590 149//2590
f 165//2591 107//2591 87//2591
f 87//2592 149//2592 165//2592
f 179//2593 129//2594 107//2595
f 107//2595 165//2596 179//2593
f 193//2597 157//2598 129//2599
f 129//2599 179//2600 193//2597
f 207//2601 175//2601 157//2601
f 157//2602 193//2602 207//2602
f 217//2603 185//2603 175//2603
f 175//2604 207//2604 217//2604
f 220//2605 195//2605 185//2605
f 185//2606 217//2606 220//2606
f 224//2607 202//2608 195//2609
f 195//2609 220//2610 224//2607
f 190//2611 120//2612 114//2613
f 114//2613 189//2614 190//2611
f 204//2615 131//2615 120//2615
f 120//2616 190//2616 204//2616
f 211//2617 149//2617 131//2617
f 131//2618 204//2618 211//2618
f 214//2619 165//2619 149//2619
f 149//2620 211//2620 214//2620
f 226//2621 179//2621 165//2621
f 165//2622 214//2622 226//2622
f 232//2623 193//2623 179//2623
f 179//2624 226//2624 232//2624
f 237//2625 207//2625 193//2625
f 193//2626 232//2626 237//2626
f 241//2627 217//2627 207//2627
f 207//2628 237//2628 241//2628
f 243//2629 220//2629 217//2629
f 217//2630 241//2630 243//2630
f 248//2631 224//2632 220//2633
f 220//2633 243//2634 248//2631
f 246//2635 190//2636 189//2637
f 189//2637 242//2638 246//2635
f 254//2639 204//2639 190//2639
f 190//2640 246//2640 254//2640
f 257//2641 211//2641 204//2641
f 204//2642 254//2642 257//2642
f 264//2643 214//2643 211//2643
f 211//2644 257//2644 264//2644
f 268//2645 226//2645 214//2645
f 214//2646 264//2646 268//2646
f 274//2647 232//2647 226//2647
f 226//2648 268//2648 274//2648
f 278//2649 237//2649 232//2649
f 232//2650 274//2650 278//2650
f 280//2651 241//2651 237//2651
f 237//2652 278//2652 280//2652
f 283//2653 243//2653 241//2653
f 241//2654 280//2654 283//2654
f 285//2655 248//2656 243//2657
f 243//2657 283//2658 285//2655
f 294//2659 246//2660 242//2661
f 242//2661 292//2662 294//2659
f 296//2663 254//2663 246//2663
f 246//2664 294//2664 296//2664
f 300//2665 257//2665 254//2665
f 254//2666 296//2666 300//2666
f 304//2667 264//2667 257//2667
f 257//2668 300//2668 304//2668
f 306//2669 268//2669 264//2669
f 264//2670 304//2670 306//2670
f 308//2671 274//2671 268//2671
f 268//2672 306//2672 308//2672
f 310//2673 278//2673 274//2673
f 274//2674 308//2674 310//2674
f 313//2675 280//2675 278//2675
f 278//2676 310//2676 313//2676
f 314//2677 283//2677 280//2677
f 280//2678 313//2678 314//2678
f 317//2679 285//2680 283//2681
f 283//2681 314//2682 317//2679
f 356//2683 294//2684 292//2685
f 292//2685 358//2686 356//2683
f 354//2687 296//2687 294//2687
f 294//2688 356//2688 354//2688
f 352//2689 300//2689 296//2689
f 296//2690 354//2690 352//2690
f 350//2691 304//2691 300//2691
f 300//2692 352//2692 350//2692
f 348//2693 306//2693 304//2693
f 304//2694 350//2694 348//2694
f 346//2695 308//2695 306//2695
f 306//2696 348//2696 346//2696
f 344//2697 310//2697 308//2697
f 308//2698 346//2698 344//2698
f 342//2699 313//2699 310//2699
f 310//2700 344//2700 342//2700
f 340//2701 314//2701 313//2701
f 313//2702 342//2702 340//2702
f 338//2703 317//2704 314//2705
f 314//2705 340//2706 338//2703
f 424//2707 356//2707 358//2707
f 358//2708 426//2708 424//2708
f 422//2709 354//2709 356//2709
f 356//2710 424//2710 422//2710
f 418//2711 352//2711 354//2711
f 354//2712 422//2712 418//2712
f 414//2713 350//2713 352//2713
f 352//2714 418//2714 414//2714
f 407//2715 348//2715 350//2715
f 350//2716 414//2716 407//2716
f 402//2717 346//2717 348//2717
f 348//2718 407//2718 402//2718
f 393//2719 344//2719 346//2719
f 346//2720 402//2720 393//2720
f 383//2721 342//2721 344//2721
f 344//2722 393//2722 383//2722
f 377//2723 340//2723 342//2723
f 342//2724 383//2724 377//2724
f 375//2725 338//2726 340//2727
f 340//2727 377//2728 375//2725
f 3186//2729 3113//2730 3115//2731
f 3115//2731 3182//2732 3186//2729
f 3192//2733 3110//2733 3113//2733
f 3113//2734 3186//2734 3192//2734
f 3196//2735 3109//2735 3110//2735
f 3110//2736 3192//2736 3196//2736
f 3205//2737 3106//2737 3109//2737
f 3109//2738 3196//2738 3205//2738
f 3211//2739 3104//2739 3106//2739
f 3106//2740 3205//2740 3211//2740
f 3215//2741 3102//2741 3104//2741
f 3104//2742 3211//2742 3215//2742
f 3217//2743 3101//2743 3102//2743
f 3102//2744 3215//2744 3217//2744
f 3220//2745 3098//2745 3101//2745
f 3101//2746 3217//2746 3220//2746
f 3222//2747 3097//2747 3098//2747
f 3098//2748 3220//2748 3222//2748
f 3223//2749 3095//2749 3097//2749
f 3097//2750 3222//2750 3223//2750
f 3227//2751 3186//2752 3182//2753
f 3182//2753 3225//2754 3227//2751
f 3229//2755 3192//2755 3186//2755
f 3186//2756 3227//2756 3229//2756
f 3231//2757 3196//2757 3192//2757
f 3192//2758 3229//2758 3231//2758
f 3233//2759 3205//2759 3196//2759
f 3196//2760 3231//2760 3233//2760
f 3235//2761 3211//2761 3205//2761
f 3205//2762 3233//2762 3235//2762
f 3241//2763 3215//2764 3211//2765
f 3211//2765 3235//2766 3241//2763
f 3245//2767 3217//2768 3215//2769
f 3215//2769 3241//2770 3245//2767
f 3249//2771 3220//2772 3217//2773
f 3217//2773 3245//2774 3249//2771
f 3251//2775 3222//2776 3220//2777
f 3220//2777 3249//2778 3251//2775
f 3253//2779 3223//2780 3222//2781
f 3222//2781 3251//2782 3253//2779
f 3239//2783 3227//2784 3225//2785
f 3225//2785 3237//2786 3239//2783
f 3243//2787 3229//2788 3227//2789
f 3227//2789 3239//2790 3243//2787
f 3247//2791 3231//2792 3229//2793
f 3229//2793 3243//2794 3247//2791
f 3257//2795 3233//2795 3231//2795
f 3231//2796 3247//2796 3257//2796
f 3263//2797 3235//2797 3233//2797
f 3233//2798 3257//2799 3263//2800
f 3271//2801 3241//2801 3235//2801
f 3235//2802 3263//2802 3271//2802
f 3279//2803 3245//2803 3241//2803
f 3241//2804 3271//2804 3279//2804
f 3285//2805 3249//2806 3245//2807
f 3245//2807 3279//2808 3285//2805
f 3293//2809 3251//2810 3249//2811
f 3249//2811 3285//2812 3293//2809
f 3297//2813 3253//2814 3251//2815
f 3251//2815 3293//2816 3297//2813
f 3259//2817 3239//2818 3237//2819
f 3237//2819 3255//2820 3259//2817
f 3261//2821 3243//2822 3239//2823
f 3239//2823 3259//2824 3261//2821
f 3265//2825 3247//2826 3243//2827
f 3243//2827 3261//2828 3265//2825
f 3275//2829 3257//2830 3247//2831
f 3247//2831 3265//2832 3275//2829
f 3287//2833 3263//2800 3257//2799
f 3257//2834 3275//2835 3287//2836
f 3303//2837 3271//2837 3263//2837
f 3263//2838 3287//2838 3303//2838
f 3314//2839 3279//2839 3271//2839
f 3271//2840 3303//2840 3314//2840
f 3320//2841 3285//2841 3279//2841
f 3279//2842 3314//2842 3320//2842
f 3330//2843 3293//2843 3285//2843
f 3285//2844 3320//2844 3330//2844
f 3332//2845 3297//2846 3293//2847
f 3293//2847 3330//2848 3332//2845
f 3270//2849 3259//2850 3255//2851
f 3255//2851 3268//2852 3270//2849
f 3273//2853 3261//2853 3259//2853
f 3259//2854 3270//2854 3273//2854
f 3283//2855 3265//2856 3261//2857
f 3261//2857 3273//2858 3283//2855
f 3299//2859 3275//2860 3265//2861
f 3265//2861 3283//2862 3299//2859
f 3308//2863 3287//2836 3275//2835
f 3275//2864 3299//2864 3308//2864
f 3322//2865 3303//2865 3287//2865
f 3287//2866 3308//2867 3322//2868
f 3338//2869 3314//2869 3303//2869
f 3303//2870 3322//2870 3338//2870
f 3346//2871 3320//2871 3314//2871
f 3314//2872 3338//2872 3346//2872
f 3351//2873 3330//2873 3320//2873
f 3320//2874 3346//2874 3351//2874
f 3355//2875 3332//2876 3330//2877
f 3330//2877 3351//2878 3355//2875
f 3282//2879 3270//2880 3268//2881
f 3268//2881 3278//2882 3282//2879
f 3290//2883 3273//2883 3270//2883
f 3270//2884 3282//2885 3290//2886
f 3302//2887 3283//2887 3273//2887
f 3273//2888 3290//2889 3302//2890
f 3312//2891 3299//2891 3283//2891
f 3283//2892 3302//2893 3312//2894
f 3324//2895 3308//2895 3299//2895
f 3299//2896 3312//2896 3324//2896
f 3340//2897 3322//2868 3308//2867
f 3308//2898 3324//2898 3340//2898
f 3353//2899 3338//2899 3322//2899
f 3322//2900 3340//2900 3353//2900
f 3368//2901 3346//2901 3338//2901
f 3338//2902 3353//2902 3368//2902
f 3373//2903 3351//2903 3346//2903
f 3346//2904 3368//2904 3373//2904
f 3379//2905 3355//2906 3351//2907
f 3351//2907 3373//2908 3379//2905
f 3295//2909 3282//2909 3278//2909
f 3278//2910 3292//2910 3295//2910
f 3306//2911 3290//2886 3282//2885
f 3282//2912 3295//2912 3306//2912
f 3316//2913 3302//2890 3290//2889
f 3290//2914 3306//2914 3316//2914
f 3326//2915 3312//2894 3302//2893
f 3302//2916 3316//2916 3326//2916
f 3345//2917 3324//2917 3312//2917
f 3312//2918 3326//2918 3345//2918
f 3359//2919 3340//2919 3324//2919
f 3324//2920 3345//2920 3359//2920
f 3376//2921 3353//2921 3340//2921
f 3340//2922 3359//2922 3376//2922
f 3394//2923 3368//2923 3353//2923
f 3353//2924 3376//2924 3394//2924
f 3404//2925 3373//2925 3368//2925
f 3368//2926 3394//2926 3404//2926
f 3406//2927 3379//2927 3373//2927
f 3373//2928 3404//2928 3406//2928
f 3310//2929 3295//2929 3292//2929
f 3292//2930 3307//2930 3310//2930
f 3318//2931 3306//2931 3295//2931
f 3295//2932 3310//2932 3318//2932
f 3336//2933 3316//2933 3306//2933
f 3306//2934 3318//2934 3336//2934
f 3348//2935 3326//2935 3316//2935
f 3316//2936 3336//2936 3348//2936
f 3369//2937 3345//2937 3326//2937
f 3326//2938 3348//2938 3369//2938
f 3389//2939 3359//2939 3345//2939
f 3345//2940 3369//2940 3389//2940
f 3425//2941 3376//2941 3359//2941
f 3359//2942 3389//2942 3425//2942
f 3449//2943 3394//2943 3376//2943
f 3376//2944 3425//2944 3449//2944
f 3468//2945 3404//2945 3394//2945
f 3394//2946 3449//2946 3468//2946
f 3472//2947 3406//2947 3404//2947
f 3404//2948 3468//2948 3472//2948
f 3335//2949 3310//2949 3307//2949
f 3307//2950 3329//2950 3335//2950
f 3343//2951 3318//2951 3310//2951
f 3310//2952 3335//2952 3343//2952
f 3362//2953 3336//2953 3318//2953
f 3318//2954 3343//2954 3362//2954
f 3386//2955 3348//2955 3336//2955
f 3336//2956 3362//2956 3386//2956
f 3422//2957 3369//2958 3348//2959
f 3348//2959 3386//2960 3422//2957
f 3464//2961 3389//2961 3369//2961
f 3369//2962 3422//2962 3464//2962
f 3490//2963 3425//2963 3389//2963
f 3389//2964 3464//2964 3490//2964
f 3505//2965 3449//2965 3425//2965
f 3425//2966 3490//2966 3505//2966
f 3521//2967 3468//2967 3449//2967
f 3449//2968 3505//2968 3521//2968
f 3523//2969 3472//2969 3468//2969
f 3468//2970 3521//2970 3523//2970
f 3364//2971 3335//2971 3329//2971
f 3329//2972 3357//2972 3364//2972
f 3382//2973 3343//2973 3335//2973
f 3335//2974 3364//2974 3382//2974
f 3416//2975 3362//2975 3343//2975
f 3343//2976 3382//2976 3416//2976
f 3465//2977 3386//2977 3362//2977
f 3362//2978 3416//2978 3465//2978
f 3495//2979 3422//2979 3386//2979
f 3386//2980 3465//2980 3495//2980
f 3528//2981 3464//2981 3422//2981
f 3422//2982 3495//2982 3528//2982
f 3553//2983 3490//2983 3464//2983
f 3464//2984 3528//2984 3553//2984
f 3579//2985 3505//2985 3490//2985
f 3490//2986 3553//2986 3579//2986
f 3592//2987 3521//2987 3505//2987
f 3505//2988 3579//2988 3592//2988
f 3604//2989 3523//2989 3521//2989
f 3521//2990 3592//2990 3604//2990
f 3221//2991 3096//2992 3094//2993
f 3094//2993 3224//2994 3221//2991
f 3219//2995 3099//2995 3096//2995
f 3096//2996 3221//2996 3219//2996
f 3218//2997 3100//2997 3099//2997
f 3099//2998 3219//2998 3218//2998
f 3216//2999 3103//2999 3100//2999
f 3100//3000 3218//3000 3216//3000
f 3212//3001 3105//3001 3103//3001
f 3103//3002 3216//3002 3212//3002
f 3206//3003 3107//3003 3105//3003
f 3105//3004 3212//3004 3206//3004
f 3197//3005 3108//3005 3107//3005
f 3107//3006 3206//3006 3197//3006
f 3193//3007 3111//3007 3108//3007
f 3108//3008 3197//3008 3193//3008
f 3187//3009 3112//3009 3111//3009
f 3111//3010 3193//3010 3187//3010
f 3183//3011 3114//3011 3112//3011
f 3112//3012 3187//3012 3183//3012
f 3252//3013 3221//3014 3224//3015
f 3224//3015 3254//3016 3252//3013
f 3250//3017 3219//3018 3221//3019
f 3221//3019 3252//3020 3250//3017
f 3246//3021 3218//3022 3219//3023
f 3219//3023 3250//3024 3246//3021
f 3242//3025 3216//3026 3218//3027
f 3218//3027 3246//3028 3242//3025
f 3236//3029 3212//3030 3216//3031
f 3216//3031 3242//3032 3236//3029
f 3234//3033 3206//3033 3212//3033
f 3212//3034 3236//3034 3234//3034
f 3232//3035 3197//3035 3206//3035
f 3206//3036 3234//3036 3232//3036
f 3230//3037 3193//3037 3197//3037
f 3197//3038 3232//3038 3230//3038
f 3228//3039 3187//3039 3193//3039
f 3193//3040 3230//3040 3228//3040
f 3226//3041 3183//3042 3187//3043
f 3187//3043 3228//3044 3226//3041
f 3294//3045 3252//3046 3254//3047
f 3254//3047 3298//3048 3294//3045
f 3286//3049 3250//3050 3252//3051
f 3252//3051 3294//3052 3286//3049
f 3280//3053 3246//3053 3250//3053
f 3250//3054 3286//3054 3280//3054
f 3272//3055 3242//3055 3246//3055
f 3246//3056 3280//3056 3272//3056
f 3264//3057 3236//3057 3242//3057
f 3242//3058 3272//3058 3264//3058
f 3258//3059 3234//3059 3236//3059
f 3236//3060 3264//3060 3258//3060
f 3248//3061 3232//3061 3234//3061
f 3234//3062 3258//3062 3248//3062
f 3244//3063 3230//3064 3232//3065
f 3232//3065 3248//3066 3244//3063
f 3240//3067 3228//3068 3230//3069
f 3230//3069 3244//3070 3240//3067
f 3238//3071 3226//3072 3228//3073
f 3228//3073 3240//3074 3238//3071
f 3331//3075 3294//3076 3298//3077
f 3298//3077 3333//3078 3331//3075
f 3321//3079 3286//3079 3294//3079
f 3294//3080 3331//3080 3321//3080
f 3315//3081 3280//3081 3286//3081
f 3286//3082 3321//3082 3315//3082
f 3304//3083 3272//3083 3280//3083
f 3280//3084 3315//3084 3304//3084
f 3288//3085 3264//3085 3272//3085
f 3272//3086 3304//3086 3288//3086
f 3276//3087 3258//3087 3264//3087
f 3264//3088 3288//3088 3276//3088
f 3266//3089 3248//3089 3258//3089
f 3258//3090 3276//3090 3266//3090
f 3262//3091 3244//3092 3248//3093
f 3248//3093 3266//3094 3262//3091
f 3260//3095 3240//3096 3244//3097
f 3244//3097 3262//3098 3260//3095
f 3256//3099 3238//3100 3240//3101
f 3240//3101 3260//3102 3256//3099
f 3350//3103 3331//3104 3333//3105
f 3333//3105 3354//3106 3350//3103
f 3347//3107 3321//3107 3331//3107
f 3331//3108 3350//3108 3347//3108
f 3339//3109 3315//3109 3321//3109
f 3321//3110 3347//3110 3339//3110
f 3323//3111 3304//3111 3315//3111
f 3315//3112 3339//3112 3323//3112
f 3309//3113 3288//3113 3304//3113
f 3304//3114 3323//3114 3309//3114
f 3300//3115 3276//3115 3288//3115
f 3288//3116 3309//3117 3300//3118
f 3284//3119 3266//3120 3276//3121
f 3276//3121 3300//3122 3284//3119
f 3274//3123 3262//3123 3266//3123
f 3266//3124 3284//3124 3274//3124
f 3269//3125 3260//3125 3262//3125
f 3262//3126 3274//3126 3269//3126
f 3267//3127 3256//3128 3260//3129
f 3260//3129 3269//3130 3267//3127
f 3372//3131 3350//3132 3354//3133
f 3354//3133 3378//3134 3372//3131
f 3367//3135 3347//3135 3350//3135
f 3350//3136 3372//3136 3367//3136
f 3352//3137 3339//3137 3347//3137
f 3347//3138 3367//3139 3352//3140
f 3341//3141 3323//3141 3339//3141
f 3339//3142 3352//3143 3341//3144
f 3325//3145 3309//3145 3323//3145
f 3323//3146 3341//3147 3325//3148
f 3313//3149 3300//3118 3309//3117
f 3309//3150 3325//3151 3313//3152
f 3301//3153 3284//3153 3300//3153
f 3300//3154 3313//3154 3301//3154
f 3289//3155 3274//3155 3284//3155
f 3284//3156 3301//3156 3289//3156
f 3281//3157 3269//3157 3274//3157
f 3274//3158 3289//3158 3281//3158
f 3277//3159 3267//3160 3269//3161
f 3269//3161 3281//3162 3277//3159
f 3403//3163 3372//3163 3378//3163
f 3378//3164 3405//3164 3403//3164
f 3393//3165 3367//3165 3372//3165
f 3372//3166 3403//3166 3393//3166
f 3377//3167 3352//3140 3367//3139
f 3367//3168 3393//3168 3377//3168
f 3360//3169 3341//3144 3352//3143
f 3352//3170 3377//3170 3360//3170
f 3344//3171 3325//3148 3341//3147
f 3341//3172 3360//3172 3344//3172
f 3327//3173 3313//3152 3325//3151
f 3325//3174 3344//3175 3327//3176
f 3317//3177 3301//3177 3313//3177
f 3313//3178 3327//3179 3317//3180
f 3305//3181 3289//3181 3301//3181
f 3301//3182 3317//3183 3305//3184
f 3296//3185 3281//3185 3289//3185
f 3289//3186 3305//3186 3296//3186
f 3291//3187 3277//3187 3281//3187
f 3281//3188 3296//3188 3291//3188
f 3469//3189 3403//3189 3405//3189
f 3405//3190 3472//3190 3469//3190
f 3450//3191 3393//3191 3403//3191
f 3403//3192 3469//3192 3450//3192
f 3426//3193 3377//3193 3393//3193
f 3393//3194 3450//3194 3426//3194
f 3390//3195 3360//3195 3377//3195
f 3377//3196 3426//3196 3390//3196
f 3370//3197 3344//3197 3360//3197
f 3360//3198 3390//3198 3370//3198
f 3349//3199 3327//3176 3344//3175
f 3344//3200 3370//3200 3349//3200
f 3337//3201 3317//3180 3327//3179
f 3327//3202 3349//3202 3337//3202
f 3319//3203 3305//3184 3317//3183
f 3317//3204 3337//3204 3319//3204
f 3311//3205 3296//3205 3305//3205
f 3305//3206 3319//3206 3311//3206
f 3307//3207 3291//3207 3296//3207
f 3296//3208 3311//3208 3307//3208
f 3520//3209 3469//3209 3472//3209
f 3472//3210 3522//3210 3520//3210
f 3504//3211 3450//3211 3469//3211
f 3469//3212 3520//3212 3504//3212
f 3489//3213 3426//3213 3450//3213
f 3450//3214 3504//3214 3489//3214
f 3463//3215 3390//3215 3426//3215
f 3426//3216 3489//3216 3463//3216
f 3421//3217 3370//3217 3390//3217
f 3390//3218 3463//3218 3421//3218
f 3385//3219 3349//3220 3370//3221
f 3370//3221 3421//3222 3385//3219
f 3361//3223 3337//3223 3349//3223
f 3349//3224 3385//3224 3361//3224
f 3342//3225 3319//3225 3337//3225
f 3337//3226 3361//3226 3342//3226
f 3334//3227 3311//3227 3319//3227
f 3319//3228 3342//3228 3334//3228
f 3328//3229 3307//3229 3311//3229
f 3311//3230 3334//3230 3328//3230
f 3591//3231 3520//3231 3522//3231
f 3522//3232 3603//3232 3591//3232
f 3578//3233 3504//3233 3520//3233
f 3520//3234 3591//3234 3578//3234
f 3552//3235 3489//3235 3504//3235
f 3504//3236 3578//3236 3552//3236
f 3530//3237 3463//3237 3489//3237
f 3489//3238 3552//3238 3530//3238
f 3499//3239 3421//3239 3463//3239
f 3463//3240 3530//3241 3499//3242
f 3467//3243 3385//3244 3421//3245
f 3421//3245 3499//3246 3467//3243
f 3415//3247 3361//3247 3385//3247
f 3385//3248 3467//3248 3415//3248
f 3381//3249 3342//3249 3361//3249
f 3361//3250 3415//3250 3381//3250
f 3363//3251 3334//3251 3342//3251
f 3342//3252 3381//3252 3363//3252
f 3356//3253 3328//3253 3334//3253
f 3334//3254 3363//3254 3356//3254
f 3374//3255 3365//3255 3358//3255
f 3358//3256 3371//3256 3374//3256
f 3395//3257 3383//3257 3365//3257
f 3365//3258 3374//3258 3395//3258
f 3443//3259 3417//3259 3383//3259
f 3383//3260 3395//3260 3443//3260
f 3481//3261 3466//3261 3417//3261
f 3417//3262 3443//3262 3481//3262
f 3514//3263 3496//3263 3466//3263
f 3466//3264 3481//3264 3514//3264
f 3545//3265 3529//3265 3496//3265
f 3496//3266 3514//3266 3545//3266
f 3573//3267 3551//3267 3529//3267
f 3529//3268 3545//3268 3573//3268
f 3597//3269 3577//3269 3551//3269
f 3551//3270 3573//3270 3597//3270
f 3613//3271 3590//3271 3577//3271
f 3577//3272 3597//3272 3613//3272
f 3619//3273 3603//3273 3590//3273
f 3590//3274 3613//3274 3619//3274
f 3387//3275 3374//3276 3371//3277
f 3371//3277 3380//3278 3387//3275
f 3413//3279 3395//3279 3374//3279
f 3374//3280 3387//3280 3413//3280
f 3461//3281 3443//3281 3395//3281
f 3395//3282 3413//3282 3461//3282
f 3493//3283 3481//3283 3443//3283
f 3443//3284 3461//3284 3493//3284
f 3524//3285 3514//3286 3481//3287
f 3481//3287 3493//3288 3524//3285
f 3556//3289 3545//3289 3514//3289
f 3514//3290 3524//3290 3556//3290
f 3584//3291 3573//3291 3545//3291
f 3545//3292 3556//3292 3584//3292
f 3611//3293 3597//3293 3573//3293
f 3573//3294 3584//3294 3611//3294
f 3628//3295 3613//3295 3597//3295
f 3597//3296 3611//3296 3628//3296
f 3632//3297 3619//3298 3613//3299
f 3613//3299 3628//3300 3632//3297
f 3398//3301 3387//3302 3380//3303
f 3380//3303 3391//3304 3398//3301
f 3435//3305 3413//3305 3387//3305
f 3387//3306 3398//3306 3435//3306
f 3473//3307 3461//3307 3413//3307
f 3413//3308 3435//3308 3473//3308
f 3500//3309 3493//3310 3461//3311
f 3461//3311 3473//3312 3500//3309
f 3531//3313 3524//3314 3493//3315
f 3493//3315 3500//3316 3531//3313
f 3562//3317 3556//3317 3524//3317
f 3524//3318 3531//3318 3562//3318
f 3595//3319 3584//3319 3556//3319
f 3556//3320 3562//3320 3595//3320
f 3617//3321 3611//3321 3584//3321
f 3584//3322 3595//3322 3617//3322
f 3633//3323 3628//3323 3611//3323
f 3611//3324 3617//3324 3633//3324
f 3641//3325 3632//3326 3628//3327
f 3628//3327 3633//3328 3641//3325
f 3409//3329 3398//3330 3391//3331
f 3391//3331 3400//3332 3409//3329
f 3447//3333 3435//3334 3398//3335
f 3398//3335 3409//3336 3447//3333
f 3477//3337 3473//3338 3435//3339
f 3435//3339 3447//3340 3477//3337
f 3506//3341 3500//3342 3473//3343
f 3473//3343 3477//3344 3506//3341
f 3540//3345 3531//3345 3500//3345
f 3500//3346 3506//3346 3540//3346
f 3567//3347 3562//3347 3531//3347
f 3531//3348 3540//3348 3567//3348
f 3601//3349 3595//3349 3562//3349
f 3562//3350 3567//3350 3601//3350
f 3624//3351 3617//3351 3595//3351
f 3595//3352 3601//3352 3624//3352
f 3639//3353 3633//3353 3617//3353
f 3617//3354 3624//3354 3639//3354
f 3644//3355 3641//3355 3633//3355
f 3633//3356 3639//3356 3644//3356
f 3433//3357 3409//3358 3400//3359
f 3400//3359 3411//3360 3433//3357
f 3453//3361 3447//3362 3409//3363
f 3409//3363 3433//3364 3453//3361
f 3483//3365 3477//3365 3447//3365
f 3447//3366 3453//3366 3483//3366
f 3510//3367 3506//3367 3477//3367
f 3477//3368 3483//3368 3510//3368
f 3543//3369 3540//3369 3506//3369
f 3506//3370 3510//3370 3543//3370
f 3569//3371 3567//3371 3540//3371
f 3540//3372 3543//3372 3569//3372
f 3599//3373 3601//3373 3567//3373
f 3567//3374 3569//3374 3599//3374
f 3622//3375 3624//3375 3601//3375
f 3601//3376 3599//3376 3622//3376
f 3637//3377 3639//3377 3624//3377
f 3624//3378 3622//3378 3637//3378
f 3642//3379 3644//3379 3639//3379
f 3639//3380 3637//3380 3642//3380
f 3439//3381 3433//3382 3411//3383
f 3411//3383 3424//3384 3439//3381
f 3458//3385 3453//3385 3433//3385
f 3433//3386 3439//3386 3458//3386
f 3487//3387 3483//3387 3453//3387
f 3453//3388 3458//3388 3487//3388
f 3513//3389 3510//3389 3483//3389
f 3483//3390 3487//3390 3513//3390
f 3542//3391 3543//3391 3510//3391
f 3510//3392 3513//3392 3542//3392
f 3566//3393 3569//3393 3543//3393
f 3543//3394 3542//3394 3566//3394
f 3593//3395 3599//3396 3569//3397
f 3569//3397 3566//3398 3593//3395
f 3616//3399 3622//3400 3599//3401
f 3599//3401 3593//3402 3616//3399
f 3630//3403 3637//3404 3622//3405
f 3622//3405 3616//3406 3630//3403
f 3636//3407 3642//3408 3637//3409
f 3637//3409 3630//3410 3636//3407
f 3441//3411 3439//3412 3424//3413
f 3424//3413 3429//3414 3441//3411
f 3459//3415 3458//3415 3439//3415
f 3439//3416 3441//3416 3459//3416
f 3485//3417 3487//3418 3458//3419
f 3458//3419 3459//3420 3485//3417
f 3508//3421 3513//3422 3487//3423
f 3487//3423 3485//3424 3508//3421
f 3533//3425 3542//3426 3513//3426
f 3513//3426 3508//3427 3533//3425
f 3558//3428 3566//3429 3542//3430
f 3542//3430 3533//3431 3558//3428
f 3582//3432 3593//3433 3566//3434
f 3566//3434 3558//3435 3582//3432
f 3607//3436 3616//3437 3593//3438
f 3593//3438 3582//3439 3607//3436
f 3620//3440 3630//3441 3616//3442
f 3616//3442 3607//3443 3620//3440
f 3626//3444 3636//3445 3630//3446
f 3630//3446 3620//3447 3626//3444
f 3437//3448 3441//3448 3429//3448
f 3429//3449 3427//3449 3437//3449
f 3455//3450 3459//3450 3441//3450
f 3441//3451 3437//3451 3455//3451
f 3479//3452 3485//3452 3459//3452
f 3459//3453 3455//3453 3479//3453
f 3502//3454 3508//3454 3485//3454
f 3485//3455 3479//3455 3502//3455
f 3526//3456 3533//3457 3508//3458
f 3508//3458 3502//3459 3526//3456
f 3547//3460 3558//3461 3533//3462
f 3533//3462 3526//3463 3547//3460
f 3571//3464 3582//3465 3558//3466
f 3558//3466 3547//3467 3571//3464
f 3588//3468 3607//3469 3582//3470
f 3582//3470 3571//3471 3588//3468
f 3605//3472 3620//3473 3607//3472
f 3607//3472 3588//3474 3605//3472
f 3609//3475 3626//3475 3620//3475
f 3620//3475 3605//3475 3609//3475
f 3419//3476 3437//3476 3427//3476
f 3427//3477 3408//3477 3419//3477
f 3445//3478 3455//3478 3437//3478
f 3437//3479 3419//3479 3445//3479
f 3470//3480 3479//3480 3455//3480
f 3455//3481 3445//3481 3470//3481
f 3492//3482 3502//3482 3479//3482
f 3479//3483 3470//3483 3492//3483
f 3517//3484 3526//3485 3502//3486
f 3502//3486 3492//3487 3517//3484
f 3536//3488 3547//3489 3526//3490
f 3526//3490 3517//3491 3536//3488
f 3554//3492 3571//3493 3547//3494
f 3547//3494 3536//3495 3554//3492
f 3575//3496 3588//3497 3571//3498
f 3571//3498 3554//3499 3575//3496
f 3580//3500 3605//3501 3588//3502
f 3588//3502 3575//3503 3580//3500
f 3587//3504 3609//3505 3605//3506
f 3605//3506 3580//3507 3587//3504
f 3401//3508 3419//3508 3408//3508
f 3408//3509 3397//3509 3401//3509
f 3431//3510 3445//3510 3419//3510
f 3419//3511 3401//3511 3431//3511
f 3451//3512 3470//3512 3445//3512
f 3445//3513 3431//3513 3451//3513
f 3475//3514 3492//3514 3470//3514
f 3470//3515 3451//3515 3475//3515
f 3497//3516 3517//3516 3492//3516
f 3492//3517 3475//3517 3497//3517
f 3518//3518 3536//3518 3517//3518
f 3517//3519 3497//3519 3518//3519
f 3537//3520 3554//3520 3536//3520
f 3536//3521 3518//3521 3537//3521
f 3549//3522 3575//3522 3554//3522
f 3554//3523 3537//3523 3549//3523
f 3560//3524 3580//3524 3575//3524
f 3575//3525 3549//3525 3560//3525
f 3564//3526 3587//3527 3580//3528
f 3580//3528 3560//3529 3564//3526
f 3614//3530 3591//3531 3603//3532
f 3603//3532 3619//3533 3614//3530
f 3598//3534 3578//3535 3591//3536
f 3591//3536 3614//3537 3598//3534
f 3574//3538 3552//3538 3578//3538
f 3578//3539 3598//3539 3574//3539
f 3546//3540 3530//3540 3552//3540
f 3552//3541 3574//3541 3546//3541
f 3515//3542 3499//3242 3530//3241
f 3530//3543 3546//3543 3515//3543
f 3482//3544 3467//3545 3499//3546
f 3499//3546 3515//3547 3482//3544
f 3444//3548 3418//3548 3467//3548
f 3467//3549 3482//3549 3444//3549
f 3396//3550 3384//3550 3418//3550
f 3418//3551 3444//3551 3396//3551
f 3375//3552 3366//3552 3384//3552
f 3384//3553 3396//3553 3375//3553
f 3371//3554 3358//3554 3366//3554
f 3366//3555 3375//3555 3371//3555
f 3629//3556 3614//3557 3619//3558
f 3619//3558 3632//3559 3629//3556
f 3612//3560 3598//3560 3614//3560
f 3614//3561 3629//3561 3612//3561
f 3585//3562 3574//3562 3598//3562
f 3598//3563 3612//3563 3585//3563
f 3557//3564 3546//3564 3574//3564
f 3574//3565 3585//3565 3557//3565
f 3525//3566 3515//3566 3546//3566
f 3546//3567 3557//3567 3525//3567
f 3494//3568 3482//3569 3515//3570
f 3515//3570 3525//3571 3494//3568
f 3462//3572 3444//3572 3482//3572
f 3482//3573 3494//3573 3462//3573
f 3414//3574 3396//3574 3444//3574
f 3444//3575 3462//3575 3414//3575
f 3388//3576 3375//3576 3396//3576
f 3396//3577 3414//3577 3388//3577
f 3380//3578 3371//3579 3375//3580
f 3375//3580 3388//3581 3380//3578
f 3634//3582 3629//3583 3632//3584
f 3632//3584 3641//3585 3634//3582
f 3618//3586 3612//3586 3629//3586
f 3629//3587 3634//3587 3618//3587
f 3596//3588 3585//3588 3612//3588
f 3612//3589 3618//3589 3596//3589
f 3563//3590 3557//3590 3585//3590
f 3585//3591 3596//3591 3563//3591
f 3532//3592 3525//3592 3557//3592
f 3557//3593 3563//3593 3532//3593
f 3501//3594 3494//3595 3525//3596
f 3525//3596 3532//3597 3501//3594
f 3474//3598 3462//3599 3494//3600
f 3494//3600 3501//3601 3474//3598
f 3436//3602 3414//3602 3462//3602
f 3462//3603 3474//3603 3436//3603
f 3399//3604 3388//3604 3414//3604
f 3414//3605 3436//3605 3399//3605
f 3392//3606 3380//3607 3388//3608
f 3388//3608 3399//3609 3392//3606
f 3640//3610 3634//3610 3641//3610
f 3641//3611 3644//3611 3640//3611
f 3625//3612 3618//3612 3634//3612
f 3634//3613 3640//3613 3625//3613
f 3602//3614 3596//3614 3618//3614
f 3618//3615 3625//3615 3602//3615
f 3568//3616 3563//3616 3596//3616
f 3596//3617 3602//3617 3568//3617
f 3539//3618 3532//3618 3563//3618
f 3563//3619 3568//3619 3539//3619
f 3507//3620 3501//3620 3532//3620
f 3532//3621 3539//3621 3507//3621
f 3478//3622 3474//3623 3501//3624
f 3501//3624 3507//3625 3478//3622
f 3448//3626 3436//3627 3474//3628
f 3474//3628 3478//3629 3448//3626
f 3410//3630 3399//3631 3436//3632
f 3436//3632 3448//3633 3410//3630
f 3400//3634 3392//3635 3399//3636
f 3399//3636 3410//3637 3400//3634
f 3638//3638 3640//3638 3644//3638
f 3644//3639 3643//3639 3638//3639
f 3623//3640 3625//3640 3640//3640
f 3640//3641 3638//3641 3623//3641
f 3600//3642 3602//3642 3625//3642
f 3625//3643 3623//3643 3600//3643
f 3570//3644 3568//3644 3602//3644
f 3602//3645 3600//3645 3570//3645
f 3544//3646 3539//3646 3568//3646
f 3568//3647 3570//3647 3544//3647
f 3511//3648 3507//3648 3539//3648
f 3539//3649 3544//3649 3511//3649
f 3484//3650 3478//3650 3507//3650
f 3507//3651 3511//3651 3484//3651
f 3454//3652 3448//3653 3478//3654
f 3478//3654 3484//3655 3454//3652
f 3434//3656 3410//3657 3448//3658
f 3448//3658 3454//3659 3434//3656
f 3412//3660 3400//3661 3410//3662
f 3410//3662 3434//3663 3412//3660
f 3631//3664 3638//3665 3643//3666
f 3643//3666 3635//3667 3631//3664
f 3615//3668 3623//3669 3638//3670
f 3638//3670 3631//3671 3615//3668
f 3594//3672 3600//3673 3623//3674
f 3623//3674 3615//3675 3594//3672
f 3565//3676 3570//3676 3600//3676
f 3600//3677 3594//3677 3565//3677
f 3541//3678 3544//3678 3570//3678
f 3570//3679 3565//3679 3541//3679
f 3512//3680 3511//3680 3544//3680
f 3544//3681 3541//3681 3512//3681
f 3488//3682 3484//3682 3511//3682
f 3511//3683 3512//3683 3488//3683
f 3457//3684 3454//3684 3484//3684
f 3484//3685 3488//3685 3457//3685
f 3440//3686 3434//3686 3454//3686
f 3454//3687 3457//3687 3440//3687
f 3423//3688 3412//3689 3434//3690
f 3434//3690 3440//3691 3423//3688
f 3621//3692 3631//3693 3635//3694
f 3635//3694 3627//3695 3621//3692
f 3608//3696 3615//3697 3631//3698
f 3631//3698 3621//3699 3608//3696
f 3583//3700 3594//3701 3615//3702
f 3615//3702 3608//3703 3583//3700
f 3559//3704 3565//3705 3594//3706
f 3594//3706 3583//3707 3559//3704
f 3534//3708 3541//3709 3565//3710
f 3565//3710 3559//3711 3534//3708
f 3509//3712 3512//3713 3541//3714
f 3541//3714 3534//3715 3509//3712
f 3486//3716 3488//3717 3512//3718
f 3512//3718 3509//3719 3486//3716
f 3460//3720 3457//3720 3488//3720
f 3488//3721 3486//3721 3460//3721
f 3442//3722 3440//3722 3457//3722
f 3457//3723 3460//3723 3442//3723
f 3430//3724 3423//3725 3440//3726
f 3440//3726 3442//3727 3430//3724
f 3606//3728 3621//3728 3627//3728
f 3627//3728 3610//3728 3606//3728
f 3589//3729 3608//3730 3621//3729
f 3621//3729 3606//3731 3589//3729
f 3572//3732 3583//3733 3608//3734
f 3608//3734 3589//3735 3572//3732
f 3548//3736 3559//3737 3583//3738
f 3583//3738 3572//3739 3548//3736
f 3527//3740 3534//3741 3559//3742
f 3559//3742 3548//3743 3527//3740
f 3503//3744 3509//3744 3534//3744
f 3534//3745 3527//3745 3503//3745
f 3480//3746 3486//3746 3509//3746
f 3509//3747 3503//3747 3480//3747
f 3456//3748 3460//3748 3486//3748
f 3486//3749 3480//3749 3456//3749
f 3438//3750 3442//3750 3460//3750
f 3460//3751 3456//3751 3438//3751
f 3428//3752 3430//3752 3442//3752
f 3442//3753 3438//3753 3428//3753
f 3581//3754 3606//3755 3610//3756
f 3610//3756 3586//3757 3581//3754
f 3576//3758 3589//3759 3606//3760
f 3606//3760 3581//3761 3576//3758
f 3555//3762 3572//3763 3589//3764
f 3589//3764 3576//3765 3555//3762
f 3535//3766 3548//3767 3572//3768
f 3572//3768 3555//3769 3535//3766
f 3516//3770 3527//3771 3548//3772
f 3548//3772 3535//3773 3516//3770
f 3491//3774 3503//3774 3527//3774
f 3527//3775 3516//3775 3491//3775
f 3471//3776 3480//3776 3503//3776
f 3503//3777 3491//3777 3471//3777
f 3446//3778 3456//3778 3480//3778
f 3480//3779 3471//3779 3446//3779
f 3420//3780 3438//3780 3456//3780
f 3456//3781 3446//3781 3420//3781
f 3407//3782 3428//3782 3438//3782
f 3438//3783 3420//3783 3407//3783
f 3561//3784 3581//3784 3586//3784
f 3586//3785 3564//3785 3561//3785
f 3550//3786 3576//3786 3581//3786
f 3581//3787 3561//3787 3550//3787
f 3538//3788 3555//3788 3576//3788
f 3576//3789 3550//3789 3538//3789
f 3519//3790 3535//3790 3555//3790
f 3555//3791 3538//3791 3519//3791
f 3498//3792 3516//3792 3535//3792
f 3535//3793 3519//3793 3498//3793
f 3476//3794 3491//3794 3516//3794
f 3516//3795 3498//3795 3476//3795
f 3452//3796 3471//3796 3491//3796
f 3491//3797 3476//3797 3452//3797
f 3432//3798 3446//3798 3471//3798
f 3471//3799 3452//3799 3432//3799
f 3402//3800 3420//3800 3446//3800
f 3446//3801 3432//3801 3402//3801
f 3397//3802 3407//3802 3420//3802
f 3420//3803 3402//3803 3397//3803
f 1888//3804 2110//3804 2104//3804
f 1888//3805 2104//3806 2096//3807
f 1888//3805 2096//3807 2076//3808
f 1888//3805 2076//3808 2048//3809
f 1888//3810 2048//3811 2030//3812
f 1888//3810 2030//3812 2006//3813
f 1888//3810 2006//3813 1982//3814
f 1888//3815 1982//3816 1960//3817
f 1888//3815 1960//3817 1936//3818
f 1888//3819 1936//3819 1732//3819
f 2257//3820 2104//3820 2110//3820
f 2110//3820 2261//3820 2257//3820
f 2249//3821 2096//3821 2104//3821
f 2104//3821 2257//3821 2249//3821
f 2226//3822 2076//3822 2096//3822
f 2096//3822 2249//3822 2226//3822
f 2200//3823 2048//3823 2076//3823
f 2076//3823 2226//3823 2200//3823
f 2142//3824 2030//3824 2048//3824
f 2048//3824 2200//3824 2142//3824
f 2094//3825 2006//3825 2030//3825
f 2030//3825 2142//3825 2094//3825
f 2036//3826 1982//3826 2006//3826
f 2006//3826 2094//3826 2036//3826
f 1988//3827 1960//3827 1982//3827
f 1982//3827 2036//3827 1988//3827
f 1948//3828 1936//3828 1960//3828
f 1960//3828 1988//3828 1948//3828
f 1728//3829 1732//3829 1936//3829
f 1936//3829 1948//3829 1728//3829
f 2310//3830 2257//3831 2261//3830
f 2261//3830 2315//3830 2310//3830
f 2300//3832 2249//3832 2257//3832
f 2257//3832 2310//3832 2300//3832
f 2279//3833 2226//3833 2249//3833
f 2249//3833 2300//3833 2279//3833
f 2243//3834 2200//3834 2226//3834
f 2226//3834 2279//3834 2243//3834
f 2204//3835 2142//3835 2200//3835
f 2200//3835 2243//3835 2204//3835
f 2132//3836 2094//3836 2142//3836
f 2142//3836 2204//3836 2132//3836
f 2067//3837 2036//3837 2094//3837
f 2094//3837 2132//3837 2067//3837
f 2000//3838 1988//3839 2036//3838
f 2036//3838 2067//3838 2000//3838
f 1956//3840 1948//3840 1988//3840
f 1988//3840 2000//3840 1956//3840
f 1734//3841 1728//3841 1948//3841
f 1948//3841 1956//3842 1734//3841
f 2312//3843 2310//3843 2315//3843
f 2315//3843 2316//3843 2312//3843
f 2302//3844 2300//3844 2310//3845
f 2310//3845 2312//3845 2302//3844
f 2281//3846 2279//3846 2300//3846
f 2300//3846 2302//3846 2281//3846
f 2245//3847 2243//3848 2279//3847
f 2279//3847 2281//3847 2245//3847
f 2206//3849 2204//3849 2243//3849
f 2243//3849 2245//3850 2206//3849
f 2134//3851 2132//3851 2204//3851
f 2204//3851 2206//3852 2134//3851
f 2068//3853 2067//3853 2132//3853
f 2132//3853 2134//3854 2068//3853
f 2002//3855 2000//3855 2067//3855
f 2067//3855 2068//3855 2002//3855
f 1958//3856 1956//3856 2000//3857
f 2000//3857 2002//3857 1958//3856
f 1878//3858 1734//3858 1956//3858
f 1956//3858 1958//3858 1878//3858
f 2285//3859 2312//3859 2316//3859
f 2316//3859 2289//3859 2285//3859
f 2259//3860 2302//3860 2312//3860
f 2312//3860 2285//3861 2259//3860
f 2241//3862 2281//3862 2302//3862
f 2302//3862 2259//3863 2241//3862
f 2214//3864 2245//3864 2281//3864
f 2281//3864 2241//3865 2214//3864
f 2168//3866 2206//3866 2245//3866
f 2245//3866 2214//3867 2168//3866
f 2106//3868 2134//3868 2206//3868
f 2206//3868 2168//3869 2106//3868
f 2042//3870 2068//3871 2134//3870
f 2134//3870 2106//3872 2042//3870
f 1994//3873 2002//3874 2068//3875
f 2068//3875 2042//3873 1994//3873
f 1952//3876 1958//3877 2002//3876
f 2002//3876 1994//3876 1952//3876
f 1731//3878 1878//3878 1958//3878
f 1958//3878 1952//3878 1731//3878
f 2220//3879 2285//3880 2289//3880
f 2289//3880 2225//3881 2220//3879
f 2210//3882 2259//3883 2285//3884
f 2285//3884 2220//3885 2210//3882
f 2186//3886 2241//3887 2259//3887
f 2259//3887 2210//3888 2186//3886
f 2146//3889 2214//3890 2241//3889
f 2241//3889 2186//3891 2146//3889
f 2108//3892 2168//3893 2214//3893
f 2214//3893 2146//3894 2108//3892
f 2060//3895 2106//3895 2168//3896
f 2168//3896 2108//3897 2060//3895
f 2018//3898 2042//3899 2106//3899
f 2106//3899 2060//3900 2018//3898
f 1978//3901 1994//3901 2042//3902
f 2042//3902 2018//3903 1978//3901
f 1944//3904 1952//3904 1994//3905
f 1994//3905 1978//3906 1944//3904
f 1727//3907 1731//3908 1952//3908
f 1952//3908 1944//3909 1727//3907
f 2141//3910 2220//3879 2225//3881
f 2225//3881 2145//3910 2141//3910
f 2127//3911 2210//3882 2220//3885
f 2220//3885 2141//3911 2127//3911
f 2112//3912 2186//3886 2210//3888
f 2210//3888 2127//3913 2112//3912
f 2084//3914 2146//3889 2186//3891
f 2186//3891 2112//3914 2084//3914
f 2044//3894 2108//3892 2146//3894
f 2146//3894 2084//3894 2044//3894
f 2024//3915 2060//3895 2108//3897
f 2108//3897 2044//3916 2024//3915
f 1992//3917 2018//3898 2060//3900
f 2060//3900 2024//3917 1992//3917
f 1970//3918 1978//3901 2018//3903
f 2018//3903 1992//3919 1970//3918
f 1942//3920 1944//3904 1978//3906
f 1978//3906 1970//3920 1942//3920
f 1721//3921 1727//3907 1944//3909
f 1944//3909 1942//3921 1721//3921
f 2079//3922 2141//3923 2145//3922
f 2145//3922 2087//3924 2079//3922
f 2075//3925 2127//3926 2141//3927
f 2141//3927 2079//3928 2075//3925
f 2055//3929 2112//3930 2127//3931
f 2127//3931 2075//3932 2055//3929
f 2039//3933 2084//3934 2112//3935
f 2112//3935 2055//3936 2039//3933
f 2021//3937 2044//3938 2084//3938
f 2084//3938 2039//3937 2021//3937
f 1996//3939 2024//3940 2044//3940
f 2044//3940 2021//3941 1996//3939
f 1974//3942 1992//3943 2024//3944
f 2024//3944 1996//3945 1974//3942
f 1954//3946 1970//3947 1992//3948
f 1992//3948 1974//3949 1954//3946
f 1934//3950 1942//3951 1970//3952
f 1970//3952 1954//3953 1934//3950
f 1720//3954 1721//3955 1942//3956
f 1942//3956 1934//3957 1720//3954
f 2063//3958 2079//3959 2087//3959
f 2087//3959 2071//3960 2063//3958
f 2051//3961 2075//3962 2079//3963
f 2079//3963 2063//3964 2051//3961
f 2041//3965 2055//3966 2075//3967
f 2075//3967 2051//3968 2041//3965
f 2029//3969 2039//3970 2055//3971
f 2055//3971 2041//3972 2029//3969
f 2013//3973 2021//3974 2039//3973
f 2039//3973 2029//3975 2013//3973
f 1991//3976 1996//3977 2021//3976
f 2021//3976 2013//3978 1991//3976
f 1972//3979 1974//3980 1996//3981
f 1996//3981 1991//3982 1972//3979
f 1950//3983 1954//3984 1974//3985
f 1974//3985 1972//3986 1950//3983
f 1932//3987 1934//3988 1954//3989
f 1954//3989 1950//3990 1932//3987
f 1701//3991 1720//3992 1934//3992
f 1934//3992 1932//3993 1701//3991
f 2115//3994 2063//3994 2071//3994
f 2071//3994 2123//3994 2115//3994
f 2101//3995 2051//3995 2063//3995
f 2063//3996 2115//3996 2101//3996
f 2081//3997 2041//3997 2051//3997
f 2051//3998 2101//3998 2081//3998
f 2057//3999 2029//3999 2041//3999
f 2041//4000 2081//4000 2057//4000
f 2033//4001 2013//4001 2029//4001
f 2029//4001 2057//4001 2033//4001
f 2009//4002 1991//4002 2013//4002
f 2013//4002 2033//4002 2009//4002
f 1984//4003 1972//4003 1991//4003
f 1991//4004 2009//4004 1984//4004
f 1964//4005 1950//4005 1972//4005
f 1972//4006 1984//4006 1964//4006
f 1938//4007 1932//4007 1950//4007
f 1950//4008 1964//4008 1938//4008
f 1698//4009 1701//4009 1932//4009
f 1932//4009 1938//4009 1698//4009
f 1888//4010 1886//4010 1686//4010
f 1888//4011 1686//4012 1662//4013
f 1888//4011 1662//4013 1640//4014
f 1888//4011 1640//4014 1616//4015
f 1888//4016 1616//4017 1592//4018
f 1888//4016 1592//4018 1574//4019
f 1888//4016 1574//4019 1546//4020
f 1888//4021 1546//4022 1526//4023
f 1888//4021 1526//4023 1518//4024
f 1888//4025 1518//4025 1512//4025
f 1674//4026 1686//4026 1886//4026
f 1886//4026 1884//4026 1674//4026
f 1634//4027 1662//4027 1686//4027
f 1686//4027 1674//4027 1634//4027
f 1586//4028 1640//4028 1662//4028
f 1662//4028 1634//4028 1586//4028
f 1528//4029 1616//4029 1640//4029
f 1640//4029 1586//4029 1528//4029
f 1480//4030 1592//4030 1616//4030
f 1616//4030 1528//4030 1480//4030
f 1422//4031 1574//4031 1592//4031
f 1592//4031 1480//4031 1422//4031
f 1396//4032 1546//4032 1574//4032
f 1574//4032 1422//4032 1396//4032
f 1373//4033 1526//4033 1546//4033
f 1546//4033 1396//4033 1373//4033
f 1365//4034 1518//4034 1526//4034
f 1526//4034 1373//4034 1365//4034
f 1361//4035 1512//4035 1518//4035
f 1518//4035 1365//4035 1361//4035
f 1666//4036 1674//4036 1884//4036
f 1884//4036 1882//4037 1666//4036
f 1622//4038 1634//4038 1674//4038
f 1674//4038 1666//4038 1622//4038
f 1557//4039 1586//4039 1634//4039
f 1634//4039 1622//4039 1557//4039
f 1490//4040 1528//4040 1586//4040
f 1586//4040 1557//4040 1490//4040
f 1418//4041 1480//4041 1528//4041
f 1528//4041 1490//4041 1418//4041
f 1379//4042 1422//4042 1480//4042
f 1480//4042 1418//4042 1379//4042
f 1343//4043 1396//4043 1422//4043
f 1422//4043 1379//4043 1343//4043
f 1322//4044 1373//4045 1396//4044
f 1396//4044 1343//4044 1322//4044
f 1312//4046 1365//4046 1373//4046
f 1373//4046 1322//4046 1312//4046
f 1309//4047 1361//4048 1365//4047
f 1365//4047 1312//4047 1309//4047
f 1664//4049 1666//4049 1882//4049
f 1882//4049 1879//4049 1664//4049
f 1620//4050 1622//4050 1666//4051
f 1666//4051 1664//4051 1620//4050
f 1554//4052 1557//4052 1622//4052
f 1622//4052 1620//4052 1554//4052
f 1488//4053 1490//4054 1557//4053
f 1557//4053 1554//4053 1488//4053
f 1416//4055 1418//4055 1490//4055
f 1490//4055 1488//4055 1416//4055
f 1377//4056 1379//4056 1418//4056
f 1418//4056 1416//4056 1377//4056
f 1341//4057 1343//4057 1379//4057
f 1379//4057 1377//4058 1341//4057
f 1320//4059 1322//4059 1343//4059
f 1343//4059 1341//4059 1320//4059
f 1310//4060 1312//4060 1322//4061
f 1322//4061 1320//4061 1310//4060
f 1306//4062 1309//4062 1312//4062
f 1312//4062 1310//4062 1306//4062
f 1670//4063 1664//4063 1879//4063
f 1879//4063 1876//4063 1670//4063
f 1628//4064 1620//4064 1664//4064
f 1664//4064 1670//4065 1628//4064
f 1580//4066 1554//4067 1620//4066
f 1620//4066 1628//4068 1580//4066
f 1516//4069 1488//4069 1554//4069
f 1554//4069 1580//4070 1516//4069
f 1454//4071 1416//4071 1488//4071
f 1488//4071 1516//4071 1454//4071
f 1408//4072 1377//4072 1416//4072
f 1416//4072 1454//4073 1408//4072
f 1381//4074 1341//4075 1377//4074
f 1377//4074 1408//4076 1381//4074
f 1363//4077 1320//4077 1341//4077
f 1341//4077 1381//4078 1363//4077
f 1337//4079 1310//4080 1320//4079
f 1320//4079 1363//4079 1337//4079
f 1333//4081 1306//4081 1310//4081
f 1310//4081 1337//4081 1333//4081
f 1678//4082 1670//4082 1876//4082
f 1876//4082 1874//4083 1678//4082
f 1644//4084 1628//4085 1670//4086
f 1670//4086 1678//4087 1644//4084
f 1604//4088 1580//4089 1628//4089
f 1628//4089 1644//4090 1604//4088
f 1562//4091 1516//4092 1580//4093
f 1580//4093 1604//4094 1562//4091
f 1514//4095 1454//4096 1516//4096
f 1516//4096 1562//4097 1514//4095
f 1476//4098 1408//4099 1454//4099
f 1454//4099 1514//4100 1476//4098
f 1436//4101 1381//4102 1408//4102
f 1408//4102 1476//4103 1436//4101
f 1412//4104 1363//4104 1381//4105
f 1381//4105 1436//4106 1412//4104
f 1402//4107 1337//4107 1363//4108
f 1363//4108 1412//4109 1402//4107
f 1399//4110 1333//4111 1337//4111
f 1337//4111 1402//4112 1399//4110
f 1680//4113 1678//4082 1874//4083
f 1874//4083 1872//4113 1680//4113
f 1652//4114 1644//4084 1678//4087
f 1678//4087 1680//4114 1652//4114
f 1630//4115 1604//4088 1644//4090
f 1644//4090 1652//4116 1630//4115
f 1598//4117 1562//4091 1604//4094
f 1604//4094 1630//4117 1598//4117
f 1578//4097 1514//4095 1562//4097
f 1562//4097 1598//4097 1578//4097
f 1538//4118 1476//4098 1514//4100
f 1514//4100 1578//4119 1538//4118
f 1510//4120 1436//4101 1476//4103
f 1476//4103 1538//4120 1510//4120
f 1497//4121 1412//4104 1436//4106
f 1436//4106 1510//4122 1497//4121
f 1483//4123 1402//4107 1412//4109
f 1412//4109 1497//4123 1483//4123
f 1479//4124 1399//4110 1402//4112
f 1402//4112 1483//4124 1479//4124
f 1688//4125 1680//4126 1872//4125
f 1872//4125 1870//4127 1688//4125
f 1668//4128 1652//4129 1680//4130
f 1680//4130 1688//4131 1668//4128
f 1648//4132 1630//4133 1652//4134
f 1652//4134 1668//4135 1648//4132
f 1626//4136 1598//4137 1630//4138
f 1630//4138 1648//4139 1626//4136
f 1603//4140 1578//4141 1598//4141
f 1598//4141 1626//4140 1603//4140
f 1585//4142 1538//4143 1578//4143
f 1578//4143 1603//4144 1585//4142
f 1569//4145 1510//4146 1538//4147
f 1538//4147 1585//4148 1569//4145
f 1549//4149 1497//4150 1510//4151
f 1510//4151 1569//4152 1549//4149
f 1545//4153 1483//4154 1497//4155
f 1497//4155 1549//4156 1545//4153
f 1537//4157 1479//4158 1483//4159
f 1483//4159 1545//4160 1537//4157
f 1690//4161 1688//4162 1870//4162
f 1870//4162 1868//4163 1690//4161
f 1672//4164 1668//4165 1688//4166
f 1688//4166 1690//4167 1672//4164
f 1650//4168 1648//4169 1668//4170
f 1668//4170 1672//4171 1650//4168
f 1633//4172 1626//4173 1648//4174
f 1648//4174 1650//4175 1633//4172
f 1611//4176 1603//4177 1626//4176
f 1626//4176 1633//4178 1611//4176
f 1595//4179 1585//4180 1603//4179
f 1603//4179 1611//4181 1595//4179
f 1583//4182 1569//4183 1585//4184
f 1585//4184 1595//4185 1583//4182
f 1573//4186 1549//4187 1569//4188
f 1569//4188 1583//4189 1573//4186
f 1561//4190 1545//4191 1549//4192
f 1549//4192 1573//4193 1561//4190
f 1553//4194 1537//4195 1545//4195
f 1545//4195 1561//4196 1553//4194
f 1684//4197 1690//4197 1868//4197
f 1868//4197 1865//4197 1684//4197
f 1658//4198 1672//4198 1690//4198
f 1690//4199 1684//4199 1658//4199
f 1638//4200 1650//4200 1672//4200
f 1672//4201 1658//4201 1638//4201
f 1615//4202 1633//4202 1650//4202
f 1650//4203 1638//4203 1615//4203
f 1591//4204 1611//4204 1633//4204
f 1633//4204 1615//4204 1591//4204
f 1567//4205 1595//4205 1611//4205
f 1611//4205 1591//4205 1567//4205
f 1543//4206 1583//4206 1595//4206
f 1595//4207 1567//4207 1543//4207
f 1523//4208 1573//4208 1583//4208
f 1583//4209 1543//4209 1523//4209
f 1509//4210 1561//4210 1573//4210
f 1573//4211 1523//4211 1509//4211
f 1501//4212 1553//4212 1561//4212
f 1561//4212 1509//4212 1501//4212
f 1888//4213 1513//4213 1519//4213
f 1888//4214 1519//4215 1527//4216
f 1888//4214 1527//4216 1547//4217
f 1888//4214 1547//4217 1575//4218
f 1888//4219 1575//4220 1593//4221
f 1888//4219 1593//4221 1617//4222
f 1888//4219 1617//4222 1641//4223
f 1888//4224 1641//4225 1663//4226
f 1888//4224 1663//4226 1687//4227
f 1888//4228 1687//4228 1894//4228
f 1366//4229 1519//4229 1513//4229
f 1513//4229 1362//4229 1366//4229
f 1374//4230 1527//4230 1519//4230
f 1519//4230 1366//4230 1374//4230
f 1397//4231 1547//4231 1527//4231
f 1527//4231 1374//4231 1397//4231
f 1423//4232 1575//4232 1547//4232
f 1547//4232 1397//4232 1423//4232
f 1481//4233 1593//4233 1575//4233
f 1575//4233 1423//4233 1481//4233
f 1529//4234 1617//4234 1593//4234
f 1593//4234 1481//4234 1529//4234
f 1587//4235 1641//4235 1617//4235
f 1617//4235 1529//4235 1587//4235
f 1635//4236 1663//4236 1641//4236
f 1641//4236 1587//4236 1635//4236
f 1675//4237 1687//4237 1663//4237
f 1663//4237 1635//4237 1675//4237
f 1895//4238 1894//4238 1687//4238
f 1687//4238 1675//4238 1895//4238
f 1313//4239 1366//4240 1362//4239
f 1362//4239 1308//4239 1313//4239
f 1323//4241 1374//4241 1366//4241
f 1366//4241 1313//4241 1323//4241
f 1344//4242 1397//4242 1374//4242
f 1374//4242 1323//4242 1344//4242
f 1380//4243 1423//4243 1397//4243
f 1397//4243 1344//4243 1380//4243
f 1419//4244 1481//4244 1423//4244
f 1423//4244 1380//4244 1419//4244
f 1491//4245 1529//4245 1481//4245
f 1481//4245 1419//4245 1491//4245
f 1556//4246 1587//4246 1529//4246
f 1529//4246 1491//4246 1556//4246
f 1623//4247 1635//4248 1587//4247
f 1587//4247 1556//4247 1623//4247
f 1667//4249 1675//4249 1635//4249
f 1635//4249 1623//4249 1667//4249
f 1890//4250 1895//4250 1675//4250
f 1675//4250 1667//4251 1890//4250
f 1311//4252 1313//4252 1308//4252
f 1308//4252 1307//4252 1311//4252
f 1321//4253 1323//4253 1313//4254
f 1313//4254 1311//4254 1321//4253
f 1342//4255 1344//4255 1323//4255
f 1323//4255 1321//4255 1342//4255
f 1378//4256 1380//4257 1344//4256
f 1344//4256 1342//4256 1378//4256
f 1417//4258 1419//4258 1380//4258
f 1380//4258 1378//4259 1417//4258
f 1489//4260 1491//4260 1419//4260
f 1419//4260 1417//4261 1489//4260
f 1555//4262 1556//4262 1491//4262
f 1491//4262 1489//4263 1555//4262
f 1621//4264 1623//4264 1556//4264
f 1556//4264 1555//4264 1621//4264
f 1665//4265 1667//4265 1623//4266
f 1623//4266 1621//4266 1665//4265
f 1881//4267 1890//4267 1667//4267
f 1667//4267 1665//4267 1881//4267
f 1338//4268 1311//4268 1307//4268
f 1307//4268 1334//4268 1338//4268
f 1364//4269 1321//4269 1311//4269
f 1311//4269 1338//4270 1364//4269
f 1382//4271 1342//4271 1321//4271
f 1321//4271 1364//4272 1382//4271
f 1409//4273 1378//4273 1342//4273
f 1342//4273 1382//4274 1409//4273
f 1455//4275 1417//4275 1378//4275
f 1378//4275 1409//4276 1455//4275
f 1517//4277 1489//4277 1417//4277
f 1417//4277 1455//4278 1517//4277
f 1581//4279 1555//4280 1489//4279
f 1489//4279 1517//4281 1581//4279
f 1629//4282 1621//4283 1555//4284
f 1555//4284 1581//4282 1629//4282
f 1671//4285 1665//4286 1621//4285
f 1621//4285 1629//4285 1671//4285
f 1893//4287 1881//4287 1665//4287
f 1665//4287 1671//4287 1893//4287
f 1403//4288 1338//4289 1334//4289
f 1334//4289 1398//4290 1403//4288
f 1413//4291 1364//4292 1338//4293
f 1338//4293 1403//4294 1413//4291
f 1437//4295 1382//4296 1364//4296
f 1364//4296 1413//4297 1437//4295
f 1477//4298 1409//4299 1382//4298
f 1382//4298 1437//4300 1477//4298
f 1515//4301 1455//4302 1409//4302
f 1409//4302 1477//4303 1515//4301
f 1563//4304 1517//4304 1455//4305
f 1455//4305 1515//4306 1563//4304
f 1605//4307 1581//4308 1517//4308
f 1517//4308 1563//4309 1605//4307
f 1645//4310 1629//4310 1581//4311
f 1581//4311 1605//4312 1645//4310
f 1679//4313 1671//4313 1629//4314
f 1629//4314 1645//4315 1679//4313
f 1900//4316 1893//4317 1671//4317
f 1671//4317 1679//4318 1900//4316
f 1482//4319 1403//4288 1398//4290
f 1398//4290 1478//4319 1482//4319
f 1496//4320 1413//4291 1403//4294
f 1403//4294 1482//4320 1496//4320
f 1511//4321 1437//4295 1413//4297
f 1413//4297 1496//4322 1511//4321
f 1539//4323 1477//4298 1437//4300
f 1437//4300 1511//4323 1539//4323
f 1579//4303 1515//4301 1477//4303
f 1477//4303 1539//4303 1579//4303
f 1599//4324 1563//4304 1515//4306
f 1515//4306 1579//4325 1599//4324
f 1631//4326 1605//4307 1563//4309
f 1563//4309 1599//4326 1631//4326
f 1653//4327 1645//4310 1605//4312
f 1605//4312 1631//4328 1653//4327
f 1681//4329 1679//4313 1645//4315
f 1645//4315 1653//4329 1681//4329
f 1902//4330 1900//4316 1679//4318
f 1679//4318 1681//4330 1902//4330
f 1544//4331 1482//4332 1478//4331
f 1478//4331 1536//4333 1544//4331
f 1548//4334 1496//4335 1482//4336
f 1482//4336 1544//4337 1548//4334
f 1568//4338 1511//4339 1496//4340
f 1496//4340 1548//4341 1568//4338
f 1584//4342 1539//4343 1511//4344
f 1511//4344 1568//4345 1584//4342
f 1602//4346 1579//4347 1539//4347
f 1539//4347 1584//4346 1602//4346
f 1627//4348 1599//4349 1579//4349
f 1579//4349 1602//4350 1627//4348
f 1649//4351 1631//4352 1599//4353
f 1599//4353 1627//4354 1649//4351
f 1669//4355 1653//4356 1631//4357
f 1631//4357 1649//4358 1669//4355
f 1689//4359 1681//4360 1653//4361
f 1653//4361 1669//4362 1689//4359
f 1921//4363 1902//4364 1681//4365
f 1681//4365 1689//4366 1921//4363
f 1560//4367 1544//4368 1536//4368
f 1536//4368 1552//4369 1560//4367
f 1572//4370 1548//4371 1544//4372
f 1544//4372 1560//4373 1572//4370
f 1582//4374 1568//4375 1548//4376
f 1548//4376 1572//4377 1582//4374
f 1594//4378 1584//4379 1568//4380
f 1568//4380 1582//4381 1594//4378
f 1610//4382 1602//4383 1584//4382
f 1584//4382 1594//4384 1610//4382
f 1632//4385 1627//4386 1602//4385
f 1602//4385 1610//4387 1632//4385
f 1651//4388 1649//4389 1627//4390
f 1627//4390 1632//4391 1651//4388
f 1673//4392 1669//4393 1649//4394
f 1649//4394 1651//4395 1673//4392
f 1691//4396 1689//4397 1669//4398
f 1669//4398 1673//4399 1691//4396
f 1922//4400 1921//4401 1689//4401
f 1689//4401 1691//4402 1922//4400
f 1508//4403 1560//4403 1552//4403
f 1552//4403 1500//4403 1508//4403
f 1522//4404 1572//4404 1560//4404
f 1560//4405 1508//4405 1522//4405
f 1542//4406 1582//4406 1572//4406
f 1572//4407 1522//4407 1542//4407
f 1566//4408 1594//4408 1582//4408
f 1582//4409 1542//4409 1566//4409
f 1590//4410 1610//4410 1594//4410
f 1594//4410 1566//4410 1590//4410
f 1614//4411 1632//4411 1610//4411
f 1610//4411 1590//4411 1614//4411
f 1639//4412 1651//4412 1632//4412
f 1632//4413 1614//4413 1639//4413
f 1659//4414 1673//4414 1651//4414
f 1651//4415 1639//4415 1659//4415
f 1685//4416 1691//4416 1673//4416
f 1673//4417 1659//4417 1685//4417
f 1928//4418 1922//4418 1691//4418
f 1691//4418 1685//4418 1928//4418
f 1888//4419 1887//4419 1937//4419
f 1888//4420 1937//4421 1961//4422
f 1888//4420 1961//4422 1983//4423
f 1888//4420 1983//4423 2007//4424
f 1888//4425 2007//4426 2031//4427
f 1888//4425 2031//4427 2049//4428
f 1888//4425 2049//4428 2077//4429
f 1888//4430 2077//4431 2097//4432
f 1888//4430 2097//4432 2105//4433
f 1888//4434 2105//4434 2111//4434
f 1949//4435 1937//4435 1887//4435
f 1887//4435 1885//4435 1949//4435
f 1989//4436 1961//4436 1937//4436
f 1937//4436 1949//4436 1989//4436
f 2037//4437 1983//4437 1961//4437
f 1961//4437 1989//4437 2037//4437
f 2095//4438 2007//4438 1983//4438
f 1983//4438 2037//4438 2095//4438
f 2143//4439 2031//4439 2007//4439
f 2007//4439 2095//4439 2143//4439
f 2201//4440 2049//4440 2031//4440
f 2031//4440 2143//4440 2201//4440
f 2227//4441 2077//4441 2049//4441
f 2049//4441 2201//4441 2227//4441
f 2250//4442 2097//4442 2077//4442
f 2077//4442 2227//4442 2250//4442
f 2258//4443 2105//4443 2097//4443
f 2097//4443 2250//4443 2258//4443
f 2262//4444 2111//4444 2105//4444
f 2105//4444 2258//4444 2262//4444
f 1957//4445 1949//4445 1885//4445
f 1885//4445 1883//4446 1957//4445
f 2001//4447 1989//4447 1949//4447
f 1949//4447 1957//4447 2001//4447
f 2066//4448 2037//4448 1989//4448
f 1989//4448 2001//4448 2066//4448
f 2133//4449 2095//4449 2037//4449
f 2037//4449 2066//4449 2133//4449
f 2205//4450 2143//4450 2095//4450
f 2095//4450 2133//4450 2205//4450
f 2244//4451 2201//4451 2143//4451
f 2143//4451 2205//4451 2244//4451
f 2280//4452 2227//4452 2201//4452
f 2201//4452 2244//4452 2280//4452
f 2301//4453 2250//4454 2227//4453
f 2227//4453 2280//4453 2301//4453
f 2311//4455 2258//4455 2250//4455
f 2250//4455 2301//4455 2311//4455
f 2314//4456 2262//4457 2258//4456
f 2258//4456 2311//4456 2314//4456
f 1959//4458 1957//4458 1883//4458
f 1883//4458 1880//4458 1959//4458
f 2003//4459 2001//4459 1957//4460
f 1957//4460 1959//4460 2003//4459
f 2069//4461 2066//4461 2001//4461
f 2001//4461 2003//4461 2069//4461
f 2135//4462 2133//4463 2066//4462
f 2066//4462 2069//4462 2135//4462
f 2207//4464 2205//4464 2133//4464
f 2133//4464 2135//4464 2207//4464
f 2246//4465 2244//4465 2205//4465
f 2205//4465 2207//4465 2246//4465
f 2282//4466 2280//4466 2244//4466
f 2244//4466 2246//4467 2282//4466
f 2303//4468 2301//4468 2280//4468
f 2280//4468 2282//4468 2303//4468
f 2313//4469 2311//4469 2301//4470
f 2301//4470 2303//4470 2313//4469
f 2317//4471 2314//4471 2311//4471
f 2311//4471 2313//4471 2317//4471
f 1953//4472 1959//4472 1880//4472
f 1880//4472 1877//4472 1953//4472
f 1995//4473 2003//4473 1959//4473
f 1959//4473 1953//4474 1995//4473
f 2043//4475 2069//4476 2003//4475
f 2003//4475 1995//4477 2043//4475
f 2107//4478 2135//4478 2069//4478
f 2069//4478 2043//4479 2107//4478
f 2169//4480 2207//4480 2135//4480
f 2135//4480 2107//4480 2169//4480
f 2215//4481 2246//4481 2207//4481
f 2207//4481 2169//4482 2215//4481
f 2242//4483 2282//4484 2246//4483
f 2246//4483 2215//4485 2242//4483
f 2260//4486 2303//4486 2282//4486
f 2282//4486 2242//4487 2260//4486
f 2286//4488 2313//4489 2303//4488
f 2303//4488 2260//4488 2286//4488
f 2290//4490 2317//4490 2313//4490
f 2313//4490 2286//4490 2290//4490
f 1945//4491 1953//4491 1877//4491
f 1877//4491 1875//4492 1945//4491
f 1979//4493 1995//4494 1953//4495
f 1953//4495 1945//4496 1979//4493
f 2019//4497 2043//4498 1995//4498
f 1995//4498 1979//4499 2019//4497
f 2061//4500 2107//4501 2043//4502
f 2043//4502 2019//4503 2061//4500
f 2109//4504 2169//4505 2107//4505
f 2107//4505 2061//4506 2109//4504
f 2147//4507 2215//4508 2169//4508
f 2169//4508 2109//4509 2147//4507
f 2187//4510 2242//4511 2215//4511
f 2215//4511 2147//4512 2187//4510
f 2211//4513 2260//4513 2242//4514
f 2242//4514 2187//4515 2211//4513
f 2221//4516 2286//4516 2260//4517
f 2260//4517 2211//4518 2221//4516
f 2224//4519 2290//4520 2286//4520
f 2286//4520 2221//4521 2224//4519
f 1943//4522 1945//4491 1875//4492
f 1875//4492 1873//4522 1943//4522
f 1971//4523 1979//4493 1945//4496
f 1945//4496 1943//4523 1971//4523
f 1993//4524 2019//4497 1979//4499
f 1979//4499 1971//4525 1993//4524
f 2025//4526 2061//4500 2019//4503
f 2019//4503 1993//4526 2025//4526
f 2045//4506 2109//4504 2061//4506
f 2061//4506 2025//4506 2045//4506
f 2085//4527 2147//4507 2109//4509
f 2109//4509 2045//4528 2085//4527
f 2113//4529 2187//4510 2147//4512
f 2147//4512 2085//4529 2113//4529
f 2126//4530 2211//4513 2187//4515
f 2187//4515 2113//4531 2126//4530
f 2140//4532 2221//4516 2211//4518
f 2211//4518 2126//4532 2140//4532
f 2144//4533 2224//4519 2221//4521
f 2221//4521 2140//4533 2144//4533
f 1935//4534 1943//4535 1873//4534
f 1873//4534 1871//4536 1935//4534
f 1955//4537 1971//4538 1943//4539
f 1943//4539 1935//4540 1955//4537
f 1975//4541 1993//4542 1971//4543
f 1971//4543 1955//4544 1975//4541
f 1997//4545 2025//4546 1993//4547
f 1993//4547 1975//4548 1997//4545
f 2020//4549 2045//4550 2025//4550
f 2025//4550 1997//4549 2020//4549
f 2038//4551 2085//4552 2045//4552
f 2045//4552 2020//4553 2038//4551
f 2054//4554 2113//4555 2085//4556
f 2085//4556 2038//4557 2054//4554
f 2074//4558 2126//4559 2113//4560
f 2113//4560 2054//4561 2074//4558
f 2078//4562 2140//4563 2126//4564
f 2126//4564 2074//4565 2078//4562
f 2086//4566 2144//4567 2140//4568
f 2140//4568 2078//4569 2086//4566
f 1933//4570 1935//4571 1871//4571
f 1871//4571 1869//4572 1933//4570
f 1951//4573 1955//4574 1935//4575
f 1935//4575 1933//4576 1951//4573
f 1973//4577 1975//4578 1955//4579
f 1955//4579 1951//4580 1973//4577
f 1990//4581 1997//4582 1975//4583
f 1975//4583 1973//4584 1990//4581
f 2012//4585 2020//4586 1997//4585
f 1997//4585 1990//4587 2012//4585
f 2028//4588 2038//4589 2020//4588
f 2020//4588 2012//4590 2028//4588
f 2040//4591 2054//4592 2038//4593
f 2038//4593 2028//4594 2040//4591
f 2050//4595 2074//4596 2054//4597
f 2054//4597 2040//4598 2050//4595
f 2062//4599 2078//4600 2074//4601
f 2074//4601 2050//4602 2062//4599
f 2070//4603 2086//4604 2078//4604
f 2078//4604 2062//4605 2070//4603
f 1939//4606 1933//4606 1869//4606
f 1869//4606 1866//4606 1939//4606
f 1965//4607 1951//4607 1933//4607
f 1933//4608 1939//4608 1965//4608
f 1985//4609 1973//4609 1951//4609
f 1951//4610 1965//4610 1985//4610
f 2008//4611 1990//4611 1973//4611
f 1973//4612 1985//4612 2008//4612
f 2032//4613 2012//4613 1990//4613
f 1990//4613 2008//4613 2032//4613
f 2056//4614 2028//4614 2012//4614
f 2012//4614 2032//4614 2056//4614
f 2080//4615 2040//4615 2028//4615
f 2028//4616 2056//4616 2080//4616
f 2100//4617 2050//4617 2040//4617
f 2040//4618 2080//4618 2100//4618
f 2114//4619 2062//4619 2050//4619
f 2050//4620 2100//4620 2114//4620
f 2122//4621 2070//4621 2062//4621
f 2062//4621 2114//4621 2122//4621
f 2232//4622 2116//4623 2124//4622
f 2124//4622 2236//4622 2232//4622
f 2218//4624 2102//4624 2116//4624
f 2116//4624 2232//4624 2218//4624
f 2199//4625 2082//4625 2102//4625
f 2102//4626 2218//4626 2199//4626
f 2150//4627 2058//4627 2082//4627
f 2082//4627 2199//4627 2150//4627
f 2120//4628 2034//4628 2058//4628
f 2058//4628 2150//4628 2120//4628
f 2064//4629 2010//4629 2034//4629
f 2034//4629 2120//4629 2064//4629
f 2023//4630 1986//4630 2010//4630
f 2010//4630 2064//4630 2023//4630
f 1980//4631 1966//4631 1986//4631
f 1986//4632 2023//4632 1980//4632
f 1946//4633 1940//4633 1966//4633
f 1966//4633 1980//4633 1946//4633
f 1862//4634 1730//4634 1940//4634
f 1940//4634 1946//4634 1862//4634
f 2332//4635 2232//4635 2236//4635
f 2236//4635 2336//4635 2332//4635
f 2322//4636 2218//4636 2232//4636
f 2232//4636 2332//4636 2322//4636
f 2306//4637 2199//4637 2218//4637
f 2218//4637 2322//4637 2306//4637
f 2275//4638 2150//4638 2199//4638
f 2199//4638 2306//4638 2275//4638
f 2234//4639 2120//4639 2150//4639
f 2150//4639 2275//4639 2234//4639
f 2170//4640 2064//4640 2120//4640
f 2120//4640 2234//4640 2170//4640
f 2093//4641 2023//4641 2064//4641
f 2064//4641 2170//4641 2093//4641
f 2016//4642 1980//4642 2023//4642
f 2023//4642 2093//4642 2016//4642
f 1968//4643 1946//4643 1980//4643
f 1980//4643 2016//4643 1968//4643
f 1858//4644 1862//4644 1946//4644
f 1946//4644 1968//4644 1858//4644
f 2409//4645 2332//4645 2336//4645
f 2336//4645 2413//4645 2409//4645
f 2400//4646 2322//4647 2332//4647
f 2332//4647 2409//4646 2400//4646
f 2376//4648 2306//4648 2322//4648
f 2322//4648 2400//4648 2376//4648
f 2349//4649 2275//4649 2306//4649
f 2306//4649 2376//4649 2349//4649
f 2324//4650 2234//4650 2275//4650
f 2275//4650 2349//4650 2324//4650
f 2271//4651 2170//4651 2234//4651
f 2234//4651 2324//4651 2271//4651
f 2185//4652 2093//4652 2170//4652
f 2170//4652 2271//4652 2185//4652
f 2072//4653 2016//4653 2093//4653
f 2093//4653 2185//4653 2072//4653
f 1976//4654 1968//4654 2016//4654
f 2016//4654 2072//4655 1976//4654
f 1729//4656 1858//4656 1968//4656
f 1968//4656 1976//4656 1729//4656
f 2488//4657 2409//4657 2413//4657
f 2413//4657 2498//4657 2488//4657
f 2470//4658 2400//4658 2409//4658
f 2409//4658 2488//4658 2470//4658
f 2444//4659 2376//4659 2400//4659
f 2400//4659 2470//4659 2444//4659
f 2418//4660 2349//4660 2376//4660
f 2376//4660 2444//4660 2418//4660
f 2384//4661 2324//4661 2349//4661
f 2349//4661 2418//4661 2384//4661
f 2338//4662 2271//4662 2324//4662
f 2324//4662 2384//4662 2338//4662
f 2269//4663 2185//4663 2271//4663
f 2271//4663 2338//4663 2269//4663
f 2138//4664 2072//4664 2185//4664
f 2185//4664 2269//4664 2138//4664
f 1998//4665 1976//4665 2072//4665
f 2072//4665 2138//4665 1998//4665
f 1722//4666 1729//4666 1976//4666
f 1976//4666 1998//4666 1722//4666
f 2559//4667 2488//4668 2498//4668
f 2498//4668 2569//4669 2559//4667
f 2549//4670 2470//4671 2488//4671
f 2488//4671 2559//4672 2549//4670
f 2531//4673 2444//4674 2470//4674
f 2470//4674 2549//4675 2531//4673
f 2492//4676 2418//4677 2444//4677
f 2444//4677 2531//4678 2492//4676
f 2436//4679 2384//4680 2418//4680
f 2418//4680 2492//4681 2436//4679
f 2394//4682 2338//4683 2384//4683
f 2384//4683 2436//4684 2394//4682
f 2326//4685 2269//4686 2338//4686
f 2338//4686 2394//4687 2326//4685
f 2212//4688 2138//4688 2269//4688
f 2269//4688 2326//4689 2212//4688
f 2026//4690 1998//4691 2138//4691
f 2138//4691 2212//4692 2026//4690
f 1850//4693 1722//4694 1998//4694
f 1998//4694 2026//4695 1850//4693
f 2653//4696 2559//4667 2569//4669
f 2569//4669 2655//4696 2653//4696
f 2631//4697 2549//4670 2559//4672
f 2559//4672 2653//4697 2631//4697
f 2593//4675 2531//4673 2549//4675
f 2549//4675 2631//4675 2593//4675
f 2551//4698 2492//4676 2531//4678
f 2531//4678 2593//4698 2551//4698
f 2510//4699 2436//4679 2492//4681
f 2492//4681 2551//4699 2510//4699
f 2432//4700 2394//4682 2436//4684
f 2436//4684 2510//4700 2432//4700
f 2366//4701 2326//4685 2394//4687
f 2394//4687 2432//4701 2366//4701
f 2263//4702 2212//4688 2326//4689
f 2326//4689 2366//4702 2263//4702
f 2052//4703 2026//4690 2212//4692
f 2212//4692 2263//4703 2052//4703
f 1726//4704 1850//4693 2026//4695
f 2026//4695 2052//4704 1726//4704
f 2720//4705 2653//4705 2655//4705
f 2655//4705 2726//4705 2720//4705
f 2697//4706 2631//4706 2653//4706
f 2653//4706 2720//4706 2697//4706
f 2662//4707 2593//4707 2631//4707
f 2631//4707 2697//4707 2662//4707
f 2607//4708 2551//4708 2593//4708
f 2593//4708 2662//4708 2607//4708
f 2547//4709 2510//4709 2551//4709
f 2551//4709 2607//4709 2547//4709
f 2484//4710 2432//4710 2510//4710
f 2510//4710 2547//4710 2484//4710
f 2405//4711 2366//4711 2432//4711
f 2432//4711 2484//4711 2405//4711
f 2308//4712 2263//4712 2366//4712
f 2366//4712 2405//4712 2308//4712
f 2090//4713 2052//4713 2263//4713
f 2263//4713 2308//4713 2090//4713
f 1719//4714 1726//4714 2052//4714
f 2052//4714 2090//4714 1719//4714
f 2787//4715 2720//4715 2726//4715
f 2726//4715 2795//4715 2787//4715
f 2759//4716 2697//4716 2720//4716
f 2720//4716 2787//4716 2759//4716
f 2713//4717 2662//4717 2697//4717
f 2697//4717 2759//4717 2713//4717
f 2657//4718 2607//4718 2662//4718
f 2662//4718 2713//4718 2657//4718
f 2589//4719 2547//4719 2607//4719
f 2607//4719 2657//4719 2589//4719
f 2525//4720 2484//4720 2547//4720
f 2547//4720 2589//4720 2525//4720
f 2422//4721 2405//4721 2484//4721
f 2484//4721 2525//4721 2422//4721
f 2330//4722 2308//4722 2405//4722
f 2405//4722 2422//4722 2330//4722
f 2118//4723 2090//4723 2308//4723
f 2308//4723 2330//4723 2118//4723
f 1700//4724 1719//4724 2090//4725
f 2090//4725 2118//4725 1700//4724
f 2834//4726 2787//4726 2795//4726
f 2795//4726 2844//4726 2834//4726
f 2798//4727 2759//4727 2787//4727
f 2787//4727 2834//4727 2798//4727
f 2750//4728 2713//4728 2759//4728
f 2759//4728 2798//4728 2750//4728
f 2690//4729 2657//4729 2713//4729
f 2713//4729 2750//4729 2690//4729
f 2624//4730 2589//4730 2657//4730
f 2657//4730 2690//4730 2624//4730
f 2536//4731 2525//4731 2589//4731
f 2589//4731 2624//4731 2536//4731
f 2441//4732 2422//4732 2525//4732
f 2525//4732 2536//4732 2441//4732
f 2340//4733 2330//4733 2422//4733
f 2422//4733 2441//4733 2340//4733
f 2128//4734 2118//4734 2330//4734
f 2330//4734 2340//4734 2128//4734
f 1825//4735 1700//4735 2118//4735
f 2118//4735 2128//4735 1825//4735
f 2847//4736 2834//4736 2844//4736
f 2844//4737 2857//4737 2847//4737
f 2821//4738 2798//4738 2834//4738
f 2834//4738 2847//4738 2821//4738
f 2765//4739 2750//4739 2798//4739
f 2798//4740 2821//4740 2765//4740
f 2703//4741 2690//4741 2750//4741
f 2750//4741 2765//4741 2703//4741
f 2637//4742 2624//4742 2690//4742
f 2690//4742 2703//4742 2637//4742
f 2543//4743 2536//4743 2624//4743
f 2624//4743 2637//4743 2543//4743
f 2446//4744 2441//4744 2536//4744
f 2536//4744 2543//4744 2446//4744
f 2344//4745 2340//4745 2441//4745
f 2441//4745 2446//4745 2344//4745
f 2136//4746 2128//4746 2340//4746
f 2340//4746 2344//4746 2136//4746
f 1713//4747 1825//4747 2128//4747
f 2128//4747 2136//4747 1713//4747
f 1676//4748 1682//4748 1864//4748
f 1864//4748 1862//4748 1676//4748
f 1642//4749 1656//4749 1682//4749
f 1682//4749 1676//4749 1642//4749
f 1601//4750 1636//4750 1656//4750
f 1656//4751 1642//4751 1601//4751
f 1558//4752 1612//4752 1636//4752
f 1636//4752 1601//4752 1558//4752
f 1502//4753 1588//4753 1612//4753
f 1612//4753 1558//4753 1502//4753
f 1472//4754 1564//4754 1588//4754
f 1588//4754 1502//4754 1472//4754
f 1425//4755 1540//4755 1564//4755
f 1564//4755 1472//4755 1425//4755
f 1404//4756 1520//4756 1540//4756
f 1540//4757 1425//4757 1404//4757
f 1390//4758 1506//4758 1520//4758
f 1520//4758 1404//4758 1390//4758
f 1387//4759 1498//4759 1506//4759
f 1506//4759 1390//4759 1387//4759
f 1654//4760 1676//4760 1862//4760
f 1862//4760 1859//4760 1654//4760
f 1606//4761 1642//4761 1676//4761
f 1676//4761 1654//4761 1606//4761
f 1531//4762 1601//4762 1642//4762
f 1642//4762 1606//4762 1531//4762
f 1452//4763 1558//4763 1601//4763
f 1601//4763 1531//4763 1452//4763
f 1388//4764 1502//4764 1558//4764
f 1558//4764 1452//4764 1388//4764
f 1347//4765 1472//4765 1502//4765
f 1502//4765 1388//4765 1347//4765
f 1316//4766 1425//4766 1472//4766
f 1472//4766 1347//4766 1316//4766
f 1300//4767 1404//4767 1425//4767
f 1425//4767 1316//4767 1300//4767
f 1290//4768 1390//4768 1404//4768
f 1404//4768 1300//4768 1290//4768
f 1286//4769 1387//4769 1390//4769
f 1390//4769 1290//4769 1286//4769
f 1646//4770 1654//4770 1859//4770
f 1859//4770 1856//4770 1646//4770
f 1550//4771 1606//4771 1654//4771
f 1654//4771 1646//4771 1550//4771
f 1439//4772 1531//4772 1606//4772
f 1606//4772 1550//4772 1439//4772
f 1351//4773 1452//4773 1531//4773
f 1531//4773 1439//4773 1351//4773
f 1298//4774 1388//4774 1452//4774
f 1452//4774 1351//4774 1298//4774
f 1275//4775 1347//4775 1388//4775
f 1388//4775 1298//4775 1275//4775
f 1246//4776 1316//4776 1347//4776
f 1347//4776 1275//4776 1246//4776
f 1222//4777 1300//4777 1316//4777
f 1316//4777 1246//4777 1222//4777
f 1215//4778 1290//4779 1300//4779
f 1300//4779 1222//4778 1215//4778
f 1211//4780 1286//4780 1290//4780
f 1290//4780 1215//4780 1211//4780
f 1624//4781 1646//4781 1856//4781
f 1856//4781 1854//4781 1624//4781
f 1484//4782 1550//4782 1646//4782
f 1646//4782 1624//4782 1484//4782
f 1353//4783 1439//4783 1550//4783
f 1550//4783 1484//4783 1353//4783
f 1284//4784 1351//4784 1439//4784
f 1439//4784 1353//4784 1284//4784
f 1238//4785 1298//4785 1351//4785
f 1351//4785 1284//4785 1238//4785
f 1204//4786 1275//4786 1298//4786
f 1298//4786 1238//4786 1204//4786
f 1178//4787 1246//4787 1275//4787
f 1275//4787 1204//4787 1178//4787
f 1152//4788 1222//4788 1246//4788
f 1246//4788 1178//4788 1152//4788
f 1134//4789 1215//4789 1222//4789
f 1222//4789 1152//4789 1134//4789
f 1124//4790 1211//4790 1215//4790
f 1215//4790 1134//4790 1124//4790
f 1596//4791 1624//4792 1854//4792
f 1854//4792 1851//4793 1596//4791
f 1410//4794 1484//4795 1624//4795
f 1624//4795 1596//4796 1410//4794
f 1296//4797 1353//4798 1484//4798
f 1484//4798 1410//4799 1296//4797
f 1228//4800 1284//4801 1353//4801
f 1353//4801 1296//4802 1228//4800
f 1186//4803 1238//4804 1284//4804
f 1284//4804 1228//4805 1186//4803
f 1130//4806 1204//4807 1238//4807
f 1238//4807 1186//4808 1130//4806
f 1091//4809 1178//4810 1204//4810
f 1204//4810 1130//4811 1091//4809
f 1073//4812 1152//4812 1178//4812
f 1178//4812 1091//4813 1073//4812
f 1063//4814 1134//4815 1152//4815
f 1152//4815 1073//4816 1063//4814
f 1053//4817 1124//4818 1134//4818
f 1134//4818 1063//4819 1053//4817
f 1570//4820 1596//4791 1851//4793
f 1851//4793 1848//4820 1570//4820
f 1359//4821 1410//4794 1596//4796
f 1596//4796 1570//4821 1359//4821
f 1256//4799 1296//4797 1410//4799
f 1410//4799 1359//4799 1256//4799
f 1190//4822 1228//4800 1296//4802
f 1296//4802 1256//4822 1190//4822
f 1112//4823 1186//4803 1228//4805
f 1228//4805 1190//4823 1112//4823
f 1071//4824 1130//4806 1186//4808
f 1186//4808 1112//4824 1071//4824
f 1029//4825 1091//4809 1130//4811
f 1130//4811 1071//4825 1029//4825
f 991//4813 1073//4812 1091//4813
f 1091//4813 1029//4813 991//4813
f 969//4826 1063//4814 1073//4816
f 1073//4816 991//4826 969//4826
f 967//4827 1053//4817 1063//4819
f 1063//4819 969//4827 967//4827
f 1532//4828 1570//4828 1848//4828
f 1848//4828 1846//4828 1532//4828
f 1314//4829 1359//4829 1570//4829
f 1570//4829 1532//4829 1314//4829
f 1219//4830 1256//4830 1359//4830
f 1359//4830 1314//4830 1219//4830
f 1138//4831 1190//4831 1256//4831
f 1256//4831 1219//4831 1138//4831
f 1075//4832 1112//4832 1190//4832
f 1190//4832 1138//4832 1075//4832
f 1015//4833 1071//4833 1112//4833
f 1112//4833 1075//4833 1015//4833
f 962//4834 1029//4834 1071//4834
f 1071//4834 1015//4834 962//4834
f 925//4835 991//4835 1029//4835
f 1029//4835 962//4835 925//4835
f 904//4836 969//4836 991//4836
f 991//4836 925//4836 904//4836
f 898//4837 967//4837 969//4837
f 969//4837 904//4837 898//4837
f 1504//4838 1532//4838 1846//4839
f 1846//4839 1832//4839 1504//4838
f 1292//4840 1314//4840 1532//4840
f 1532//4840 1504//4840 1292//4840
f 1200//4841 1219//4841 1314//4841
f 1314//4841 1292//4841 1200//4841
f 1097//4842 1138//4842 1219//4842
f 1219//4842 1200//4842 1097//4842
f 1033//4843 1075//4843 1138//4843
f 1138//4843 1097//4843 1033//4843
f 965//4844 1015//4844 1075//4844
f 1075//4844 1033//4844 965//4844
f 909//4845 962//4845 1015//4845
f 1015//4845 965//4845 909//4845
f 863//4846 925//4846 962//4846
f 962//4846 909//4846 863//4846
f 835//4847 904//4847 925//4847
f 925//4847 863//4847 835//4847
f 827//4848 898//4848 904//4848
f 904//4848 835//4848 827//4848
f 1494//4849 1504//4849 1832//4849
f 1832//4849 1824//4849 1494//4849
f 1282//4850 1292//4850 1504//4850
f 1504//4850 1494//4850 1282//4850
f 1183//4851 1200//4851 1292//4851
f 1292//4851 1282//4851 1183//4851
f 1088//4852 1097//4852 1200//4852
f 1200//4852 1183//4852 1088//4852
f 1000//4853 1033//4853 1097//4853
f 1097//4853 1088//4853 1000//4853
f 934//4854 965//4854 1033//4854
f 1033//4854 1000//4854 934//4854
f 874//4855 909//4855 965//4855
f 965//4855 934//4855 874//4855
f 826//4856 863//4856 909//4856
f 909//4856 874//4856 826//4856
f 790//4857 835//4857 863//4857
f 863//4857 826//4857 790//4857
f 780//4858 827//4858 835//4858
f 835//4858 790//4858 780//4858
f 1486//4859 1494//4859 1824//4859
f 1824//4859 1814//4859 1486//4859
f 1278//4860 1282//4860 1494//4860
f 1494//4860 1486//4860 1278//4860
f 1176//4861 1183//4861 1282//4861
f 1282//4861 1278//4861 1176//4861
f 1079//4862 1088//4862 1183//4862
f 1183//4862 1176//4862 1079//4862
f 985//4863 1000//4863 1088//4863
f 1088//4863 1079//4863 985//4863
f 919//4864 934//4864 1000//4864
f 1000//4864 985//4864 919//4864
f 857//4865 874//4865 934//4865
f 934//4865 919//4865 857//4865
f 801//4866 826//4866 874//4866
f 874//4867 857//4867 801//4867
f 775//4868 790//4868 826//4868
f 826//4868 801//4868 775//4868
f 765//4869 780//4869 790//4870
f 790//4870 775//4870 765//4869
f 1391//4871 1507//4872 1499//4871
f 1499//4871 1387//4871 1391//4871
f 1405//4873 1521//4873 1507//4873
f 1507//4873 1391//4873 1405//4873
f 1424//4874 1541//4874 1521//4874
f 1521//4875 1405//4875 1424//4875
f 1473//4876 1565//4876 1541//4876
f 1541//4876 1424//4876 1473//4876
f 1503//4877 1589//4877 1565//4877
f 1565//4877 1473//4877 1503//4877
f 1559//4878 1613//4878 1589//4878
f 1589//4878 1503//4878 1559//4878
f 1600//4879 1637//4879 1613//4879
f 1613//4879 1559//4879 1600//4879
f 1643//4880 1657//4880 1637//4880
f 1637//4881 1600//4881 1643//4881
f 1677//4882 1683//4882 1657//4882
f 1657//4882 1643//4882 1677//4882
f 1863//4883 1892//4883 1683//4883
f 1683//4883 1677//4883 1863//4883
f 1291//4884 1391//4884 1387//4884
f 1387//4884 1287//4884 1291//4884
f 1301//4885 1405//4885 1391//4885
f 1391//4885 1291//4885 1301//4885
f 1317//4886 1424//4886 1405//4886
f 1405//4886 1301//4886 1317//4886
f 1348//4887 1473//4887 1424//4887
f 1424//4887 1317//4887 1348//4887
f 1389//4888 1503//4888 1473//4888
f 1473//4888 1348//4888 1389//4888
f 1453//4889 1559//4889 1503//4889
f 1503//4889 1389//4889 1453//4889
f 1530//4890 1600//4890 1559//4890
f 1559//4890 1453//4890 1530//4890
f 1607//4891 1643//4891 1600//4891
f 1600//4891 1530//4891 1607//4891
f 1655//4892 1677//4892 1643//4892
f 1643//4892 1607//4892 1655//4892
f 1861//4893 1863//4893 1677//4893
f 1677//4893 1655//4893 1861//4893
f 1214//4894 1291//4894 1287//4894
f 1287//4894 1210//4894 1214//4894
f 1223//4895 1301//4896 1291//4896
f 1291//4896 1214//4895 1223//4895
f 1247//4897 1317//4897 1301//4897
f 1301//4897 1223//4897 1247//4897
f 1274//4898 1348//4898 1317//4898
f 1317//4898 1247//4898 1274//4898
f 1299//4899 1389//4899 1348//4899
f 1348//4899 1274//4899 1299//4899
f 1352//4900 1453//4900 1389//4900
f 1389//4900 1299//4900 1352//4900
f 1438//4901 1530//4901 1453//4901
f 1453//4901 1352//4901 1438//4901
f 1551//4902 1607//4902 1530//4902
f 1530//4902 1438//4902 1551//4902
f 1647//4903 1655//4903 1607//4903
f 1607//4903 1551//4904 1647//4903
f 1891//4905 1861//4905 1655//4905
f 1655//4905 1647//4905 1891//4905
f 1135//4906 1214//4906 1210//4906
f 1210//4906 1125//4906 1135//4906
f 1153//4907 1223//4907 1214//4907
f 1214//4907 1135//4907 1153//4907
f 1179//4908 1247//4908 1223//4908
f 1223//4908 1153//4908 1179//4908
f 1205//4909 1274//4909 1247//4909
f 1247//4909 1179//4909 1205//4909
f 1239//4910 1299//4910 1274//4910
f 1274//4910 1205//4910 1239//4910
f 1285//4911 1352//4911 1299//4911
f 1299//4911 1239//4911 1285//4911
f 1354//4912 1438//4912 1352//4912
f 1352//4912 1285//4912 1354//4912
f 1485//4913 1551//4913 1438//4913
f 1438//4913 1354//4913 1485//4913
f 1625//4914 1647//4914 1551//4914
f 1551//4914 1485//4914 1625//4914
f 1901//4915 1891//4915 1647//4915
f 1647//4915 1625//4915 1901//4915
f 1064//4916 1135//4917 1125//4917
f 1125//4917 1054//4918 1064//4916
f 1074//4919 1153//4920 1135//4920
f 1135//4920 1064//4921 1074//4919
f 1092//4922 1179//4923 1153//4923
f 1153//4923 1074//4924 1092//4922
f 1131//4925 1205//4926 1179//4926
f 1179//4926 1092//4927 1131//4925
f 1187//4928 1239//4929 1205//4929
f 1205//4929 1131//4930 1187//4928
f 1229//4931 1285//4932 1239//4932
f 1239//4932 1187//4933 1229//4931
f 1297//4934 1354//4935 1285//4935
f 1285//4935 1229//4936 1297//4934
f 1411//4937 1485//4937 1354//4937
f 1354//4937 1297//4938 1411//4937
f 1597//4939 1625//4940 1485//4940
f 1485//4940 1411//4941 1597//4939
f 1853//4942 1901//4943 1625//4943
f 1625//4943 1597//4944 1853//4942
f 970//4945 1064//4916 1054//4918
f 1054//4918 968//4945 970//4945
f 992//4946 1074//4919 1064//4921
f 1064//4921 970//4946 992//4946
f 1030//4924 1092//4922 1074//4924
f 1074//4924 992//4924 1030//4924
f 1072//4947 1131//4925 1092//4927
f 1092//4927 1030//4947 1072//4947
f 1113//4948 1187//4928 1131//4930
f 1131//4930 1072//4948 1113//4948
f 1191//4949 1229//4931 1187//4933
f 1187//4933 1113//4949 1191//4949
f 1257//4950 1297//4934 1229//4936
f 1229//4936 1191//4950 1257//4950
f 1360//4951 1411//4937 1297//4938
f 1297//4938 1257//4951 1360//4951
f 1571//4952 1597//4939 1411//4941
f 1411//4941 1360//4952 1571//4952
f 1899//4953 1853//4942 1597//4944
f 1597//4944 1571//4953 1899//4953
f 903//4954 970//4954 968//4954
f 968//4954 897//4954 903//4954
f 926//4955 992//4955 970//4955
f 970//4955 903//4955 926//4955
f 961//4956 1030//4956 992//4956
f 992//4956 926//4956 961//4956
f 1016//4957 1072//4957 1030//4957
f 1030//4957 961//4957 1016//4957
f 1076//4958 1113//4958 1072//4958
f 1072//4958 1016//4958 1076//4958
f 1139//4959 1191//4959 1113//4959
f 1113//4959 1076//4959 1139//4959
f 1218//4960 1257//4960 1191//4960
f 1191//4960 1139//4960 1218//4960
f 1315//4961 1360//4961 1257//4961
f 1257//4961 1218//4961 1315//4961
f 1533//4962 1571//4962 1360//4962
f 1360//4962 1315//4962 1533//4962
f 1920//4963 1899//4963 1571//4963
f 1571//4963 1533//4963 1920//4963
f 836//4964 903//4964 897//4964
f 897//4964 828//4964 836//4964
f 864//4965 926//4965 903//4965
f 903//4965 836//4965 864//4965
f 910//4966 961//4966 926//4966
f 926//4966 864//4966 910//4966
f 966//4967 1016//4967 961//4967
f 961//4967 910//4967 966//4967
f 1034//4968 1076//4968 1016//4968
f 1016//4968 966//4968 1034//4968
f 1098//4969 1139//4969 1076//4969
f 1076//4969 1034//4969 1098//4969
f 1201//4970 1218//4970 1139//4970
f 1139//4970 1098//4970 1201//4970
f 1293//4971 1315//4971 1218//4971
f 1218//4971 1201//4971 1293//4971
f 1505//4972 1533//4972 1315//4972
f 1315//4972 1293//4972 1505//4972
f 1924//4973 1920//4973 1533//4974
f 1533//4974 1505//4974 1924//4973
f 789//4975 836//4975 828//4975
f 828//4975 779//4975 789//4975
f 825//4976 864//4976 836//4976
f 836//4976 789//4976 825//4976
f 873//4977 910//4977 864//4977
f 864//4977 825//4977 873//4977
f 933//4978 966//4978 910//4978
f 910//4978 873//4978 933//4978
f 999//4979 1034//4979 966//4979
f 966//4979 933//4979 999//4979
f 1087//4980 1098//4980 1034//4980
f 1034//4980 999//4980 1087//4980
f 1182//4981 1201//4981 1098//4981
f 1098//4981 1087//4981 1182//4981
f 1283//4982 1293//4982 1201//4982
f 1201//4982 1182//4982 1283//4982
f 1495//4983 1505//4983 1293//4983
f 1293//4983 1283//4983 1495//4983
f 1826//4984 1924//4984 1505//4984
f 1505//4984 1495//4984 1826//4984
f 776//4985 789//4985 779//4985
f 779//4986 766//4986 776//4986
f 802//4987 825//4987 789//4987
f 789//4987 776//4987 802//4987
f 858//4988 873//4988 825//4988
f 825//4989 802//4989 858//4989
f 920//4990 933//4990 873//4990
f 873//4990 858//4990 920//4990
f 986//4991 999//4991 933//4991
f 933//4991 920//4991 986//4991
f 1080//4992 1087//4992 999//4992
f 999//4992 986//4992 1080//4992
f 1177//4993 1182//4993 1087//4993
f 1087//4993 1080//4993 1177//4993
f 1279//4994 1283//4994 1182//4994
f 1182//4994 1177//4994 1279//4994
f 1487//4995 1495//4995 1283//4995
f 1283//4995 1279//4995 1487//4995
f 1914//4996 1826//4996 1495//4996
f 1495//4996 1487//4996 1914//4996
f 1947//4997 1941//4997 1867//4997
f 1867//4997 1863//4997 1947//4997
f 1981//4998 1967//4998 1941//4998
f 1941//4998 1947//4998 1981//4998
f 2022//4999 1987//4999 1967//4999
f 1967//5000 1981//5000 2022//5000
f 2065//5001 2011//5001 1987//5001
f 1987//5001 2022//5001 2065//5001
f 2121//5002 2035//5002 2011//5002
f 2011//5002 2065//5002 2121//5002
f 2151//5003 2059//5003 2035//5003
f 2035//5003 2121//5003 2151//5003
f 2198//5004 2083//5004 2059//5004
f 2059//5004 2151//5004 2198//5004
f 2219//5005 2103//5005 2083//5005
f 2083//5006 2198//5006 2219//5006
f 2233//5007 2117//5007 2103//5007
f 2103//5007 2219//5007 2233//5007
f 2236//5008 2125//5008 2117//5008
f 2117//5008 2233//5008 2236//5008
f 1969//5009 1947//5009 1863//5009
f 1863//5009 1860//5009 1969//5009
f 2017//5010 1981//5010 1947//5010
f 1947//5010 1969//5010 2017//5010
f 2092//5011 2022//5011 1981//5011
f 1981//5011 2017//5011 2092//5011
f 2171//5012 2065//5012 2022//5012
f 2022//5012 2092//5012 2171//5012
f 2235//5013 2121//5013 2065//5013
f 2065//5013 2171//5013 2235//5013
f 2276//5014 2151//5014 2121//5014
f 2121//5014 2235//5014 2276//5014
f 2307//5015 2198//5015 2151//5015
f 2151//5015 2276//5015 2307//5015
f 2323//5016 2219//5016 2198//5016
f 2198//5016 2307//5016 2323//5016
f 2333//5017 2233//5017 2219//5017
f 2219//5017 2323//5017 2333//5017
f 2337//5018 2236//5018 2233//5018
f 2233//5018 2333//5018 2337//5018
f 1977//5019 1969//5019 1860//5019
f 1860//5019 1857//5019 1977//5019
f 2073//5020 2017//5020 1969//5020
f 1969//5020 1977//5020 2073//5020
f 2184//5021 2092//5021 2017//5021
f 2017//5021 2073//5021 2184//5021
f 2272//5022 2171//5022 2092//5022
f 2092//5022 2184//5022 2272//5022
f 2325//5023 2235//5023 2171//5023
f 2171//5023 2272//5023 2325//5023
f 2348//5024 2276//5024 2235//5024
f 2235//5024 2325//5024 2348//5024
f 2377//5025 2307//5025 2276//5025
f 2276//5025 2348//5025 2377//5025
f 2401//5026 2323//5026 2307//5026
f 2307//5026 2377//5026 2401//5026
f 2408//5027 2333//5028 2323//5028
f 2323//5028 2401//5027 2408//5027
f 2412//5029 2337//5029 2333//5029
f 2333//5029 2408//5029 2412//5029
f 1999//5030 1977//5030 1857//5030
f 1857//5030 1855//5030 1999//5030
f 2139//5031 2073//5031 1977//5031
f 1977//5031 1999//5031 2139//5031
f 2270//5032 2184//5032 2073//5032
f 2073//5032 2139//5032 2270//5032
f 2339//5033 2272//5033 2184//5033
f 2184//5033 2270//5033 2339//5033
f 2385//5034 2325//5034 2272//5034
f 2272//5034 2339//5034 2385//5034
f 2419//5035 2348//5035 2325//5035
f 2325//5035 2385//5035 2419//5035
f 2445//5036 2377//5036 2348//5036
f 2348//5036 2419//5036 2445//5036
f 2471//5037 2401//5037 2377//5037
f 2377//5037 2445//5037 2471//5037
f 2489//5038 2408//5038 2401//5038
f 2401//5038 2471//5038 2489//5038
f 2499//5039 2412//5039 2408//5039
f 2408//5039 2489//5039 2499//5039
f 2027//5040 1999//5041 1855//5041
f 1855//5041 1852//5042 2027//5040
f 2213//5043 2139//5044 1999//5044
f 1999//5044 2027//5045 2213//5043
f 2327//5046 2270//5047 2139//5047
f 2139//5047 2213//5048 2327//5046
f 2395//5049 2339//5050 2270//5050
f 2270//5050 2327//5051 2395//5049
f 2437//5052 2385//5053 2339//5053
f 2339//5053 2395//5054 2437//5052
f 2493//5055 2419//5056 2385//5056
f 2385//5056 2437//5057 2493//5055
f 2532//5058 2445//5059 2419//5059
f 2419//5059 2493//5060 2532//5058
f 2550//5061 2471//5061 2445//5061
f 2445//5061 2532//5062 2550//5061
f 2560//5063 2489//5064 2471//5064
f 2471//5064 2550//5065 2560//5063
f 2570//5066 2499//5067 2489//5067
f 2489//5067 2560//5068 2570//5066
f 2053//5069 2027//5040 1852//5042
f 1852//5042 1849//5069 2053//5069
f 2264//5070 2213//5043 2027//5045
f 2027//5045 2053//5070 2264//5070
f 2367//5048 2327//5046 2213//5048
f 2213//5048 2264//5048 2367//5048
f 2433//5071 2395//5049 2327//5051
f 2327//5051 2367//5071 2433//5071
f 2511//5072 2437//5052 2395//5054
f 2395//5054 2433//5072 2511//5072
f 2552//5073 2493//5055 2437//5057
f 2437//5057 2511//5073 2552//5073
f 2594//5074 2532//5058 2493//5060
f 2493//5060 2552//5074 2594//5074
f 2632//5062 2550//5061 2532//5062
f 2532//5062 2594//5062 2632//5062
f 2654//5075 2560//5063 2550//5065
f 2550//5065 2632//5075 2654//5075
f 2656//5076 2570//5066 2560//5068
f 2560//5068 2654//5076 2656//5076
f 2091//5077 2053//5077 1849//5077
f 1849//5077 1847//5077 2091//5077
f 2309//5078 2264//5078 2053//5078
f 2053//5078 2091//5078 2309//5078
f 2404//5079 2367//5079 2264//5079
f 2264//5079 2309//5079 2404//5079
f 2485//5080 2433//5080 2367//5080
f 2367//5080 2404//5080 2485//5080
f 2548//5081 2511//5081 2433//5081
f 2433//5081 2485//5081 2548//5081
f 2608//5082 2552//5082 2511//5082
f 2511//5082 2548//5082 2608//5082
f 2661//5083 2594//5083 2552//5083
f 2552//5083 2608//5083 2661//5083
f 2698//5084 2632//5084 2594//5084
f 2594//5084 2661//5084 2698//5084
f 2719//5085 2654//5085 2632//5085
f 2632//5085 2698//5085 2719//5085
f 2725//5086 2656//5086 2654//5086
f 2654//5086 2719//5086 2725//5086
f 2119//5087 2091//5087 1847//5088
f 1847//5088 1833//5088 2119//5087
f 2331//5089 2309//5089 2091//5089
f 2091//5089 2119//5089 2331//5089
f 2423//5090 2404//5090 2309//5090
f 2309//5090 2331//5090 2423//5090
f 2526//5091 2485//5091 2404//5091
f 2404//5091 2423//5091 2526//5091
f 2590//5092 2548//5092 2485//5092
f 2485//5092 2526//5092 2590//5092
f 2658//5093 2608//5093 2548//5093
f 2548//5093 2590//5093 2658//5093
f 2714//5094 2661//5094 2608//5094
f 2608//5094 2658//5094 2714//5094
f 2760//5095 2698//5095 2661//5095
f 2661//5095 2714//5095 2760//5095
f 2788//5096 2719//5096 2698//5096
f 2698//5096 2760//5096 2788//5096
f 2796//5097 2725//5097 2719//5097
f 2719//5097 2788//5097 2796//5097
f 2129//5098 2119//5098 1833//5098
f 1833//5098 1827//5098 2129//5098
f 2341//5099 2331//5099 2119//5099
f 2119//5099 2129//5099 2341//5099
f 2440//5100 2423//5100 2331//5100
f 2331//5100 2341//5100 2440//5100
f 2535//5101 2526//5101 2423//5101
f 2423//5101 2440//5101 2535//5101
f 2623//5102 2590//5102 2526//5102
f 2526//5102 2535//5102 2623//5102
f 2689//5103 2658//5103 2590//5103
f 2590//5103 2623//5103 2689//5103
f 2749//5104 2714//5104 2658//5104
f 2658//5104 2689//5104 2749//5104
f 2797//5105 2760//5105 2714//5105
f 2714//5105 2749//5105 2797//5105
f 2833//5106 2788//5106 2760//5106
f 2760//5106 2797//5106 2833//5106
f 2843//5107 2796//5107 2788//5107
f 2788//5107 2833//5107 2843//5107
f 2137//5108 2129//5108 1827//5108
f 1827//5108 1815//5108 2137//5108
f 2345//5109 2341//5109 2129//5109
f 2129//5109 2137//5109 2345//5109
f 2447//5110 2440//5110 2341//5110
f 2341//5110 2345//5110 2447//5110
f 2544//5111 2535//5111 2440//5111
f 2440//5111 2447//5111 2544//5111
f 2638//5112 2623//5112 2535//5112
f 2535//5112 2544//5112 2638//5112
f 2704//5113 2689//5113 2623//5113
f 2623//5113 2638//5113 2704//5113
f 2766//5114 2749//5114 2689//5114
f 2689//5114 2704//5114 2766//5114
f 2822//5115 2797//5115 2749//5115
f 2749//5116 2766//5116 2822//5116
f 2848//5117 2833//5117 2797//5117
f 2797//5117 2822//5117 2848//5117
f 2858//5118 2843//5118 2833//5119
f 2833//5119 2848//5119 2858//5118
f 1735//5120 2334//5121 2329//5122
f 1735//5120 2329//5122 2321//5120
f 1735//5120 2321//5120 2305//5123
f 1735//5120 2305//5123 2274//5124
f 1735//5125 2274//5126 2231//5127
f 1735//5128 2231//5129 2167//5130
f 1735//5131 2167//5132 2089//5133
f 1735//5131 2089//5133 2014//5131
f 1735//5131 2014//5131 1962//5134
f 1735//5131 1962//5134 1733//5135
f 2515//5136 2329//5136 2334//5136
f 2334//5136 2524//5136 2515//5136
f 2495//5137 2321//5138 2329//5139
f 2329//5139 2515//5139 2495//5137
f 2456//5138 2305//5138 2321//5138
f 2321//5138 2495//5137 2456//5138
f 2429//5140 2274//5124 2305//5123
f 2305//5123 2456//5140 2429//5140
f 2399//5141 2231//5127 2274//5126
f 2274//5126 2429//5141 2399//5141
f 2347//5142 2167//5130 2231//5129
f 2231//5129 2399//5142 2347//5142
f 2292//5143 2089//5144 2167//5143
f 2167//5143 2347//5143 2292//5143
f 2148//5145 2014//5145 2089//5144
f 2089//5144 2292//5143 2148//5145
f 2004//5146 1962//5147 2014//5148
f 2014//5148 2148//5148 2004//5146
f 1739//5147 1733//5147 1962//5147
f 1962//5147 2004//5146 1739//5147
f 2647//5149 2515//5150 2524//5149
f 2524//5149 2649//5149 2647//5149
f 2621//5151 2495//5152 2515//5150
f 2515//5150 2647//5149 2621//5151
f 2584//5153 2456//5154 2495//5152
f 2495//5152 2621//5151 2584//5153
f 2541//5154 2429//5155 2456//5154
f 2456//5154 2584//5153 2541//5154
f 2502//5155 2399//5156 2429//5155
f 2429//5155 2541//5154 2502//5155
f 2426//5156 2347//5157 2399//5156
f 2399//5156 2502//5155 2426//5156
f 2352//5158 2292//5159 2347//5157
f 2347//5157 2426//5156 2352//5158
f 2255//5160 2148//5161 2292//5159
f 2292//5159 2352//5158 2255//5160
f 2046//5162 2004//5163 2148//5161
f 2148//5161 2255//5160 2046//5162
f 1702//5164 1739//5164 2004//5163
f 2004//5163 2046//5162 1702//5164
f 2746//5165 2647//5166 2649//5165
f 2649//5165 2757//5165 2746//5165
f 2721//5167 2621//5168 2647//5166
f 2647//5166 2746//5165 2721//5167
f 2681//5169 2584//5170 2621//5168
f 2621//5168 2721//5167 2681//5169
f 2639//5171 2541//5172 2584//5170
f 2584//5170 2681//5169 2639//5171
f 2557//5173 2502//5174 2541//5172
f 2541//5172 2639//5171 2557//5173
f 2505//5175 2426//5176 2502//5174
f 2502//5174 2557//5173 2505//5175
f 2415//5177 2352//5178 2426//5176
f 2426//5176 2505//5175 2415//5177
f 2318//5179 2255//5180 2352//5178
f 2352//5178 2415//5177 2318//5179
f 2098//5181 2046//5182 2255//5180
f 2255//5180 2318//5179 2098//5181
f 1745//5182 1702//5182 2046//5182
f 2046//5182 2098//5181 1745//5182
f 2840//5183 2746//5183 2757//5183
f 2757//5183 2849//5183 2840//5183
f 2808//5184 2721//5184 2746//5184
f 2746//5184 2840//5184 2808//5184
f 2756//5185 2681//5185 2721//5185
f 2721//5185 2808//5185 2756//5185
f 2696//5186 2639//5186 2681//5186
f 2681//5186 2756//5186 2696//5186
f 2626//5187 2557//5187 2639//5187
f 2639//5187 2696//5187 2626//5187
f 2538//5188 2505//5188 2557//5188
f 2557//5188 2626//5188 2538//5188
f 2443//5189 2415//5189 2505//5189
f 2505//5189 2538//5189 2443//5189
f 2342//5190 2318//5190 2415//5190
f 2415//5190 2443//5190 2342//5190
f 2131//5191 2098//5191 2318//5191
f 2318//5191 2342//5191 2131//5191
f 1904//5192 1745//5192 2098//5192
f 2098//5192 2131//5192 1904//5192
f 2906//5193 2840//5193 2849//5193
f 2849//5193 2925//5193 2906//5193
f 2867//5194 2808//5194 2840//5194
f 2840//5194 2906//5194 2867//5194
f 2818//5195 2756//5195 2808//5195
f 2808//5195 2867//5195 2818//5195
f 2736//5196 2696//5196 2756//5196
f 2756//5196 2818//5196 2736//5196
f 2667//5197 2626//5197 2696//5197
f 2696//5197 2736//5197 2667//5197
f 2565//5198 2538//5198 2626//5198
f 2626//5198 2667//5198 2565//5198
f 2475//5199 2443//5199 2538//5199
f 2538//5199 2565//5199 2475//5199
f 2356//5200 2342//5200 2443//5200
f 2443//5200 2475//5200 2356//5200
f 2156//5201 2131//5201 2342//5201
f 2342//5201 2356//5201 2156//5201
f 1704//5202 1904//5202 2131//5202
f 2131//5202 2156//5202 1704//5202
f 2976//5203 2906//5203 2925//5203
f 2925//5203 2987//5203 2976//5203
f 2914//5204 2867//5204 2906//5204
f 2906//5204 2976//5204 2914//5204
f 2852//5205 2818//5205 2867//5205
f 2867//5205 2914//5205 2852//5205
f 2772//5206 2736//5206 2818//5206
f 2818//5206 2852//5206 2772//5206
f 2688//5207 2667//5207 2736//5207
f 2736//5207 2772//5207 2688//5207
f 2592//5208 2565//5208 2667//5208
f 2667//5208 2688//5208 2592//5208
f 2497//5209 2475//5209 2565//5209
f 2565//5209 2592//5209 2497//5209
f 2372//5210 2356//5210 2475//5210
f 2475//5210 2497//5210 2372//5210
f 2176//5211 2156//5211 2356//5211
f 2356//5211 2372//5211 2176//5211
f 1752//5212 1704//5212 2156//5212
f 2156//5212 2176//5212 1752//5212
f 2993//5213 2976//5213 2987//5213
f 2987//5213 3011//5213 2993//5213
f 2952//5214 2914//5214 2976//5214
f 2976//5214 2993//5214 2952//5214
f 2874//5215 2852//5215 2914//5215
f 2914//5215 2952//5215 2874//5215
f 2794//5216 2772//5216 2852//5216
f 2852//5216 2874//5216 2794//5216
f 2702//5217 2688//5218 2772//5217
f 2772//5217 2794//5217 2702//5217
f 2604//5219 2592//5219 2688//5219
f 2688//5219 2702//5220 2604//5219
f 2509//5221 2497//5221 2592//5221
f 2592//5221 2604//5221 2509//5221
f 2380//5222 2372//5222 2497//5222
f 2497//5222 2509//5222 2380//5222
f 2182//5223 2176//5223 2372//5223
f 2372//5223 2380//5223 2182//5223
f 1723//5224 1752//5224 2176//5224
f 2176//5224 2182//5224 1723//5224
f 3000//5225 2993//5225 3011//5225
f 3011//5225 3020//5225 3000//5225
f 2967//5226 2952//5226 2993//5227
f 2993//5227 3000//5227 2967//5226
f 2879//5228 2874//5228 2952//5228
f 2952//5228 2967//5228 2879//5228
f 2799//5229 2794//5229 2874//5229
f 2874//5229 2879//5229 2799//5229
f 2707//5230 2702//5230 2794//5230
f 2794//5230 2799//5230 2707//5230
f 2605//5231 2604//5231 2702//5231
f 2702//5231 2707//5231 2605//5231
f 2512//5232 2509//5232 2604//5232
f 2604//5232 2605//5232 2512//5232
f 2382//5233 2380//5233 2509//5233
f 2509//5233 2512//5233 2382//5233
f 2188//5234 2182//5234 2380//5235
f 2380//5235 2382//5235 2188//5234
f 1699//5236 1723//5236 2182//5236
f 2182//5236 2188//5236 1699//5236
f 3006//5237 3000//5237 3020//5237
f 3020//5237 3022//5237 3006//5237
f 2972//5238 2967//5238 3000//5238
f 3000//5238 3006//5238 2972//5238
f 2888//5239 2879//5239 2967//5239
f 2967//5239 2972//5239 2888//5239
f 2804//5240 2799//5240 2879//5240
f 2879//5240 2888//5240 2804//5240
f 2710//5241 2707//5241 2799//5241
f 2799//5241 2804//5241 2710//5241
f 2613//5242 2605//5242 2707//5242
f 2707//5242 2710//5242 2613//5242
f 2520//5243 2512//5243 2605//5243
f 2605//5243 2613//5243 2520//5243
f 2388//5244 2382//5244 2512//5244
f 2512//5244 2520//5244 2388//5244
f 2192//5245 2188//5245 2382//5245
f 2382//5245 2388//5245 2192//5245
f 1760//5246 1699//5246 2188//5246
f 2188//5246 2192//5246 1760//5246
f 1735//5247 1737//5248 1660//5249
f 1735//5247 1660//5249 1608//5247
f 1735//5247 1608//5247 1535//5250
f 1735//5247 1535//5250 1457//5251
f 1735//5252 1457//5253 1393//5254
f 1735//5255 1393//5256 1350//5257
f 1735//5255 1350//5257 1319//5258
f 1735//5255 1319//5258 1303//5259
f 1735//5255 1303//5259 1295//5260
f 1735//5255 1295//5260 1288//5261
f 1618//5262 1660//5262 1737//5262
f 1737//5262 1739//5262 1618//5262
f 1474//5263 1608//5264 1660//5265
f 1660//5265 1618//5265 1474//5263
f 1332//5264 1535//5264 1608//5264
f 1608//5264 1474//5263 1332//5264
f 1277//5266 1457//5251 1535//5250
f 1535//5250 1332//5266 1277//5266
f 1225//5267 1393//5254 1457//5253
f 1457//5253 1277//5267 1225//5267
f 1195//5268 1350//5269 1393//5270
f 1393//5270 1225//5270 1195//5268
f 1166//5271 1319//5272 1350//5269
f 1350//5269 1195//5268 1166//5271
f 1129//5273 1303//5273 1319//5272
f 1319//5272 1166//5271 1129//5273
f 1109//5274 1295//5275 1303//5274
f 1303//5274 1129//5274 1109//5274
f 1099//5275 1288//5275 1295//5275
f 1295//5275 1109//5274 1099//5275
f 1576//5276 1618//5277 1739//5276
f 1739//5276 1741//5276 1576//5276
f 1367//5278 1474//5279 1618//5277
f 1618//5277 1576//5276 1367//5278
f 1270//5280 1332//5281 1474//5279
f 1474//5279 1367//5278 1270//5280
f 1196//5281 1277//5282 1332//5281
f 1332//5281 1270//5280 1196//5281
f 1120//5282 1225//5283 1277//5282
f 1277//5282 1196//5281 1120//5282
f 1081//5283 1195//5284 1225//5283
f 1225//5283 1120//5282 1081//5283
f 1040//5285 1166//5286 1195//5284
f 1195//5284 1081//5283 1040//5285
f 1001//5287 1129//5288 1166//5286
f 1166//5286 1040//5285 1001//5287
f 975//5289 1109//5290 1129//5288
f 1129//5288 1001//5287 975//5289
f 973//5291 1099//5291 1109//5290
f 1109//5290 975//5289 973//5291
f 1524//5292 1576//5293 1741//5292
f 1741//5292 1744//5292 1524//5292
f 1304//5294 1367//5295 1576//5293
f 1576//5293 1524//5292 1304//5294
f 1209//5296 1270//5297 1367//5295
f 1367//5295 1304//5294 1209//5296
f 1119//5298 1196//5299 1270//5297
f 1270//5297 1209//5296 1119//5298
f 1065//5300 1120//5301 1196//5299
f 1196//5299 1119//5298 1065//5300
f 983//5302 1081//5303 1120//5301
f 1120//5301 1065//5300 983//5302
f 941//5304 1040//5305 1081//5303
f 1081//5303 983//5302 941//5304
f 901//5306 1001//5307 1040//5305
f 1040//5305 941//5304 901//5306
f 878//5308 975//5309 1001//5307
f 1001//5307 901//5306 878//5308
f 865//5309 973//5309 975//5309
f 975//5309 878//5308 865//5309
f 1493//5310 1524//5310 1744//5310
f 1744//5310 1747//5310 1493//5310
f 1280//5311 1304//5311 1524//5311
f 1524//5311 1493//5311 1280//5311
f 1181//5312 1209//5312 1304//5312
f 1304//5312 1280//5312 1181//5312
f 1086//5313 1119//5313 1209//5313
f 1209//5313 1181//5313 1086//5313
f 998//5314 1065//5314 1119//5314
f 1119//5314 1086//5314 998//5314
f 928//5315 983//5315 1065//5315
f 1065//5315 998//5315 928//5315
f 868//5316 941//5316 983//5316
f 983//5316 928//5316 868//5316
f 816//5317 901//5317 941//5317
f 941//5317 868//5317 816//5317
f 784//5318 878//5318 901//5318
f 901//5318 816//5318 784//5318
f 773//5319 865//5319 878//5319
f 878//5319 784//5319 773//5319
f 1466//5320 1493//5320 1747//5320
f 1747//5320 1749//5320 1466//5320
f 1266//5321 1280//5321 1493//5321
f 1493//5321 1466//5321 1266//5321
f 1149//5322 1181//5322 1280//5322
f 1280//5322 1266//5322 1149//5322
f 1057//5323 1086//5323 1181//5323
f 1181//5323 1149//5323 1057//5323
f 955//5324 998//5324 1086//5324
f 1086//5324 1057//5324 955//5324
f 888//5325 928//5325 998//5325
f 998//5325 955//5325 888//5325
f 806//5326 868//5326 928//5326
f 928//5326 888//5326 806//5326
f 755//5327 816//5327 868//5327
f 868//5327 806//5327 755//5327
f 718//5328 784//5328 816//5328
f 816//5328 755//5328 718//5328
f 697//5329 773//5329 784//5329
f 784//5329 718//5329 697//5329
f 1446//5330 1466//5330 1749//5330
f 1749//5330 1753//5330 1446//5330
f 1250//5331 1266//5331 1466//5331
f 1466//5331 1446//5331 1250//5331
f 1127//5332 1149//5332 1266//5332
f 1266//5332 1250//5332 1127//5332
f 1032//5333 1057//5333 1149//5333
f 1149//5333 1127//5333 1032//5333
f 936//5334 955//5334 1057//5334
f 1057//5334 1032//5334 936//5334
f 852//5335 888//5335 955//5335
f 955//5335 936//5335 852//5335
f 772//5336 806//5336 888//5336
f 888//5336 852//5336 772//5336
f 710//5337 755//5337 806//5337
f 806//5337 772//5337 710//5337
f 648//5338 718//5338 755//5338
f 755//5338 710//5338 648//5338
f 637//5339 697//5339 718//5339
f 718//5339 648//5339 637//5339
f 1440//5340 1446//5340 1753//5340
f 1753//5340 1755//5340 1440//5340
f 1242//5341 1250//5341 1446//5341
f 1446//5341 1440//5341 1242//5341
f 1115//5342 1127//5342 1250//5342
f 1250//5342 1242//5342 1115//5342
f 1020//5343 1032//5343 1127//5343
f 1127//5343 1115//5343 1020//5343
f 922//5344 936//5344 1032//5344
f 1032//5344 1020//5344 922//5344
f 830//5345 852//5345 936//5345
f 936//5345 922//5345 830//5345
f 750//5346 772//5346 852//5346
f 852//5346 830//5346 750//5346
f 672//5347 710//5347 772//5347
f 772//5347 750//5347 672//5347
f 631//5348 648//5348 710//5348
f 710//5348 672//5348 631//5348
f 613//5349 637//5349 648//5349
f 648//5349 631//5349 613//5349
f 1434//5350 1440//5350 1755//5350
f 1755//5350 1757//5350 1434//5350
f 1240//5351 1242//5351 1440//5352
f 1440//5352 1434//5352 1240//5351
f 1110//5353 1115//5353 1242//5353
f 1242//5353 1240//5353 1110//5353
f 1017//5354 1020//5354 1115//5354
f 1115//5354 1110//5354 1017//5354
f 915//5355 922//5355 1020//5355
f 1020//5355 1017//5355 915//5355
f 823//5356 830//5356 922//5356
f 922//5356 915//5356 823//5356
f 743//5357 750//5357 830//5357
f 830//5357 823//5357 743//5357
f 655//5358 672//5358 750//5358
f 750//5358 743//5358 655//5358
f 622//5359 631//5359 672//5360
f 672//5360 655//5360 622//5359
f 602//5361 613//5361 631//5361
f 631//5361 622//5361 602//5361
f 1428//5362 1434//5362 1757//5362
f 1757//5362 1760//5362 1428//5362
f 1232//5363 1240//5363 1434//5363
f 1434//5363 1428//5363 1232//5363
f 1105//5364 1110//5364 1240//5364
f 1240//5364 1232//5364 1105//5364
f 1010//5365 1017//5365 1110//5365
f 1110//5365 1105//5365 1010//5365
f 913//5366 915//5366 1017//5366
f 1017//5366 1010//5366 913//5366
f 821//5367 823//5367 915//5367
f 915//5367 913//5367 821//5367
f 736//5368 743//5368 823//5368
f 823//5368 821//5368 736//5368
f 652//5369 655//5369 743//5369
f 743//5369 736//5369 652//5369
f 619//5370 622//5370 655//5370
f 655//5370 652//5370 619//5370
f 601//5371 602//5371 622//5371
f 622//5371 619//5371 601//5371
f 1735//5372 1289//5373 1294//5374
f 1735//5372 1294//5374 1302//5372
f 1735//5372 1302//5372 1318//5375
f 1735//5372 1318//5375 1349//5376
f 1735//5377 1349//5378 1392//5379
f 1735//5380 1392//5381 1456//5382
f 1735//5383 1456//5384 1534//5385
f 1735//5383 1534//5385 1609//5383
f 1735//5383 1609//5383 1661//5386
f 1735//5383 1661//5386 1889//5387
f 1108//5388 1294//5388 1289//5388
f 1289//5388 1099//5388 1108//5388
f 1128//5389 1302//5390 1294//5391
f 1294//5391 1108//5391 1128//5389
f 1167//5390 1318//5390 1302//5390
f 1302//5390 1128//5389 1167//5390
f 1194//5392 1349//5376 1318//5375
f 1318//5375 1167//5392 1194//5392
f 1224//5393 1392//5379 1349//5378
f 1349//5378 1194//5393 1224//5393
f 1276//5394 1456//5382 1392//5381
f 1392//5381 1224//5394 1276//5394
f 1331//5395 1534//5396 1456//5395
f 1456//5395 1276//5395 1331//5395
f 1475//5397 1609//5397 1534//5396
f 1534//5396 1331//5395 1475//5397
f 1619//5398 1661//5399 1609//5400
f 1609//5400 1475//5400 1619//5398
f 1738//5399 1889//5399 1661//5399
f 1661//5399 1619//5398 1738//5399
f 976//5401 1108//5402 1099//5401
f 1099//5401 974//5401 976//5401
f 1002//5403 1128//5404 1108//5402
f 1108//5402 976//5401 1002//5403
f 1039//5405 1167//5406 1128//5404
f 1128//5404 1002//5403 1039//5405
f 1082//5406 1194//5407 1167//5406
f 1167//5406 1039//5405 1082//5406
f 1121//5407 1224//5408 1194//5407
f 1194//5407 1082//5406 1121//5407
f 1197//5408 1276//5409 1224//5408
f 1224//5408 1121//5407 1197//5408
f 1271//5410 1331//5411 1276//5409
f 1276//5409 1197//5408 1271//5410
f 1368//5412 1475//5413 1331//5411
f 1331//5411 1271//5410 1368//5412
f 1577//5414 1619//5415 1475//5413
f 1475//5413 1368//5412 1577//5414
f 1903//5416 1738//5416 1619//5415
f 1619//5415 1577//5414 1903//5416
f 877//5417 976//5418 974//5417
f 974//5417 866//5417 877//5417
f 902//5419 1002//5420 976//5418
f 976//5418 877//5417 902//5419
f 942//5421 1039//5422 1002//5420
f 1002//5420 902//5419 942//5421
f 984//5423 1082//5424 1039//5422
f 1039//5422 942//5421 984//5423
f 1066//5425 1121//5426 1082//5424
f 1082//5424 984//5423 1066//5425
f 1118//5427 1197//5428 1121//5426
f 1121//5426 1066//5425 1118//5427
f 1208//5429 1271//5430 1197//5428
f 1197//5428 1118//5427 1208//5429
f 1305//5431 1368//5432 1271//5430
f 1271//5430 1208//5429 1305//5431
f 1525//5433 1577//5434 1368//5432
f 1368//5432 1305//5431 1525//5433
f 1742//5434 1903//5434 1577//5434
f 1577//5434 1525//5433 1742//5434
f 783//5435 877//5435 866//5435
f 866//5435 774//5435 783//5435
f 815//5436 902//5436 877//5436
f 877//5436 783//5436 815//5436
f 867//5437 942//5437 902//5437
f 902//5437 815//5437 867//5437
f 927//5438 984//5438 942//5438
f 942//5438 867//5438 927//5438
f 997//5439 1066//5439 984//5439
f 984//5439 927//5439 997//5439
f 1085//5440 1118//5440 1066//5440
f 1066//5440 997//5440 1085//5440
f 1180//5441 1208//5441 1118//5441
f 1118//5441 1085//5441 1180//5441
f 1281//5442 1305//5442 1208//5442
f 1208//5442 1180//5442 1281//5442
f 1492//5443 1525//5443 1305//5443
f 1305//5443 1281//5443 1492//5443
f 1703//5444 1742//5444 1525//5444
f 1525//5444 1492//5444 1703//5444
f 717//5445 783//5445 774//5445
f 774//5445 698//5445 717//5445
f 756//5446 815//5446 783//5446
f 783//5446 717//5446 756//5446
f 805//5447 867//5447 815//5447
f 815//5447 756//5447 805//5447
f 887//5448 927//5448 867//5448
f 867//5448 805//5448 887//5448
f 956//5449 997//5449 927//5449
f 927//5449 887//5449 956//5449
f 1058//5450 1085//5450 997//5450
f 997//5450 956//5450 1058//5450
f 1148//5451 1180//5451 1085//5451
f 1085//5451 1058//5451 1148//5451
f 1267//5452 1281//5452 1180//5452
f 1180//5452 1148//5452 1267//5452
f 1467//5453 1492//5453 1281//5453
f 1281//5453 1267//5453 1467//5453
f 1905//5454 1703//5454 1492//5454
f 1492//5454 1467//5454 1905//5454
f 647//5455 717//5455 698//5455
f 698//5455 636//5455 647//5455
f 709//5456 756//5456 717//5456
f 717//5456 647//5456 709//5456
f 771//5457 805//5457 756//5457
f 756//5457 709//5457 771//5457
f 851//5458 887//5458 805//5458
f 805//5458 771//5458 851//5458
f 935//5459 956//5459 887//5459
f 887//5459 851//5459 935//5459
f 1031//5460 1058//5460 956//5460
f 956//5460 935//5460 1031//5460
f 1126//5461 1148//5461 1058//5461
f 1058//5461 1031//5461 1126//5461
f 1251//5462 1267//5462 1148//5462
f 1148//5462 1126//5462 1251//5462
f 1447//5463 1467//5463 1267//5463
f 1267//5463 1251//5463 1447//5463
f 1751//5464 1905//5464 1467//5464
f 1467//5464 1447//5464 1751//5464
f 630//5465 647//5465 636//5465
f 636//5465 612//5465 630//5465
f 671//5466 709//5466 647//5466
f 647//5466 630//5466 671//5466
f 749//5467 771//5467 709//5467
f 709//5467 671//5467 749//5467
f 829//5468 851//5468 771//5468
f 771//5468 749//5468 829//5468
f 921//5469 935//5470 851//5469
f 851//5469 829//5469 921//5469
f 1019//5471 1031//5471 935//5471
f 935//5471 921//5472 1019//5471
f 1114//5473 1126//5473 1031//5473
f 1031//5473 1019//5473 1114//5473
f 1243//5474 1251//5474 1126//5474
f 1126//5474 1114//5474 1243//5474
f 1441//5475 1447//5475 1251//5475
f 1251//5475 1243//5475 1441//5475
f 1896//5476 1751//5476 1447//5476
f 1447//5476 1441//5476 1896//5476
f 623//5477 630//5477 612//5477
f 612//5477 603//5477 623//5477
f 656//5478 671//5478 630//5479
f 630//5479 623//5479 656//5478
f 744//5480 749//5480 671//5480
f 671//5480 656//5480 744//5480
f 824//5481 829//5481 749//5481
f 749//5481 744//5481 824//5481
f 916//5482 921//5482 829//5482
f 829//5482 824//5482 916//5482
f 1018//5483 1019//5483 921//5483
f 921//5483 916//5483 1018//5483
f 1111//5484 1114//5484 1019//5484
f 1019//5484 1018//5484 1111//5484
f 1241//5485 1243//5485 1114//5485
f 1114//5485 1111//5485 1241//5485
f 1435//5486 1441//5486 1243//5487
f 1243//5487 1241//5487 1435//5486
f 1923//5488 1896//5488 1441//5488
f 1441//5488 1435//5488 1923//5488
f 617//5489 623//5489 603//5489
f 603//5489 601//5489 617//5489
f 650//5490 656//5490 623//5490
f 623//5490 617//5490 650//5490
f 734//5491 744//5491 656//5491
f 656//5491 650//5491 734//5491
f 818//5492 824//5492 744//5492
f 744//5492 734//5492 818//5492
f 912//5493 916//5493 824//5493
f 824//5493 818//5493 912//5493
f 1009//5494 1018//5494 916//5494
f 916//5494 912//5494 1009//5494
f 1102//5495 1111//5495 1018//5495
f 1018//5495 1009//5495 1102//5495
f 1235//5496 1241//5496 1111//5496
f 1111//5496 1102//5496 1235//5496
f 1431//5497 1435//5497 1241//5497
f 1241//5497 1235//5497 1431//5497
f 1759//5498 1923//5498 1435//5498
f 1435//5498 1431//5498 1759//5498
f 1735//5499 1736//5500 1963//5501
f 1735//5499 1963//5501 2015//5499
f 1735//5499 2015//5499 2088//5502
f 1735//5499 2088//5502 2166//5503
f 1735//5504 2166//5505 2230//5506
f 1735//5507 2230//5508 2273//5509
f 1735//5510 2273//5511 2304//5512
f 1735//5510 2304//5512 2320//5510
f 1735//5510 2320//5510 2328//5513
f 1735//5510 2328//5513 2335//5514
f 2005//5515 1963//5515 1736//5515
f 1736//5515 1738//5515 2005//5515
f 2149//5516 2015//5517 1963//5518
f 1963//5518 2005//5518 2149//5516
f 2291//5517 2088//5517 2015//5517
f 2015//5517 2149//5516 2291//5517
f 2346//5519 2166//5503 2088//5502
f 2088//5502 2291//5519 2346//5519
f 2398//5520 2230//5506 2166//5505
f 2166//5505 2346//5520 2398//5520
f 2428//5521 2273//5509 2230//5508
f 2230//5508 2398//5521 2428//5521
f 2457//5522 2304//5523 2273//5522
f 2273//5522 2428//5522 2457//5522
f 2494//5524 2320//5524 2304//5523
f 2304//5523 2457//5522 2494//5524
f 2514//5525 2328//5526 2320//5525
f 2320//5525 2494//5525 2514//5525
f 2524//5526 2335//5526 2328//5526
f 2328//5526 2514//5525 2524//5526
f 2047//5527 2005//5528 1738//5527
f 1738//5527 1740//5527 2047//5527
f 2256//5529 2149//5530 2005//5528
f 2005//5528 2047//5527 2256//5529
f 2353//5531 2291//5532 2149//5530
f 2149//5530 2256//5529 2353//5531
f 2427//5532 2346//5533 2291//5532
f 2291//5532 2353//5531 2427//5532
f 2503//5533 2398//5534 2346//5533
f 2346//5533 2427//5532 2503//5533
f 2542//5534 2428//5535 2398//5534
f 2398//5534 2503//5533 2542//5534
f 2583//5536 2457//5537 2428//5535
f 2428//5535 2542//5534 2583//5536
f 2622//5538 2494//5539 2457//5537
f 2457//5537 2583//5536 2622//5538
f 2648//5540 2514//5541 2494//5539
f 2494//5539 2622//5538 2648//5540
f 2650//5542 2524//5542 2514//5541
f 2514//5541 2648//5540 2650//5542
f 2099//5543 2047//5544 1740//5543
f 1740//5543 1743//5543 2099//5543
f 2319//5545 2256//5546 2047//5544
f 2047//5544 2099//5543 2319//5545
f 2414//5547 2353//5548 2256//5546
f 2256//5546 2319//5545 2414//5547
f 2504//5549 2427//5550 2353//5548
f 2353//5548 2414//5547 2504//5549
f 2558//5551 2503//5552 2427//5550
f 2427//5550 2504//5549 2558//5551
f 2640//5553 2542//5554 2503//5552
f 2503//5552 2558//5551 2640//5553
f 2682//5555 2583//5556 2542//5554
f 2542//5554 2640//5553 2682//5555
f 2722//5557 2622//5558 2583//5556
f 2583//5556 2682//5555 2722//5557
f 2745//5559 2648//5560 2622//5558
f 2622//5558 2722//5557 2745//5559
f 2758//5560 2650//5560 2648//5560
f 2648//5560 2745//5559 2758//5560
f 2130//5561 2099//5561 1743//5561
f 1743//5561 1746//5561 2130//5561
f 2343//5562 2319//5562 2099//5562
f 2099//5562 2130//5562 2343//5562
f 2442//5563 2414//5563 2319//5563
f 2319//5563 2343//5563 2442//5563
f 2537//5564 2504//5564 2414//5564
f 2414//5564 2442//5564 2537//5564
f 2625//5565 2558//5565 2504//5565
f 2504//5565 2537//5565 2625//5565
f 2695//5566 2640//5566 2558//5566
f 2558//5566 2625//5566 2695//5566
f 2755//5567 2682//5567 2640//5567
f 2640//5567 2695//5567 2755//5567
f 2807//5568 2722//5568 2682//5568
f 2682//5568 2755//5568 2807//5568
f 2839//5569 2745//5569 2722//5569
f 2722//5569 2807//5569 2839//5569
f 2850//5570 2758//5570 2745//5570
f 2745//5570 2839//5570 2850//5570
f 2157//5571 2130//5571 1746//5571
f 1746//5571 1748//5571 2157//5571
f 2357//5572 2343//5572 2130//5572
f 2130//5572 2157//5572 2357//5572
f 2474//5573 2442//5573 2343//5573
f 2343//5573 2357//5573 2474//5573
f 2566//5574 2537//5574 2442//5574
f 2442//5574 2474//5574 2566//5574
f 2668//5575 2625//5575 2537//5575
f 2537//5575 2566//5575 2668//5575
f 2735//5576 2695//5576 2625//5576
f 2625//5576 2668//5576 2735//5576
f 2817//5577 2755//5577 2695//5577
f 2695//5577 2735//5577 2817//5577
f 2868//5578 2807//5578 2755//5578
f 2755//5578 2817//5578 2868//5578
f 2905//5579 2839//5579 2807//5579
f 2807//5579 2868//5579 2905//5579
f 2926//5580 2850//5580 2839//5580
f 2839//5580 2905//5580 2926//5580
f 2177//5581 2157//5581 1748//5581
f 1748//5581 1750//5581 2177//5581
f 2373//5582 2357//5582 2157//5582
f 2157//5582 2177//5582 2373//5582
f 2496//5583 2474//5583 2357//5583
f 2357//5583 2373//5583 2496//5583
f 2591//5584 2566//5584 2474//5584
f 2474//5584 2496//5584 2591//5584
f 2687//5585 2668//5585 2566//5585
f 2566//5585 2591//5585 2687//5585
f 2771//5586 2735//5586 2668//5586
f 2668//5586 2687//5586 2771//5586
f 2851//5587 2817//5587 2735//5587
f 2735//5587 2771//5587 2851//5587
f 2913//5588 2868//5588 2817//5588
f 2817//5588 2851//5588 2913//5588
f 2975//5589 2905//5589 2868//5589
f 2868//5589 2913//5589 2975//5589
f 2986//5590 2926//5590 2905//5590
f 2905//5590 2975//5590 2986//5590
f 2183//5591 2177//5591 1750//5591
f 1750//5591 1754//5591 2183//5591
f 2381//5592 2373//5592 2177//5592
f 2177//5592 2183//5592 2381//5592
f 2508//5593 2496//5593 2373//5593
f 2373//5593 2381//5593 2508//5593
f 2603//5594 2591//5594 2496//5594
f 2496//5594 2508//5594 2603//5594
f 2701//5595 2687//5595 2591//5595
f 2591//5595 2603//5595 2701//5595
f 2793//5596 2771//5596 2687//5596
f 2687//5596 2701//5596 2793//5596
f 2873//5597 2851//5597 2771//5597
f 2771//5597 2793//5597 2873//5597
f 2951//5598 2913//5598 2851//5598
f 2851//5598 2873//5598 2951//5598
f 2992//5599 2975//5599 2913//5599
f 2913//5599 2951//5599 2992//5599
f 3010//5600 2986//5600 2975//5600
f 2975//5600 2992//5600 3010//5600
f 2189//5601 2183//5601 1754//5601
f 1754//5601 1756//5601 2189//5601
f 2383//5602 2381//5602 2183//5603
f 2183//5603 2189//5603 2383//5602
f 2513//5604 2508//5604 2381//5604
f 2381//5604 2383//5604 2513//5604
f 2606//5605 2603//5605 2508//5605
f 2508//5605 2513//5605 2606//5605
f 2708//5606 2701//5606 2603//5606
f 2603//5606 2606//5606 2708//5606
f 2800//5607 2793//5607 2701//5607
f 2701//5607 2708//5607 2800//5607
f 2880//5608 2873//5608 2793//5608
f 2793//5608 2800//5608 2880//5608
f 2968//5609 2951//5609 2873//5609
f 2873//5609 2880//5609 2968//5609
f 3001//5610 2992//5610 2951//5611
f 2951//5611 2968//5611 3001//5610
f 3021//5612 3010//5612 2992//5612
f 2992//5612 3001//5612 3021//5612
f 2195//5613 2189//5613 1756//5613
f 1756//5613 1759//5613 2195//5613
f 2390//5614 2383//5614 2189//5614
f 2189//5614 2195//5614 2390//5614
f 2517//5615 2513//5615 2383//5615
f 2383//5615 2390//5615 2517//5615
f 2612//5616 2606//5616 2513//5616
f 2513//5616 2517//5616 2612//5616
f 2709//5617 2708//5617 2606//5617
f 2606//5617 2612//5617 2709//5617
f 2801//5618 2800//5618 2708//5618
f 2708//5618 2709//5618 2801//5618
f 2886//5619 2880//5619 2800//5619
f 2800//5619 2801//5619 2886//5619
f 2970//5620 2968//5620 2880//5620
f 2880//5620 2886//5620 2970//5620
f 3004//5621 3001//5621 2968//5621
f 2968//5621 2970//5621 3004//5621
f 3022//5622 3021//5622 3001//5622
f 3001//5622 3004//5622 3022//5622
